2026-08-23T14:25:51.794019Z  INFO rockstream_cli: metrics server started metrics_addr=127.0.0.1:64472
2026-08-23T14:25:51.794320Z  INFO rockstream_cli: node running in daemon mode — blocking until shutdown signal role=worker
2026-08-23T14:25:51.794910Z  INFO rockstream_runtime::client: Worker client registered successfully as WorkerId(1)
2026-08-23T14:25:51.839867Z  INFO rockstream_runtime::client: Received ShardAssigned lease for ShardId(13224250654272404656)
2026-08-23T14:25:51.840315Z  INFO slatedb::db::builder: opening SlateDB database [path=db, settings={"flush_interval":"100ms","manifest_poll_interval":"1s","manifest_update_timeout":"300s","min_filter_keys":1000,"l0_sst_size_bytes":67108864,"max_wal_flushes_before_l0_flush":4096,"l0_max_ssts":8,"l0_max_ssts_per_key":8,"l0_flush_parallelism":4,"max_unflushed_bytes":1073741824,"compactor_options":{"poll_interval":"5s","manifest_update_timeout":"300s","max_sst_size":268435456,"max_concurrent_compactions":4,"max_fetch_tasks":4,"scheduler_options":{}},"compression_codec":null,"object_store_cache_options":{"root_folder":null,"max_cache_size_bytes":17179869184,"part_size_bytes":4194304,"cache_puts":false,"preload_disk_cache_on_startup":null,"scan_interval":"3600s","max_open_file_handles":1000},"garbage_collector_options":{"manifest_options":{"interval":"60s","min_age":"300s"},"wal_options":{"interval":"60s","min_age":"300s"},"compacted_options":{"interval":"60s","min_age":"300s"},"compactions_options":{"interval":"60s","min_age":"300s"},"detach_options":{"interval":"60s"}},"default_ttl":null}]
2026-08-23T14:25:51.842890Z  INFO slatedb::compactor_state_protocols: creating new compactions file [compactor_epoch=0]
2026-08-23T14:25:51.846906Z  INFO slatedb::db::builder: opening SlateDB database [path=db, settings={"flush_interval":"100ms","manifest_poll_interval":"1s","manifest_update_timeout":"300s","min_filter_keys":1000,"l0_sst_size_bytes":67108864,"max_wal_flushes_before_l0_flush":4096,"l0_max_ssts":8,"l0_max_ssts_per_key":8,"l0_flush_parallelism":4,"max_unflushed_bytes":1073741824,"compactor_options":{"poll_interval":"5s","manifest_update_timeout":"300s","max_sst_size":268435456,"max_concurrent_compactions":4,"max_fetch_tasks":4,"scheduler_options":{}},"compression_codec":null,"object_store_cache_options":{"root_folder":null,"max_cache_size_bytes":17179869184,"part_size_bytes":4194304,"cache_puts":false,"preload_disk_cache_on_startup":null,"scan_interval":"3600s","max_open_file_handles":1000},"garbage_collector_options":{"manifest_options":{"interval":"60s","min_age":"300s"},"wal_options":{"interval":"60s","min_age":"300s"},"compacted_options":{"interval":"60s","min_age":"300s"},"compactions_options":{"interval":"60s","min_age":"300s"},"detach_options":{"interval":"60s"}},"default_ttl":null}]
2026-08-23T14:25:51.849644Z  INFO slatedb::compactor_state_protocols: creating new compactions file [compactor_epoch=0]
2026-08-23T14:25:51.855750Z  INFO slatedb::garbage_collector: garbage collector shutdown
2026-08-23T14:25:51.855805Z  INFO slatedb::db: db closed
2026-08-23T14:25:52.037452Z  INFO rockstream_runtime::client: Received FenceAck for ShardId(13224250654272404656): valid=true
2026-08-23T14:25:52.038387Z  INFO rockstream_runtime::client: Received FenceAck for ShardId(13224250654272404656): valid=true
2026-08-23T14:25:52.240964Z  INFO rockstream_runtime::client: Received FenceAck for ShardId(13224250654272404656): valid=true
2026-08-23T14:25:52.241591Z  INFO rockstream_runtime::client: Received FenceAck for ShardId(13224250654272404656): valid=true
2026-08-23T14:25:52.449737Z  INFO rockstream_runtime::client: Received FenceAck for ShardId(13224250654272404656): valid=true
2026-08-23T14:25:52.450635Z  INFO rockstream_runtime::client: Received FenceAck for ShardId(13224250654272404656): valid=true
2026-08-23T14:25:52.656744Z  INFO rockstream_runtime::client: Received FenceAck for ShardId(13224250654272404656): valid=true
2026-08-23T14:25:52.662537Z  INFO rockstream_runtime::client: Received FenceAck for ShardId(13224250654272404656): valid=true
2026-08-23T14:25:52.860950Z  INFO rockstream_runtime::client: Received FenceAck for ShardId(13224250654272404656): valid=true
2026-08-23T14:25:52.862412Z  INFO rockstream_runtime::client: Received FenceAck for ShardId(13224250654272404656): valid=true
2026-08-23T14:25:53.068094Z  INFO rockstream_runtime::client: Received FenceAck for ShardId(13224250654272404656): valid=true
2026-08-23T14:25:53.069537Z  INFO rockstream_runtime::client: Received FenceAck for ShardId(13224250654272404656): valid=true
2026-08-23T14:25:53.272303Z  INFO rockstream_runtime::client: Received FenceAck for ShardId(13224250654272404656): valid=true
2026-08-23T14:25:53.273140Z  INFO rockstream_runtime::client: Received FenceAck for ShardId(13224250654272404656): valid=true
2026-08-23T14:25:53.481821Z  INFO rockstream_runtime::client: Received FenceAck for ShardId(13224250654272404656): valid=true
2026-08-23T14:25:53.483029Z  INFO rockstream_runtime::client: Received FenceAck for ShardId(13224250654272404656): valid=true
2026-08-23T14:25:53.682615Z  INFO rockstream_runtime::client: Received FenceAck for ShardId(13224250654272404656): valid=true
2026-08-23T14:25:53.683247Z  INFO rockstream_runtime::client: Received FenceAck for ShardId(13224250654272404656): valid=true
2026-08-23T14:25:53.889425Z  INFO rockstream_runtime::client: Received FenceAck for ShardId(13224250654272404656): valid=true
2026-08-23T14:25:53.890352Z  INFO rockstream_runtime::client: Received FenceAck for ShardId(13224250654272404656): valid=true
2026-08-23T14:25:54.097029Z  INFO rockstream_runtime::client: Received FenceAck for ShardId(13224250654272404656): valid=true
2026-08-23T14:25:54.098308Z  INFO rockstream_runtime::client: Received FenceAck for ShardId(13224250654272404656): valid=true
2026-08-23T14:25:54.296396Z  INFO rockstream_runtime::client: Received FenceAck for ShardId(13224250654272404656): valid=true
2026-08-23T14:25:54.297418Z  INFO rockstream_runtime::client: Received FenceAck for ShardId(13224250654272404656): valid=true
2026-08-23T14:25:54.504836Z  INFO rockstream_runtime::client: Received FenceAck for ShardId(13224250654272404656): valid=true
2026-08-23T14:25:54.506176Z  INFO rockstream_runtime::client: Received FenceAck for ShardId(13224250654272404656): valid=true
2026-08-23T14:25:54.708569Z  INFO rockstream_runtime::client: Received FenceAck for ShardId(13224250654272404656): valid=true
2026-08-23T14:25:54.709757Z  INFO rockstream_runtime::client: Received FenceAck for ShardId(13224250654272404656): valid=true
2026-08-23T14:25:54.909774Z  INFO rockstream_runtime::client: Received FenceAck for ShardId(13224250654272404656): valid=true
2026-08-23T14:25:54.910573Z  INFO rockstream_runtime::client: Received FenceAck for ShardId(13224250654272404656): valid=true
2026-08-23T14:25:55.128555Z  INFO rockstream_runtime::client: Received FenceAck for ShardId(13224250654272404656): valid=true
2026-08-23T14:25:55.129653Z  INFO rockstream_runtime::client: Received FenceAck for ShardId(13224250654272404656): valid=true
2026-08-23T14:25:55.324347Z  INFO rockstream_runtime::client: Received FenceAck for ShardId(13224250654272404656): valid=true
2026-08-23T14:25:55.325365Z  INFO rockstream_runtime::client: Received FenceAck for ShardId(13224250654272404656): valid=true
2026-08-23T14:25:55.529957Z  INFO rockstream_runtime::client: Received FenceAck for ShardId(13224250654272404656): valid=true
2026-08-23T14:25:55.531163Z  INFO rockstream_runtime::client: Received FenceAck for ShardId(13224250654272404656): valid=true
2026-08-23T14:25:55.735159Z  INFO rockstream_runtime::client: Received FenceAck for ShardId(13224250654272404656): valid=true
2026-08-23T14:25:55.736438Z  INFO rockstream_runtime::client: Received FenceAck for ShardId(13224250654272404656): valid=true
2026-08-23T14:25:55.942287Z  INFO rockstream_runtime::client: Received FenceAck for ShardId(13224250654272404656): valid=true
2026-08-23T14:25:55.942892Z  INFO rockstream_runtime::client: Received FenceAck for ShardId(13224250654272404656): valid=true
2026-08-23T14:25:56.145632Z  INFO rockstream_runtime::client: Received FenceAck for ShardId(13224250654272404656): valid=true
2026-08-23T14:25:56.146316Z  INFO rockstream_runtime::client: Received FenceAck for ShardId(13224250654272404656): valid=true
2026-08-23T14:25:56.347712Z  INFO rockstream_runtime::client: Received FenceAck for ShardId(13224250654272404656): valid=true
2026-08-23T14:25:56.348038Z  INFO rockstream_runtime::client: Received FenceAck for ShardId(13224250654272404656): valid=true
2026-08-23T14:25:56.555180Z  INFO rockstream_runtime::client: Received FenceAck for ShardId(13224250654272404656): valid=true
2026-08-23T14:25:56.555715Z  INFO rockstream_runtime::client: Received FenceAck for ShardId(13224250654272404656): valid=true
2026-08-23T14:25:56.757817Z  INFO rockstream_runtime::client: Received FenceAck for ShardId(13224250654272404656): valid=true
2026-08-23T14:25:56.758384Z  INFO rockstream_runtime::client: Received FenceAck for ShardId(13224250654272404656): valid=true
2026-08-23T14:25:56.968523Z  INFO rockstream_runtime::client: Received FenceAck for ShardId(13224250654272404656): valid=true
2026-08-23T14:25:56.969674Z  INFO rockstream_runtime::client: Received FenceAck for ShardId(13224250654272404656): valid=true
2026-08-23T14:25:57.168493Z  INFO rockstream_runtime::client: Received FenceAck for ShardId(13224250654272404656): valid=true
2026-08-23T14:25:57.169070Z  INFO rockstream_runtime::client: Received FenceAck for ShardId(13224250654272404656): valid=true
2026-08-23T14:25:57.376675Z  INFO rockstream_runtime::client: Received FenceAck for ShardId(13224250654272404656): valid=true
2026-08-23T14:25:57.377986Z  INFO rockstream_runtime::client: Received FenceAck for ShardId(13224250654272404656): valid=true
2026-08-23T14:25:57.578548Z  INFO rockstream_runtime::client: Received FenceAck for ShardId(13224250654272404656): valid=true
2026-08-23T14:25:57.579298Z  INFO rockstream_runtime::client: Received FenceAck for ShardId(13224250654272404656): valid=true
2026-08-23T14:25:57.780311Z  INFO rockstream_runtime::client: Received FenceAck for ShardId(13224250654272404656): valid=true
2026-08-23T14:25:57.781625Z  INFO rockstream_runtime::client: Received FenceAck for ShardId(13224250654272404656): valid=true
2026-08-23T14:25:57.988413Z  INFO rockstream_runtime::client: Received FenceAck for ShardId(13224250654272404656): valid=true
2026-08-23T14:25:57.990327Z  INFO rockstream_runtime::client: Received FenceAck for ShardId(13224250654272404656): valid=true
2026-08-23T14:25:58.190281Z  INFO rockstream_runtime::client: Received FenceAck for ShardId(13224250654272404656): valid=true
2026-08-23T14:25:58.190824Z  INFO rockstream_runtime::client: Received FenceAck for ShardId(13224250654272404656): valid=true
2026-08-23T14:25:58.400639Z  INFO rockstream_runtime::client: Received FenceAck for ShardId(13224250654272404656): valid=true
2026-08-23T14:25:58.401948Z  INFO rockstream_runtime::client: Received FenceAck for ShardId(13224250654272404656): valid=true
2026-08-23T14:25:58.607529Z  INFO rockstream_runtime::client: Received FenceAck for ShardId(13224250654272404656): valid=true
2026-08-23T14:25:58.609292Z  INFO rockstream_runtime::client: Received FenceAck for ShardId(13224250654272404656): valid=true
2026-08-23T14:25:58.812842Z  INFO rockstream_runtime::client: Received FenceAck for ShardId(13224250654272404656): valid=true
2026-08-23T14:25:58.814274Z  INFO rockstream_runtime::client: Received FenceAck for ShardId(13224250654272404656): valid=true
2026-08-23T14:25:59.016654Z  INFO rockstream_runtime::client: Received FenceAck for ShardId(13224250654272404656): valid=true
2026-08-23T14:25:59.018010Z  INFO rockstream_runtime::client: Received FenceAck for ShardId(13224250654272404656): valid=true
2026-08-23T14:25:59.218444Z  INFO rockstream_runtime::client: Received FenceAck for ShardId(13224250654272404656): valid=true
2026-08-23T14:25:59.218807Z  INFO rockstream_runtime::client: Received FenceAck for ShardId(13224250654272404656): valid=true
2026-08-23T14:25:59.428928Z  INFO rockstream_runtime::client: Received FenceAck for ShardId(13224250654272404656): valid=true
2026-08-23T14:25:59.430308Z  INFO rockstream_runtime::client: Received FenceAck for ShardId(13224250654272404656): valid=true
2026-08-23T14:25:59.634805Z  INFO rockstream_runtime::client: Received FenceAck for ShardId(13224250654272404656): valid=true
2026-08-23T14:25:59.636579Z  INFO rockstream_runtime::client: Received FenceAck for ShardId(13224250654272404656): valid=true
2026-08-23T14:25:59.840242Z  INFO rockstream_runtime::client: Received FenceAck for ShardId(13224250654272404656): valid=true
2026-08-23T14:25:59.841565Z  INFO rockstream_runtime::client: Received FenceAck for ShardId(13224250654272404656): valid=true
2026-08-23T14:26:00.046838Z  INFO rockstream_runtime::client: Received FenceAck for ShardId(13224250654272404656): valid=true
2026-08-23T14:26:00.047812Z  INFO rockstream_runtime::client: Received FenceAck for ShardId(13224250654272404656): valid=true
2026-08-23T14:26:00.250356Z  INFO rockstream_runtime::client: Received FenceAck for ShardId(13224250654272404656): valid=true
2026-08-23T14:26:00.250854Z  INFO rockstream_runtime::client: Received FenceAck for ShardId(13224250654272404656): valid=true
2026-08-23T14:26:00.461416Z  INFO rockstream_runtime::client: Received FenceAck for ShardId(13224250654272404656): valid=true
2026-08-23T14:26:00.462720Z  INFO rockstream_runtime::client: Received FenceAck for ShardId(13224250654272404656): valid=true
2026-08-23T14:26:00.676123Z  INFO rockstream_runtime::client: Received FenceAck for ShardId(13224250654272404656): valid=true
2026-08-23T14:26:00.677109Z  INFO rockstream_runtime::client: Received FenceAck for ShardId(13224250654272404656): valid=true
2026-08-23T14:26:00.965913Z  INFO rockstream_runtime::client: Received FenceAck for ShardId(13224250654272404656): valid=true
2026-08-23T14:26:00.966522Z  INFO rockstream_runtime::client: Received FenceAck for ShardId(13224250654272404656): valid=true
2026-08-23T14:26:01.171125Z  INFO rockstream_runtime::client: Received FenceAck for ShardId(13224250654272404656): valid=true
2026-08-23T14:26:01.171854Z  INFO rockstream_runtime::client: Received FenceAck for ShardId(13224250654272404656): valid=true
2026-08-23T14:26:01.380764Z  INFO rockstream_runtime::client: Received FenceAck for ShardId(13224250654272404656): valid=true
2026-08-23T14:26:01.382755Z  INFO rockstream_runtime::client: Received FenceAck for ShardId(13224250654272404656): valid=true
2026-08-23T14:26:01.592375Z  INFO rockstream_runtime::client: Received FenceAck for ShardId(13224250654272404656): valid=true
2026-08-23T14:26:01.593909Z  INFO rockstream_runtime::client: Received FenceAck for ShardId(13224250654272404656): valid=true
2026-08-23T14:26:01.787652Z  INFO rockstream_runtime::client: Received FenceAck for ShardId(13224250654272404656): valid=true
2026-08-23T14:26:01.788258Z  INFO rockstream_runtime::client: Received FenceAck for ShardId(13224250654272404656): valid=true
2026-08-23T14:26:01.997257Z  INFO rockstream_runtime::client: Received FenceAck for ShardId(13224250654272404656): valid=true
2026-08-23T14:26:01.998420Z  INFO rockstream_runtime::client: Received FenceAck for ShardId(13224250654272404656): valid=true
2026-08-23T14:26:02.197286Z  INFO rockstream_runtime::client: Received FenceAck for ShardId(13224250654272404656): valid=true
2026-08-23T14:26:02.197736Z  INFO rockstream_runtime::client: Received FenceAck for ShardId(13224250654272404656): valid=true
2026-08-23T14:26:02.409769Z  INFO rockstream_runtime::client: Received FenceAck for ShardId(13224250654272404656): valid=true
2026-08-23T14:26:02.411274Z  INFO rockstream_runtime::client: Received FenceAck for ShardId(13224250654272404656): valid=true
2026-08-23T14:26:02.614747Z  INFO rockstream_runtime::client: Received FenceAck for ShardId(13224250654272404656): valid=true
2026-08-23T14:26:02.616212Z  INFO rockstream_runtime::client: Received FenceAck for ShardId(13224250654272404656): valid=true
2026-08-23T14:26:02.815090Z  INFO rockstream_runtime::client: Received FenceAck for ShardId(13224250654272404656): valid=true
2026-08-23T14:26:02.816719Z  INFO rockstream_runtime::client: Received FenceAck for ShardId(13224250654272404656): valid=true
2026-08-23T14:26:03.021029Z  INFO rockstream_runtime::client: Received FenceAck for ShardId(13224250654272404656): valid=true
2026-08-23T14:26:03.022293Z  INFO rockstream_runtime::client: Received FenceAck for ShardId(13224250654272404656): valid=true
2026-08-23T14:26:03.218963Z  INFO rockstream_runtime::client: Received FenceAck for ShardId(13224250654272404656): valid=true
2026-08-23T14:26:03.219337Z  INFO rockstream_runtime::client: Received FenceAck for ShardId(13224250654272404656): valid=true
2026-08-23T14:26:03.431896Z  INFO rockstream_runtime::client: Received FenceAck for ShardId(13224250654272404656): valid=true
2026-08-23T14:26:03.433617Z  INFO rockstream_runtime::client: Received FenceAck for ShardId(13224250654272404656): valid=true
2026-08-23T14:26:03.635723Z  INFO rockstream_runtime::client: Received FenceAck for ShardId(13224250654272404656): valid=true
2026-08-23T14:26:03.637387Z  INFO rockstream_runtime::client: Received FenceAck for ShardId(13224250654272404656): valid=true
2026-08-23T14:26:03.838492Z  INFO rockstream_runtime::client: Received FenceAck for ShardId(13224250654272404656): valid=true
2026-08-23T14:26:03.839736Z  INFO rockstream_runtime::client: Received FenceAck for ShardId(13224250654272404656): valid=true
2026-08-23T14:26:04.043911Z  INFO rockstream_runtime::client: Received FenceAck for ShardId(13224250654272404656): valid=true
2026-08-23T14:26:04.045206Z  INFO rockstream_runtime::client: Received FenceAck for ShardId(13224250654272404656): valid=true
2026-08-23T14:26:04.246796Z  INFO rockstream_runtime::client: Received FenceAck for ShardId(13224250654272404656): valid=true
2026-08-23T14:26:04.247238Z  INFO rockstream_runtime::client: Received FenceAck for ShardId(13224250654272404656): valid=true
2026-08-23T14:26:04.461476Z  INFO rockstream_runtime::client: Received FenceAck for ShardId(13224250654272404656): valid=true
2026-08-23T14:26:04.464740Z  INFO rockstream_runtime::client: Received FenceAck for ShardId(13224250654272404656): valid=true
2026-08-23T14:26:04.664624Z  INFO rockstream_runtime::client: Received FenceAck for ShardId(13224250654272404656): valid=true
2026-08-23T14:26:04.666949Z  INFO rockstream_runtime::client: Received FenceAck for ShardId(13224250654272404656): valid=true
2026-08-23T14:26:04.864270Z  INFO rockstream_runtime::client: Received FenceAck for ShardId(13224250654272404656): valid=true
2026-08-23T14:26:04.865400Z  INFO rockstream_runtime::client: Received FenceAck for ShardId(13224250654272404656): valid=true
2026-08-23T14:26:05.073522Z  INFO rockstream_runtime::client: Received FenceAck for ShardId(13224250654272404656): valid=true
2026-08-23T14:26:05.074927Z  INFO rockstream_runtime::client: Received FenceAck for ShardId(13224250654272404656): valid=true
2026-08-23T14:26:05.272021Z  INFO rockstream_runtime::client: Received FenceAck for ShardId(13224250654272404656): valid=true
2026-08-23T14:26:05.272467Z  INFO rockstream_runtime::client: Received FenceAck for ShardId(13224250654272404656): valid=true
2026-08-23T14:26:05.482539Z  INFO rockstream_runtime::client: Received FenceAck for ShardId(13224250654272404656): valid=true
2026-08-23T14:26:05.483556Z  INFO rockstream_runtime::client: Received FenceAck for ShardId(13224250654272404656): valid=true
2026-08-23T14:26:05.688168Z  INFO rockstream_runtime::client: Received FenceAck for ShardId(13224250654272404656): valid=true
2026-08-23T14:26:05.689085Z  INFO rockstream_runtime::client: Received FenceAck for ShardId(13224250654272404656): valid=true
2026-08-23T14:26:05.894226Z  INFO rockstream_runtime::client: Received FenceAck for ShardId(13224250654272404656): valid=true
2026-08-23T14:26:05.895392Z  INFO rockstream_runtime::client: Received FenceAck for ShardId(13224250654272404656): valid=true
2026-08-23T14:26:06.100642Z  INFO rockstream_runtime::client: Received FenceAck for ShardId(13224250654272404656): valid=true
2026-08-23T14:26:06.102810Z  INFO rockstream_runtime::client: Received FenceAck for ShardId(13224250654272404656): valid=true
2026-08-23T14:26:06.300725Z  INFO rockstream_runtime::client: Received FenceAck for ShardId(13224250654272404656): valid=true
2026-08-23T14:26:06.301256Z  INFO rockstream_runtime::client: Received FenceAck for ShardId(13224250654272404656): valid=true
2026-08-23T14:26:06.508947Z  INFO rockstream_runtime::client: Received FenceAck for ShardId(13224250654272404656): valid=true
2026-08-23T14:26:06.510503Z  INFO rockstream_runtime::client: Received FenceAck for ShardId(13224250654272404656): valid=true
2026-08-23T14:26:06.709712Z  INFO rockstream_runtime::client: Received FenceAck for ShardId(13224250654272404656): valid=true
2026-08-23T14:26:06.710142Z  INFO rockstream_runtime::client: Received FenceAck for ShardId(13224250654272404656): valid=true
2026-08-23T14:26:06.925246Z  INFO rockstream_runtime::client: Received FenceAck for ShardId(13224250654272404656): valid=true
2026-08-23T14:26:06.930481Z  INFO rockstream_runtime::client: Received FenceAck for ShardId(13224250654272404656): valid=true
2026-08-23T14:26:07.223615Z  INFO rockstream_runtime::client: Received FenceAck for ShardId(13224250654272404656): valid=true
2026-08-23T14:26:07.224005Z  INFO rockstream_runtime::client: Received FenceAck for ShardId(13224250654272404656): valid=true
2026-08-23T14:26:07.429009Z  INFO rockstream_runtime::client: Received FenceAck for ShardId(13224250654272404656): valid=true
2026-08-23T14:26:07.429628Z  INFO rockstream_runtime::client: Received FenceAck for ShardId(13224250654272404656): valid=true
2026-08-23T14:26:07.639867Z  INFO rockstream_runtime::client: Received FenceAck for ShardId(13224250654272404656): valid=true
2026-08-23T14:26:07.641897Z  INFO rockstream_runtime::client: Received FenceAck for ShardId(13224250654272404656): valid=true
2026-08-23T14:26:07.845072Z  INFO rockstream_runtime::client: Received FenceAck for ShardId(13224250654272404656): valid=true
2026-08-23T14:26:07.846626Z  INFO rockstream_runtime::client: Received FenceAck for ShardId(13224250654272404656): valid=true
2026-08-23T14:26:08.051832Z  INFO rockstream_runtime::client: Received FenceAck for ShardId(13224250654272404656): valid=true
2026-08-23T14:26:08.053100Z  INFO rockstream_runtime::client: Received FenceAck for ShardId(13224250654272404656): valid=true
2026-08-23T14:26:08.361543Z  INFO rockstream_runtime::client: Received FenceAck for ShardId(13224250654272404656): valid=true
2026-08-23T14:26:08.362501Z  INFO rockstream_runtime::client: Received FenceAck for ShardId(13224250654272404656): valid=true
2026-08-23T14:26:08.667045Z  INFO rockstream_runtime::client: Received FenceAck for ShardId(13224250654272404656): valid=true
2026-08-23T14:26:08.668269Z  INFO rockstream_runtime::client: Received FenceAck for ShardId(13224250654272404656): valid=true
2026-08-23T14:26:08.976309Z  INFO rockstream_runtime::client: Received FenceAck for ShardId(13224250654272404656): valid=true
2026-08-23T14:26:08.977800Z  INFO rockstream_runtime::client: Received FenceAck for ShardId(13224250654272404656): valid=true
2026-08-23T14:26:09.277456Z  INFO rockstream_runtime::client: Received FenceAck for ShardId(13224250654272404656): valid=true
2026-08-23T14:26:09.277890Z  INFO rockstream_runtime::client: Received FenceAck for ShardId(13224250654272404656): valid=true
2026-08-23T14:26:09.490328Z  INFO rockstream_runtime::client: Received FenceAck for ShardId(13224250654272404656): valid=true
2026-08-23T14:26:09.492047Z  INFO rockstream_runtime::client: Received FenceAck for ShardId(13224250654272404656): valid=true
2026-08-23T14:26:09.796566Z  INFO rockstream_runtime::client: Received FenceAck for ShardId(13224250654272404656): valid=true
2026-08-23T14:26:09.797716Z  INFO rockstream_runtime::client: Received FenceAck for ShardId(13224250654272404656): valid=true
2026-08-23T14:26:10.106422Z  INFO rockstream_runtime::client: Received FenceAck for ShardId(13224250654272404656): valid=true
2026-08-23T14:26:10.107721Z  INFO rockstream_runtime::client: Received FenceAck for ShardId(13224250654272404656): valid=true
2026-08-23T14:26:10.414058Z  INFO rockstream_runtime::client: Received FenceAck for ShardId(13224250654272404656): valid=true
2026-08-23T14:26:10.415465Z  INFO rockstream_runtime::client: Received FenceAck for ShardId(13224250654272404656): valid=true
2026-08-23T14:26:10.723977Z  INFO rockstream_runtime::client: Received FenceAck for ShardId(13224250654272404656): valid=true
2026-08-23T14:26:10.725636Z  INFO rockstream_runtime::client: Received FenceAck for ShardId(13224250654272404656): valid=true
2026-08-23T14:26:11.026689Z  INFO rockstream_runtime::client: Received FenceAck for ShardId(13224250654272404656): valid=true
2026-08-23T14:26:11.027857Z  INFO rockstream_runtime::client: Received FenceAck for ShardId(13224250654272404656): valid=true
2026-08-23T14:26:11.331531Z  INFO rockstream_runtime::client: Received FenceAck for ShardId(13224250654272404656): valid=true
2026-08-23T14:26:11.331999Z  INFO rockstream_runtime::client: Received FenceAck for ShardId(13224250654272404656): valid=true
2026-08-23T14:26:11.639506Z  INFO rockstream_runtime::client: Received FenceAck for ShardId(13224250654272404656): valid=true
2026-08-23T14:26:11.640188Z  INFO rockstream_runtime::client: Received FenceAck for ShardId(13224250654272404656): valid=true
2026-08-23T14:26:11.950611Z  INFO rockstream_runtime::client: Received FenceAck for ShardId(13224250654272404656): valid=true
2026-08-23T14:26:11.951997Z  INFO rockstream_runtime::client: Received FenceAck for ShardId(13224250654272404656): valid=true
2026-08-23T14:26:12.252987Z  INFO rockstream_runtime::client: Received FenceAck for ShardId(13224250654272404656): valid=true
2026-08-23T14:26:12.253388Z  INFO rockstream_runtime::client: Received FenceAck for ShardId(13224250654272404656): valid=true
2026-08-23T14:26:12.566722Z  INFO rockstream_runtime::client: Received FenceAck for ShardId(13224250654272404656): valid=true
2026-08-23T14:26:12.568152Z  INFO rockstream_runtime::client: Received FenceAck for ShardId(13224250654272404656): valid=true
2026-08-23T14:26:12.881585Z  INFO rockstream_runtime::client: Received FenceAck for ShardId(13224250654272404656): valid=true
2026-08-23T14:26:12.882918Z  INFO rockstream_runtime::client: Received FenceAck for ShardId(13224250654272404656): valid=true
2026-08-23T14:26:13.185135Z  INFO rockstream_runtime::client: Received FenceAck for ShardId(13224250654272404656): valid=true
2026-08-23T14:26:13.186328Z  INFO rockstream_runtime::client: Received FenceAck for ShardId(13224250654272404656): valid=true
2026-08-23T14:26:13.493880Z  INFO rockstream_runtime::client: Received FenceAck for ShardId(13224250654272404656): valid=true
2026-08-23T14:26:13.495328Z  INFO rockstream_runtime::client: Received FenceAck for ShardId(13224250654272404656): valid=true
2026-08-23T14:26:13.800159Z  INFO rockstream_runtime::client: Received FenceAck for ShardId(13224250654272404656): valid=true
2026-08-23T14:26:13.801681Z  INFO rockstream_runtime::client: Received FenceAck for ShardId(13224250654272404656): valid=true
2026-08-23T14:26:14.105768Z  INFO rockstream_runtime::client: Received FenceAck for ShardId(13224250654272404656): valid=true
2026-08-23T14:26:14.106920Z  INFO rockstream_runtime::client: Received FenceAck for ShardId(13224250654272404656): valid=true
2026-08-23T14:26:14.416538Z  INFO rockstream_runtime::client: Received FenceAck for ShardId(13224250654272404656): valid=true
2026-08-23T14:26:14.417484Z  INFO rockstream_runtime::client: Received FenceAck for ShardId(13224250654272404656): valid=true
2026-08-23T14:26:14.726884Z  INFO rockstream_runtime::client: Received FenceAck for ShardId(13224250654272404656): valid=true
2026-08-23T14:26:14.729610Z  INFO rockstream_runtime::client: Received FenceAck for ShardId(13224250654272404656): valid=true
2026-08-23T14:26:15.034584Z  INFO rockstream_runtime::client: Received FenceAck for ShardId(13224250654272404656): valid=true
2026-08-23T14:26:15.036215Z  INFO rockstream_runtime::client: Received FenceAck for ShardId(13224250654272404656): valid=true
2026-08-23T14:26:15.334942Z  INFO rockstream_runtime::client: Received FenceAck for ShardId(13224250654272404656): valid=true
2026-08-23T14:26:15.335352Z  INFO rockstream_runtime::client: Received FenceAck for ShardId(13224250654272404656): valid=true
2026-08-23T14:26:15.647908Z  INFO rockstream_runtime::client: Received FenceAck for ShardId(13224250654272404656): valid=true
2026-08-23T14:26:15.649145Z  INFO rockstream_runtime::client: Received FenceAck for ShardId(13224250654272404656): valid=true
2026-08-23T14:26:15.955419Z  INFO rockstream_runtime::client: Received FenceAck for ShardId(13224250654272404656): valid=true
2026-08-23T14:26:15.958161Z  INFO rockstream_runtime::client: Received FenceAck for ShardId(13224250654272404656): valid=true
2026-08-23T14:26:16.256419Z  INFO rockstream_runtime::client: Received FenceAck for ShardId(13224250654272404656): valid=true
2026-08-23T14:26:16.256802Z  INFO rockstream_runtime::client: Received FenceAck for ShardId(13224250654272404656): valid=true
2026-08-23T14:26:16.568176Z  INFO rockstream_runtime::client: Received FenceAck for ShardId(13224250654272404656): valid=true
2026-08-23T14:26:16.569452Z  INFO rockstream_runtime::client: Received FenceAck for ShardId(13224250654272404656): valid=true
2026-08-23T14:26:16.877600Z  INFO rockstream_runtime::client: Received FenceAck for ShardId(13224250654272404656): valid=true
2026-08-23T14:26:16.879027Z  INFO rockstream_runtime::client: Received FenceAck for ShardId(13224250654272404656): valid=true
2026-08-23T14:26:17.185543Z  INFO rockstream_runtime::client: Received FenceAck for ShardId(13224250654272404656): valid=true
2026-08-23T14:26:17.186722Z  INFO rockstream_runtime::client: Received FenceAck for ShardId(13224250654272404656): valid=true
2026-08-23T14:26:17.489429Z  INFO rockstream_runtime::client: Received FenceAck for ShardId(13224250654272404656): valid=true
2026-08-23T14:26:17.489842Z  INFO rockstream_runtime::client: Received FenceAck for ShardId(13224250654272404656): valid=true
2026-08-23T14:26:17.798315Z  INFO rockstream_runtime::client: Received FenceAck for ShardId(13224250654272404656): valid=true
2026-08-23T14:26:17.798815Z  INFO rockstream_runtime::client: Received FenceAck for ShardId(13224250654272404656): valid=true
2026-08-23T14:26:18.106671Z  INFO rockstream_runtime::client: Received FenceAck for ShardId(13224250654272404656): valid=true
2026-08-23T14:26:18.107939Z  INFO rockstream_runtime::client: Received FenceAck for ShardId(13224250654272404656): valid=true
2026-08-23T14:26:18.415224Z  INFO rockstream_runtime::client: Received FenceAck for ShardId(13224250654272404656): valid=true
2026-08-23T14:26:18.416464Z  INFO rockstream_runtime::client: Received FenceAck for ShardId(13224250654272404656): valid=true
2026-08-23T14:26:18.728630Z  INFO rockstream_runtime::client: Received FenceAck for ShardId(13224250654272404656): valid=true
2026-08-23T14:26:18.730158Z  INFO rockstream_runtime::client: Received FenceAck for ShardId(13224250654272404656): valid=true
2026-08-23T14:26:19.034414Z  INFO rockstream_runtime::client: Received FenceAck for ShardId(13224250654272404656): valid=true
2026-08-23T14:26:19.036920Z  INFO rockstream_runtime::client: Received FenceAck for ShardId(13224250654272404656): valid=true
2026-08-23T14:26:19.236367Z  INFO rockstream_runtime::client: Received FenceAck for ShardId(13224250654272404656): valid=true
2026-08-23T14:26:19.236873Z  INFO rockstream_runtime::client: Received FenceAck for ShardId(13224250654272404656): valid=true
2026-08-23T14:26:19.451840Z  INFO rockstream_runtime::client: Received FenceAck for ShardId(13224250654272404656): valid=true
2026-08-23T14:26:19.452379Z  INFO rockstream_runtime::client: Received FenceAck for ShardId(13224250654272404656): valid=true
2026-08-23T14:26:19.655726Z  INFO rockstream_runtime::client: Received FenceAck for ShardId(13224250654272404656): valid=true
2026-08-23T14:26:19.656385Z  INFO rockstream_runtime::client: Received FenceAck for ShardId(13224250654272404656): valid=true
2026-08-23T14:26:19.861102Z  INFO rockstream_runtime::client: Received FenceAck for ShardId(13224250654272404656): valid=true
2026-08-23T14:26:19.861558Z  INFO rockstream_runtime::client: Received FenceAck for ShardId(13224250654272404656): valid=true
2026-08-23T14:26:20.070802Z  INFO rockstream_runtime::client: Received FenceAck for ShardId(13224250654272404656): valid=true
2026-08-23T14:26:20.071727Z  INFO rockstream_runtime::client: Received FenceAck for ShardId(13224250654272404656): valid=true
2026-08-23T14:26:20.273840Z  INFO rockstream_runtime::client: Received FenceAck for ShardId(13224250654272404656): valid=true
2026-08-23T14:26:20.274291Z  INFO rockstream_runtime::client: Received FenceAck for ShardId(13224250654272404656): valid=true
2026-08-23T14:26:20.481819Z  INFO rockstream_runtime::client: Received FenceAck for ShardId(13224250654272404656): valid=true
2026-08-23T14:26:20.482715Z  INFO rockstream_runtime::client: Received FenceAck for ShardId(13224250654272404656): valid=true
2026-08-23T14:26:20.688869Z  INFO rockstream_runtime::client: Received FenceAck for ShardId(13224250654272404656): valid=true
2026-08-23T14:26:20.689498Z  INFO rockstream_runtime::client: Received FenceAck for ShardId(13224250654272404656): valid=true
2026-08-23T14:26:20.893479Z  INFO rockstream_runtime::client: Received FenceAck for ShardId(13224250654272404656): valid=true
2026-08-23T14:26:20.894300Z  INFO rockstream_runtime::client: Received FenceAck for ShardId(13224250654272404656): valid=true
2026-08-23T14:26:21.097571Z  INFO rockstream_runtime::client: Received FenceAck for ShardId(13224250654272404656): valid=true
2026-08-23T14:26:21.098439Z  INFO rockstream_runtime::client: Received FenceAck for ShardId(13224250654272404656): valid=true
2026-08-23T14:26:21.300129Z  INFO rockstream_runtime::client: Received FenceAck for ShardId(13224250654272404656): valid=true
2026-08-23T14:26:21.300564Z  INFO rockstream_runtime::client: Received FenceAck for ShardId(13224250654272404656): valid=true
2026-08-23T14:26:21.506578Z  INFO rockstream_runtime::client: Received FenceAck for ShardId(13224250654272404656): valid=true
2026-08-23T14:26:21.507374Z  INFO rockstream_runtime::client: Received FenceAck for ShardId(13224250654272404656): valid=true
2026-08-23T14:26:21.709013Z  INFO rockstream_runtime::client: Received FenceAck for ShardId(13224250654272404656): valid=true
2026-08-23T14:26:21.709485Z  INFO rockstream_runtime::client: Received FenceAck for ShardId(13224250654272404656): valid=true
2026-08-23T14:26:21.921433Z  INFO rockstream_runtime::client: Received FenceAck for ShardId(13224250654272404656): valid=true
2026-08-23T14:26:21.922120Z  INFO rockstream_runtime::client: Received FenceAck for ShardId(13224250654272404656): valid=true
2026-08-23T14:26:22.126156Z  INFO rockstream_runtime::client: Received FenceAck for ShardId(13224250654272404656): valid=true
2026-08-23T14:26:22.126941Z  INFO rockstream_runtime::client: Received FenceAck for ShardId(13224250654272404656): valid=true
2026-08-23T14:26:22.328927Z  INFO rockstream_runtime::client: Received FenceAck for ShardId(13224250654272404656): valid=true
2026-08-23T14:26:22.329585Z  INFO rockstream_runtime::client: Received FenceAck for ShardId(13224250654272404656): valid=true
2026-08-23T14:26:22.538317Z  INFO rockstream_runtime::client: Received FenceAck for ShardId(13224250654272404656): valid=true
2026-08-23T14:26:22.539677Z  INFO rockstream_runtime::client: Received FenceAck for ShardId(13224250654272404656): valid=true
2026-08-23T14:26:22.740733Z  INFO rockstream_runtime::client: Received FenceAck for ShardId(13224250654272404656): valid=true
2026-08-23T14:26:22.741762Z  INFO rockstream_runtime::client: Received FenceAck for ShardId(13224250654272404656): valid=true
2026-08-23T14:26:22.945204Z  INFO rockstream_runtime::client: Received FenceAck for ShardId(13224250654272404656): valid=true
2026-08-23T14:26:22.947886Z  INFO rockstream_runtime::client: Received FenceAck for ShardId(13224250654272404656): valid=true
2026-08-23T14:26:23.149119Z  INFO rockstream_runtime::client: Received FenceAck for ShardId(13224250654272404656): valid=true
2026-08-23T14:26:23.149551Z  INFO rockstream_runtime::client: Received FenceAck for ShardId(13224250654272404656): valid=true
2026-08-23T14:26:23.352640Z  INFO rockstream_runtime::client: Received FenceAck for ShardId(13224250654272404656): valid=true
2026-08-23T14:26:23.353288Z  INFO rockstream_runtime::client: Received FenceAck for ShardId(13224250654272404656): valid=true
2026-08-23T14:26:23.557435Z  INFO rockstream_runtime::client: Received FenceAck for ShardId(13224250654272404656): valid=true
2026-08-23T14:26:23.558590Z  INFO rockstream_runtime::client: Received FenceAck for ShardId(13224250654272404656): valid=true
2026-08-23T14:26:23.771318Z  INFO rockstream_runtime::client: Received FenceAck for ShardId(13224250654272404656): valid=true
2026-08-23T14:26:23.771990Z  INFO rockstream_runtime::client: Received FenceAck for ShardId(13224250654272404656): valid=true
2026-08-23T14:26:23.968532Z  INFO rockstream_runtime::client: Received FenceAck for ShardId(13224250654272404656): valid=true
2026-08-23T14:26:23.969391Z  INFO rockstream_runtime::client: Received FenceAck for ShardId(13224250654272404656): valid=true
2026-08-23T14:26:24.172626Z  INFO rockstream_runtime::client: Received FenceAck for ShardId(13224250654272404656): valid=true
2026-08-23T14:26:24.173078Z  INFO rockstream_runtime::client: Received FenceAck for ShardId(13224250654272404656): valid=true
2026-08-23T14:26:24.376776Z  INFO rockstream_runtime::client: Received FenceAck for ShardId(13224250654272404656): valid=true
2026-08-23T14:26:24.377478Z  INFO rockstream_runtime::client: Received FenceAck for ShardId(13224250654272404656): valid=true
2026-08-23T14:26:24.583702Z  INFO rockstream_runtime::client: Received FenceAck for ShardId(13224250654272404656): valid=true
2026-08-23T14:26:24.584516Z  INFO rockstream_runtime::client: Received FenceAck for ShardId(13224250654272404656): valid=true
2026-08-23T14:26:24.790056Z  INFO rockstream_runtime::client: Received FenceAck for ShardId(13224250654272404656): valid=true
2026-08-23T14:26:24.790956Z  INFO rockstream_runtime::client: Received FenceAck for ShardId(13224250654272404656): valid=true
2026-08-23T14:26:24.991058Z  INFO rockstream_runtime::client: Received FenceAck for ShardId(13224250654272404656): valid=true
2026-08-23T14:26:24.991769Z  INFO rockstream_runtime::client: Received FenceAck for ShardId(13224250654272404656): valid=true
2026-08-23T14:26:25.193230Z  INFO rockstream_runtime::client: Received FenceAck for ShardId(13224250654272404656): valid=true
2026-08-23T14:26:25.193643Z  INFO rockstream_runtime::client: Received FenceAck for ShardId(13224250654272404656): valid=true
2026-08-23T14:26:25.399429Z  INFO rockstream_runtime::client: Received FenceAck for ShardId(13224250654272404656): valid=true
2026-08-23T14:26:25.400181Z  INFO rockstream_runtime::client: Received FenceAck for ShardId(13224250654272404656): valid=true
2026-08-23T14:26:25.603752Z  INFO rockstream_runtime::client: Received FenceAck for ShardId(13224250654272404656): valid=true
2026-08-23T14:26:25.604384Z  INFO rockstream_runtime::client: Received FenceAck for ShardId(13224250654272404656): valid=true
2026-08-23T14:26:25.811185Z  INFO rockstream_runtime::client: Received FenceAck for ShardId(13224250654272404656): valid=true
2026-08-23T14:26:25.812427Z  INFO rockstream_runtime::client: Received FenceAck for ShardId(13224250654272404656): valid=true
2026-08-23T14:26:26.014267Z  INFO rockstream_runtime::client: Received FenceAck for ShardId(13224250654272404656): valid=true
2026-08-23T14:26:26.015034Z  INFO rockstream_runtime::client: Received FenceAck for ShardId(13224250654272404656): valid=true
2026-08-23T14:26:26.216816Z  INFO rockstream_runtime::client: Received FenceAck for ShardId(13224250654272404656): valid=true
2026-08-23T14:26:26.217272Z  INFO rockstream_runtime::client: Received FenceAck for ShardId(13224250654272404656): valid=true
2026-08-23T14:26:26.422602Z  INFO rockstream_runtime::client: Received FenceAck for ShardId(13224250654272404656): valid=true
2026-08-23T14:26:26.423268Z  INFO rockstream_runtime::client: Received FenceAck for ShardId(13224250654272404656): valid=true
2026-08-23T14:26:26.626423Z  INFO rockstream_runtime::client: Received FenceAck for ShardId(13224250654272404656): valid=true
2026-08-23T14:26:26.627291Z  INFO rockstream_runtime::client: Received FenceAck for ShardId(13224250654272404656): valid=true
2026-08-23T14:26:26.831301Z  INFO rockstream_runtime::client: Received FenceAck for ShardId(13224250654272404656): valid=true
2026-08-23T14:26:26.832122Z  INFO rockstream_runtime::client: Received FenceAck for ShardId(13224250654272404656): valid=true
2026-08-23T14:26:27.032766Z  INFO rockstream_runtime::client: Received FenceAck for ShardId(13224250654272404656): valid=true
2026-08-23T14:26:27.033323Z  INFO rockstream_runtime::client: Received FenceAck for ShardId(13224250654272404656): valid=true
2026-08-23T14:26:27.236661Z  INFO rockstream_runtime::client: Received FenceAck for ShardId(13224250654272404656): valid=true
2026-08-23T14:26:27.237169Z  INFO rockstream_runtime::client: Received FenceAck for ShardId(13224250654272404656): valid=true
2026-08-23T14:26:27.442237Z  INFO rockstream_runtime::client: Received FenceAck for ShardId(13224250654272404656): valid=true
2026-08-23T14:26:27.442698Z  INFO rockstream_runtime::client: Received FenceAck for ShardId(13224250654272404656): valid=true
2026-08-23T14:26:27.647543Z  INFO rockstream_runtime::client: Received FenceAck for ShardId(13224250654272404656): valid=true
2026-08-23T14:26:27.648317Z  INFO rockstream_runtime::client: Received FenceAck for ShardId(13224250654272404656): valid=true
2026-08-23T14:26:27.854363Z  INFO rockstream_runtime::client: Received FenceAck for ShardId(13224250654272404656): valid=true
2026-08-23T14:26:27.855191Z  INFO rockstream_runtime::client: Received FenceAck for ShardId(13224250654272404656): valid=true
2026-08-23T14:26:28.058706Z  INFO rockstream_runtime::client: Received FenceAck for ShardId(13224250654272404656): valid=true
2026-08-23T14:26:28.059879Z  INFO rockstream_runtime::client: Received FenceAck for ShardId(13224250654272404656): valid=true
2026-08-23T14:26:28.262282Z  INFO rockstream_runtime::client: Received FenceAck for ShardId(13224250654272404656): valid=true
2026-08-23T14:26:28.262763Z  INFO rockstream_runtime::client: Received FenceAck for ShardId(13224250654272404656): valid=true
2026-08-23T14:26:28.469640Z  INFO rockstream_runtime::client: Received FenceAck for ShardId(13224250654272404656): valid=true
2026-08-23T14:26:28.471103Z  INFO rockstream_runtime::client: Received FenceAck for ShardId(13224250654272404656): valid=true
2026-08-23T14:26:28.674733Z  INFO rockstream_runtime::client: Received FenceAck for ShardId(13224250654272404656): valid=true
2026-08-23T14:26:28.675499Z  INFO rockstream_runtime::client: Received FenceAck for ShardId(13224250654272404656): valid=true
2026-08-23T14:26:28.878844Z  INFO rockstream_runtime::client: Received FenceAck for ShardId(13224250654272404656): valid=true
2026-08-23T14:26:28.879575Z  INFO rockstream_runtime::client: Received FenceAck for ShardId(13224250654272404656): valid=true
2026-08-23T14:26:29.088108Z  INFO rockstream_runtime::client: Received FenceAck for ShardId(13224250654272404656): valid=true
2026-08-23T14:26:29.088834Z  INFO rockstream_runtime::client: Received FenceAck for ShardId(13224250654272404656): valid=true
2026-08-23T14:26:29.290298Z  INFO rockstream_runtime::client: Received FenceAck for ShardId(13224250654272404656): valid=true
2026-08-23T14:26:29.290704Z  INFO rockstream_runtime::client: Received FenceAck for ShardId(13224250654272404656): valid=true
2026-08-23T14:26:29.497546Z  INFO rockstream_runtime::client: Received FenceAck for ShardId(13224250654272404656): valid=true
2026-08-23T14:26:29.498275Z  INFO rockstream_runtime::client: Received FenceAck for ShardId(13224250654272404656): valid=true
2026-08-23T14:26:29.704675Z  INFO rockstream_runtime::client: Received FenceAck for ShardId(13224250654272404656): valid=true
2026-08-23T14:26:29.705814Z  INFO rockstream_runtime::client: Received FenceAck for ShardId(13224250654272404656): valid=true
2026-08-23T14:26:29.908567Z  INFO rockstream_runtime::client: Received FenceAck for ShardId(13224250654272404656): valid=true
2026-08-23T14:26:29.910089Z  INFO rockstream_runtime::client: Received FenceAck for ShardId(13224250654272404656): valid=true
2026-08-23T14:26:30.115823Z  INFO rockstream_runtime::client: Received FenceAck for ShardId(13224250654272404656): valid=true
2026-08-23T14:26:30.117054Z  INFO rockstream_runtime::client: Received FenceAck for ShardId(13224250654272404656): valid=true
2026-08-23T14:26:30.317091Z  INFO rockstream_runtime::client: Received FenceAck for ShardId(13224250654272404656): valid=true
2026-08-23T14:26:30.317584Z  INFO rockstream_runtime::client: Received FenceAck for ShardId(13224250654272404656): valid=true
2026-08-23T14:26:30.522199Z  INFO rockstream_runtime::client: Received FenceAck for ShardId(13224250654272404656): valid=true
2026-08-23T14:26:30.522952Z  INFO rockstream_runtime::client: Received FenceAck for ShardId(13224250654272404656): valid=true
2026-08-23T14:26:30.726995Z  INFO rockstream_runtime::client: Received FenceAck for ShardId(13224250654272404656): valid=true
2026-08-23T14:26:30.727604Z  INFO rockstream_runtime::client: Received FenceAck for ShardId(13224250654272404656): valid=true
2026-08-23T14:26:30.932907Z  INFO rockstream_runtime::client: Received FenceAck for ShardId(13224250654272404656): valid=true
2026-08-23T14:26:30.934082Z  INFO rockstream_runtime::client: Received FenceAck for ShardId(13224250654272404656): valid=true
2026-08-23T14:26:31.139556Z  INFO rockstream_runtime::client: Received FenceAck for ShardId(13224250654272404656): valid=true
2026-08-23T14:26:31.140720Z  INFO rockstream_runtime::client: Received FenceAck for ShardId(13224250654272404656): valid=true
2026-08-23T14:26:31.341769Z  INFO rockstream_runtime::client: Received FenceAck for ShardId(13224250654272404656): valid=true
2026-08-23T14:26:31.342278Z  INFO rockstream_runtime::client: Received FenceAck for ShardId(13224250654272404656): valid=true
2026-08-23T14:26:31.548235Z  INFO rockstream_runtime::client: Received FenceAck for ShardId(13224250654272404656): valid=true
2026-08-23T14:26:31.549143Z  INFO rockstream_runtime::client: Received FenceAck for ShardId(13224250654272404656): valid=true
2026-08-23T14:26:31.750995Z  INFO rockstream_runtime::client: Received FenceAck for ShardId(13224250654272404656): valid=true
2026-08-23T14:26:31.751467Z  INFO rockstream_runtime::client: Received FenceAck for ShardId(13224250654272404656): valid=true
2026-08-23T14:26:31.954419Z  INFO rockstream_runtime::client: Received FenceAck for ShardId(13224250654272404656): valid=true
2026-08-23T14:26:31.955232Z  INFO rockstream_runtime::client: Received FenceAck for ShardId(13224250654272404656): valid=true
2026-08-23T14:26:32.158948Z  INFO rockstream_runtime::client: Received FenceAck for ShardId(13224250654272404656): valid=true
2026-08-23T14:26:32.159671Z  INFO rockstream_runtime::client: Received FenceAck for ShardId(13224250654272404656): valid=true
2026-08-23T14:26:32.363443Z  INFO rockstream_runtime::client: Received FenceAck for ShardId(13224250654272404656): valid=true
2026-08-23T14:26:32.364077Z  INFO rockstream_runtime::client: Received FenceAck for ShardId(13224250654272404656): valid=true
2026-08-23T14:26:32.569758Z  INFO rockstream_runtime::client: Received FenceAck for ShardId(13224250654272404656): valid=true
2026-08-23T14:26:32.570550Z  INFO rockstream_runtime::client: Received FenceAck for ShardId(13224250654272404656): valid=true
2026-08-23T14:26:32.772696Z  INFO rockstream_runtime::client: Received FenceAck for ShardId(13224250654272404656): valid=true
2026-08-23T14:26:32.773526Z  INFO rockstream_runtime::client: Received FenceAck for ShardId(13224250654272404656): valid=true
2026-08-23T14:26:32.974021Z  INFO rockstream_runtime::client: Received FenceAck for ShardId(13224250654272404656): valid=true
2026-08-23T14:26:32.974469Z  INFO rockstream_runtime::client: Received FenceAck for ShardId(13224250654272404656): valid=true
2026-08-23T14:26:33.184091Z  INFO rockstream_runtime::client: Received FenceAck for ShardId(13224250654272404656): valid=true
2026-08-23T14:26:33.184796Z  INFO rockstream_runtime::client: Received FenceAck for ShardId(13224250654272404656): valid=true
2026-08-23T14:26:33.390047Z  INFO rockstream_runtime::client: Received FenceAck for ShardId(13224250654272404656): valid=true
2026-08-23T14:26:33.390720Z  INFO rockstream_runtime::client: Received FenceAck for ShardId(13224250654272404656): valid=true
2026-08-23T14:26:33.594921Z  INFO rockstream_runtime::client: Received FenceAck for ShardId(13224250654272404656): valid=true
2026-08-23T14:26:33.595700Z  INFO rockstream_runtime::client: Received FenceAck for ShardId(13224250654272404656): valid=true
2026-08-23T14:26:33.800772Z  INFO rockstream_runtime::client: Received FenceAck for ShardId(13224250654272404656): valid=true
2026-08-23T14:26:33.801630Z  INFO rockstream_runtime::client: Received FenceAck for ShardId(13224250654272404656): valid=true
2026-08-23T14:26:34.005098Z  INFO rockstream_runtime::client: Received FenceAck for ShardId(13224250654272404656): valid=true
2026-08-23T14:26:34.005802Z  INFO rockstream_runtime::client: Received FenceAck for ShardId(13224250654272404656): valid=true
2026-08-23T14:26:34.211438Z  INFO rockstream_runtime::client: Received FenceAck for ShardId(13224250654272404656): valid=true
2026-08-23T14:26:34.212139Z  INFO rockstream_runtime::client: Received FenceAck for ShardId(13224250654272404656): valid=true
2026-08-23T14:26:34.416913Z  INFO rockstream_runtime::client: Received FenceAck for ShardId(13224250654272404656): valid=true
2026-08-23T14:26:34.417735Z  INFO rockstream_runtime::client: Received FenceAck for ShardId(13224250654272404656): valid=true
2026-08-23T14:26:34.620732Z  INFO rockstream_runtime::client: Received FenceAck for ShardId(13224250654272404656): valid=true
2026-08-23T14:26:34.621379Z  INFO rockstream_runtime::client: Received FenceAck for ShardId(13224250654272404656): valid=true
2026-08-23T14:26:34.833879Z  INFO rockstream_runtime::client: Received FenceAck for ShardId(13224250654272404656): valid=true
2026-08-23T14:26:34.834905Z  INFO rockstream_runtime::client: Received FenceAck for ShardId(13224250654272404656): valid=true
2026-08-23T14:26:35.036162Z  INFO rockstream_runtime::client: Received FenceAck for ShardId(13224250654272404656): valid=true
2026-08-23T14:26:35.037005Z  INFO rockstream_runtime::client: Received FenceAck for ShardId(13224250654272404656): valid=true
2026-08-23T14:26:35.242329Z  INFO rockstream_runtime::client: Received FenceAck for ShardId(13224250654272404656): valid=true
2026-08-23T14:26:35.242957Z  INFO rockstream_runtime::client: Received FenceAck for ShardId(13224250654272404656): valid=true
2026-08-23T14:26:35.449372Z  INFO rockstream_runtime::client: Received FenceAck for ShardId(13224250654272404656): valid=true
2026-08-23T14:26:35.450256Z  INFO rockstream_runtime::client: Received FenceAck for ShardId(13224250654272404656): valid=true
2026-08-23T14:26:35.653975Z  INFO rockstream_runtime::client: Received FenceAck for ShardId(13224250654272404656): valid=true
2026-08-23T14:26:35.654876Z  INFO rockstream_runtime::client: Received FenceAck for ShardId(13224250654272404656): valid=true
2026-08-23T14:26:35.855636Z  INFO rockstream_runtime::client: Received FenceAck for ShardId(13224250654272404656): valid=true
2026-08-23T14:26:35.856412Z  INFO rockstream_runtime::client: Received FenceAck for ShardId(13224250654272404656): valid=true
2026-08-23T14:26:36.060055Z  INFO rockstream_runtime::client: Received FenceAck for ShardId(13224250654272404656): valid=true
2026-08-23T14:26:36.060788Z  INFO rockstream_runtime::client: Received FenceAck for ShardId(13224250654272404656): valid=true
2026-08-23T14:26:36.263771Z  INFO rockstream_runtime::client: Received FenceAck for ShardId(13224250654272404656): valid=true
2026-08-23T14:26:36.264107Z  INFO rockstream_runtime::client: Received FenceAck for ShardId(13224250654272404656): valid=true
2026-08-23T14:26:36.469871Z  INFO rockstream_runtime::client: Received FenceAck for ShardId(13224250654272404656): valid=true
2026-08-23T14:26:36.470248Z  INFO rockstream_runtime::client: Received FenceAck for ShardId(13224250654272404656): valid=true
2026-08-23T14:26:36.675090Z  INFO rockstream_runtime::client: Received FenceAck for ShardId(13224250654272404656): valid=true
2026-08-23T14:26:36.675417Z  INFO rockstream_runtime::client: Received FenceAck for ShardId(13224250654272404656): valid=true
2026-08-23T14:26:36.880656Z  INFO rockstream_runtime::client: Received FenceAck for ShardId(13224250654272404656): valid=true
2026-08-23T14:26:36.881188Z  INFO rockstream_runtime::client: Received FenceAck for ShardId(13224250654272404656): valid=true
2026-08-23T14:26:37.086908Z  INFO rockstream_runtime::client: Received FenceAck for ShardId(13224250654272404656): valid=true
2026-08-23T14:26:37.087845Z  INFO rockstream_runtime::client: Received FenceAck for ShardId(13224250654272404656): valid=true
2026-08-23T14:26:37.286944Z  INFO rockstream_runtime::client: Received FenceAck for ShardId(13224250654272404656): valid=true
2026-08-23T14:26:37.287532Z  INFO rockstream_runtime::client: Received FenceAck for ShardId(13224250654272404656): valid=true
2026-08-23T14:26:37.491852Z  INFO rockstream_runtime::client: Received FenceAck for ShardId(13224250654272404656): valid=true
2026-08-23T14:26:37.492283Z  INFO rockstream_runtime::client: Received FenceAck for ShardId(13224250654272404656): valid=true
2026-08-23T14:26:37.699155Z  INFO rockstream_runtime::client: Received FenceAck for ShardId(13224250654272404656): valid=true
2026-08-23T14:26:37.700074Z  INFO rockstream_runtime::client: Received FenceAck for ShardId(13224250654272404656): valid=true
2026-08-23T14:26:37.903916Z  INFO rockstream_runtime::client: Received FenceAck for ShardId(13224250654272404656): valid=true
2026-08-23T14:26:37.904703Z  INFO rockstream_runtime::client: Received FenceAck for ShardId(13224250654272404656): valid=true
2026-08-23T14:26:38.108092Z  INFO rockstream_runtime::client: Received FenceAck for ShardId(13224250654272404656): valid=true
2026-08-23T14:26:38.108826Z  INFO rockstream_runtime::client: Received FenceAck for ShardId(13224250654272404656): valid=true
2026-08-23T14:26:38.311370Z  INFO rockstream_runtime::client: Received FenceAck for ShardId(13224250654272404656): valid=true
2026-08-23T14:26:38.311794Z  INFO rockstream_runtime::client: Received FenceAck for ShardId(13224250654272404656): valid=true
2026-08-23T14:26:38.516954Z  INFO rockstream_runtime::client: Received FenceAck for ShardId(13224250654272404656): valid=true
2026-08-23T14:26:38.517770Z  INFO rockstream_runtime::client: Received FenceAck for ShardId(13224250654272404656): valid=true
2026-08-23T14:26:38.723614Z  INFO rockstream_runtime::client: Received FenceAck for ShardId(13224250654272404656): valid=true
2026-08-23T14:26:38.724441Z  INFO rockstream_runtime::client: Received FenceAck for ShardId(13224250654272404656): valid=true
2026-08-23T14:26:38.932205Z  INFO rockstream_runtime::client: Received FenceAck for ShardId(13224250654272404656): valid=true
2026-08-23T14:26:38.933097Z  INFO rockstream_runtime::client: Received FenceAck for ShardId(13224250654272404656): valid=true
2026-08-23T14:26:39.135930Z  INFO rockstream_runtime::client: Received FenceAck for ShardId(13224250654272404656): valid=true
2026-08-23T14:26:39.136833Z  INFO rockstream_runtime::client: Received FenceAck for ShardId(13224250654272404656): valid=true
2026-08-23T14:26:39.339497Z  INFO rockstream_runtime::client: Received FenceAck for ShardId(13224250654272404656): valid=true
2026-08-23T14:26:39.339979Z  INFO rockstream_runtime::client: Received FenceAck for ShardId(13224250654272404656): valid=true
2026-08-23T14:26:39.549063Z  INFO rockstream_runtime::client: Received FenceAck for ShardId(13224250654272404656): valid=true
2026-08-23T14:26:39.549548Z  INFO rockstream_runtime::client: Received FenceAck for ShardId(13224250654272404656): valid=true
2026-08-23T14:26:39.758007Z  INFO rockstream_runtime::client: Received FenceAck for ShardId(13224250654272404656): valid=true
2026-08-23T14:26:39.758887Z  INFO rockstream_runtime::client: Received FenceAck for ShardId(13224250654272404656): valid=true
2026-08-23T14:26:39.962391Z  INFO rockstream_runtime::client: Received FenceAck for ShardId(13224250654272404656): valid=true
2026-08-23T14:26:39.963218Z  INFO rockstream_runtime::client: Received FenceAck for ShardId(13224250654272404656): valid=true
2026-08-23T14:26:40.169636Z  INFO rockstream_runtime::client: Received FenceAck for ShardId(13224250654272404656): valid=true
2026-08-23T14:26:40.171197Z  INFO rockstream_runtime::client: Received FenceAck for ShardId(13224250654272404656): valid=true
2026-08-23T14:26:40.370851Z  INFO rockstream_runtime::client: Received FenceAck for ShardId(13224250654272404656): valid=true
2026-08-23T14:26:40.371329Z  INFO rockstream_runtime::client: Received FenceAck for ShardId(13224250654272404656): valid=true
2026-08-23T14:26:40.577314Z  INFO rockstream_runtime::client: Received FenceAck for ShardId(13224250654272404656): valid=true
2026-08-23T14:26:40.578028Z  INFO rockstream_runtime::client: Received FenceAck for ShardId(13224250654272404656): valid=true
2026-08-23T14:26:40.782566Z  INFO rockstream_runtime::client: Received FenceAck for ShardId(13224250654272404656): valid=true
2026-08-23T14:26:40.783574Z  INFO rockstream_runtime::client: Received FenceAck for ShardId(13224250654272404656): valid=true
2026-08-23T14:26:40.992303Z  INFO rockstream_runtime::client: Received FenceAck for ShardId(13224250654272404656): valid=true
2026-08-23T14:26:40.992957Z  INFO rockstream_runtime::client: Received FenceAck for ShardId(13224250654272404656): valid=true
2026-08-23T14:26:41.196516Z  INFO rockstream_runtime::client: Received FenceAck for ShardId(13224250654272404656): valid=true
2026-08-23T14:26:41.197240Z  INFO rockstream_runtime::client: Received FenceAck for ShardId(13224250654272404656): valid=true
2026-08-23T14:26:41.401513Z  INFO rockstream_runtime::client: Received FenceAck for ShardId(13224250654272404656): valid=true
2026-08-23T14:26:41.402235Z  INFO rockstream_runtime::client: Received FenceAck for ShardId(13224250654272404656): valid=true
2026-08-23T14:26:41.605628Z  INFO rockstream_runtime::client: Received FenceAck for ShardId(13224250654272404656): valid=true
2026-08-23T14:26:41.606340Z  INFO rockstream_runtime::client: Received FenceAck for ShardId(13224250654272404656): valid=true
2026-08-23T14:26:41.809425Z  INFO rockstream_runtime::client: Received FenceAck for ShardId(13224250654272404656): valid=true
2026-08-23T14:26:41.810055Z  INFO rockstream_runtime::client: Received FenceAck for ShardId(13224250654272404656): valid=true
2026-08-23T14:26:42.017521Z  INFO rockstream_runtime::client: Received FenceAck for ShardId(13224250654272404656): valid=true
2026-08-23T14:26:42.018287Z  INFO rockstream_runtime::client: Received FenceAck for ShardId(13224250654272404656): valid=true
2026-08-23T14:26:42.223029Z  INFO rockstream_runtime::client: Received FenceAck for ShardId(13224250654272404656): valid=true
2026-08-23T14:26:42.223789Z  INFO rockstream_runtime::client: Received FenceAck for ShardId(13224250654272404656): valid=true
2026-08-23T14:26:42.428280Z  INFO rockstream_runtime::client: Received FenceAck for ShardId(13224250654272404656): valid=true
2026-08-23T14:26:42.429129Z  INFO rockstream_runtime::client: Received FenceAck for ShardId(13224250654272404656): valid=true
2026-08-23T14:26:42.631812Z  INFO rockstream_runtime::client: Received FenceAck for ShardId(13224250654272404656): valid=true
2026-08-23T14:26:42.632763Z  INFO rockstream_runtime::client: Received FenceAck for ShardId(13224250654272404656): valid=true
2026-08-23T14:26:42.835642Z  INFO rockstream_runtime::client: Received FenceAck for ShardId(13224250654272404656): valid=true
2026-08-23T14:26:42.836394Z  INFO rockstream_runtime::client: Received FenceAck for ShardId(13224250654272404656): valid=true
2026-08-23T14:26:43.041524Z  INFO rockstream_runtime::client: Received FenceAck for ShardId(13224250654272404656): valid=true
2026-08-23T14:26:43.042379Z  INFO rockstream_runtime::client: Received FenceAck for ShardId(13224250654272404656): valid=true
2026-08-23T14:26:43.248407Z  INFO rockstream_runtime::client: Received FenceAck for ShardId(13224250654272404656): valid=true
2026-08-23T14:26:43.249215Z  INFO rockstream_runtime::client: Received FenceAck for ShardId(13224250654272404656): valid=true
2026-08-23T14:26:43.451044Z  INFO rockstream_runtime::client: Received FenceAck for ShardId(13224250654272404656): valid=true
2026-08-23T14:26:43.451672Z  INFO rockstream_runtime::client: Received FenceAck for ShardId(13224250654272404656): valid=true
2026-08-23T14:26:43.655766Z  INFO rockstream_runtime::client: Received FenceAck for ShardId(13224250654272404656): valid=true
2026-08-23T14:26:43.656497Z  INFO rockstream_runtime::client: Received FenceAck for ShardId(13224250654272404656): valid=true
2026-08-23T14:26:43.858901Z  INFO rockstream_runtime::client: Received FenceAck for ShardId(13224250654272404656): valid=true
2026-08-23T14:26:43.859627Z  INFO rockstream_runtime::client: Received FenceAck for ShardId(13224250654272404656): valid=true
2026-08-23T14:26:44.169631Z  INFO rockstream_runtime::client: Received FenceAck for ShardId(13224250654272404656): valid=true
2026-08-23T14:26:44.170945Z  INFO rockstream_runtime::client: Received FenceAck for ShardId(13224250654272404656): valid=true
2026-08-23T14:26:44.369074Z  INFO rockstream_runtime::client: Received FenceAck for ShardId(13224250654272404656): valid=true
2026-08-23T14:26:44.369512Z  INFO rockstream_runtime::client: Received FenceAck for ShardId(13224250654272404656): valid=true
2026-08-23T14:26:44.582444Z  INFO rockstream_runtime::client: Received FenceAck for ShardId(13224250654272404656): valid=true
2026-08-23T14:26:44.583087Z  INFO rockstream_runtime::client: Received FenceAck for ShardId(13224250654272404656): valid=true
2026-08-23T14:26:44.788072Z  INFO rockstream_runtime::client: Received FenceAck for ShardId(13224250654272404656): valid=true
2026-08-23T14:26:44.788908Z  INFO rockstream_runtime::client: Received FenceAck for ShardId(13224250654272404656): valid=true
2026-08-23T14:26:44.994391Z  INFO rockstream_runtime::client: Received FenceAck for ShardId(13224250654272404656): valid=true
2026-08-23T14:26:44.994892Z  INFO rockstream_runtime::client: Received FenceAck for ShardId(13224250654272404656): valid=true
2026-08-23T14:26:45.199250Z  INFO rockstream_runtime::client: Received FenceAck for ShardId(13224250654272404656): valid=true
2026-08-23T14:26:45.200088Z  INFO rockstream_runtime::client: Received FenceAck for ShardId(13224250654272404656): valid=true
2026-08-23T14:26:45.404040Z  INFO rockstream_runtime::client: Received FenceAck for ShardId(13224250654272404656): valid=true
2026-08-23T14:26:45.404641Z  INFO rockstream_runtime::client: Received FenceAck for ShardId(13224250654272404656): valid=true
2026-08-23T14:26:45.612077Z  INFO rockstream_runtime::client: Received FenceAck for ShardId(13224250654272404656): valid=true
2026-08-23T14:26:45.612894Z  INFO rockstream_runtime::client: Received FenceAck for ShardId(13224250654272404656): valid=true
2026-08-23T14:26:45.815293Z  INFO rockstream_runtime::client: Received FenceAck for ShardId(13224250654272404656): valid=true
2026-08-23T14:26:45.816016Z  INFO rockstream_runtime::client: Received FenceAck for ShardId(13224250654272404656): valid=true
2026-08-23T14:26:46.020188Z  INFO rockstream_runtime::client: Received FenceAck for ShardId(13224250654272404656): valid=true
2026-08-23T14:26:46.021093Z  INFO rockstream_runtime::client: Received FenceAck for ShardId(13224250654272404656): valid=true
2026-08-23T14:26:46.222969Z  INFO rockstream_runtime::client: Received FenceAck for ShardId(13224250654272404656): valid=true
2026-08-23T14:26:46.223769Z  INFO rockstream_runtime::client: Received FenceAck for ShardId(13224250654272404656): valid=true
2026-08-23T14:26:46.426711Z  INFO rockstream_runtime::client: Received FenceAck for ShardId(13224250654272404656): valid=true
2026-08-23T14:26:46.427277Z  INFO rockstream_runtime::client: Received FenceAck for ShardId(13224250654272404656): valid=true
2026-08-23T14:26:46.631446Z  INFO rockstream_runtime::client: Received FenceAck for ShardId(13224250654272404656): valid=true
2026-08-23T14:26:46.632234Z  INFO rockstream_runtime::client: Received FenceAck for ShardId(13224250654272404656): valid=true
2026-08-23T14:26:46.835620Z  INFO rockstream_runtime::client: Received FenceAck for ShardId(13224250654272404656): valid=true
2026-08-23T14:26:46.836278Z  INFO rockstream_runtime::client: Received FenceAck for ShardId(13224250654272404656): valid=true
2026-08-23T14:26:47.048927Z  INFO rockstream_runtime::client: Received FenceAck for ShardId(13224250654272404656): valid=true
2026-08-23T14:26:47.049813Z  INFO rockstream_runtime::client: Received FenceAck for ShardId(13224250654272404656): valid=true
2026-08-23T14:26:47.256142Z  INFO rockstream_runtime::client: Received FenceAck for ShardId(13224250654272404656): valid=true
2026-08-23T14:26:47.256987Z  INFO rockstream_runtime::client: Received FenceAck for ShardId(13224250654272404656): valid=true
2026-08-23T14:26:47.458375Z  INFO rockstream_runtime::client: Received FenceAck for ShardId(13224250654272404656): valid=true
2026-08-23T14:26:47.458755Z  INFO rockstream_runtime::client: Received FenceAck for ShardId(13224250654272404656): valid=true
2026-08-23T14:26:47.666164Z  INFO rockstream_runtime::client: Received FenceAck for ShardId(13224250654272404656): valid=true
2026-08-23T14:26:47.666499Z  INFO rockstream_runtime::client: Received FenceAck for ShardId(13224250654272404656): valid=true
2026-08-23T14:26:47.869425Z  INFO rockstream_runtime::client: Received FenceAck for ShardId(13224250654272404656): valid=true
2026-08-23T14:26:47.870246Z  INFO rockstream_runtime::client: Received FenceAck for ShardId(13224250654272404656): valid=true
2026-08-23T14:26:48.073614Z  INFO rockstream_runtime::client: Received FenceAck for ShardId(13224250654272404656): valid=true
2026-08-23T14:26:48.074480Z  INFO rockstream_runtime::client: Received FenceAck for ShardId(13224250654272404656): valid=true
2026-08-23T14:26:48.277897Z  INFO rockstream_runtime::client: Received FenceAck for ShardId(13224250654272404656): valid=true
2026-08-23T14:26:48.278635Z  INFO rockstream_runtime::client: Received FenceAck for ShardId(13224250654272404656): valid=true
2026-08-23T14:26:48.483999Z  INFO rockstream_runtime::client: Received FenceAck for ShardId(13224250654272404656): valid=true
2026-08-23T14:26:48.484820Z  INFO rockstream_runtime::client: Received FenceAck for ShardId(13224250654272404656): valid=true
2026-08-23T14:26:48.705298Z  INFO rockstream_runtime::client: Received FenceAck for ShardId(13224250654272404656): valid=true
2026-08-23T14:26:48.706260Z  INFO rockstream_runtime::client: Received FenceAck for ShardId(13224250654272404656): valid=true
2026-08-23T14:26:48.908247Z  INFO rockstream_runtime::client: Received FenceAck for ShardId(13224250654272404656): valid=true
2026-08-23T14:26:48.909138Z  INFO rockstream_runtime::client: Received FenceAck for ShardId(13224250654272404656): valid=true
2026-08-23T14:26:49.114004Z  INFO rockstream_runtime::client: Received FenceAck for ShardId(13224250654272404656): valid=true
2026-08-23T14:26:49.115132Z  INFO rockstream_runtime::client: Received FenceAck for ShardId(13224250654272404656): valid=true
2026-08-23T14:26:49.316431Z  INFO rockstream_runtime::client: Received FenceAck for ShardId(13224250654272404656): valid=true
2026-08-23T14:26:49.316854Z  INFO rockstream_runtime::client: Received FenceAck for ShardId(13224250654272404656): valid=true
2026-08-23T14:26:49.525259Z  INFO rockstream_runtime::client: Received FenceAck for ShardId(13224250654272404656): valid=true
2026-08-23T14:26:49.526109Z  INFO rockstream_runtime::client: Received FenceAck for ShardId(13224250654272404656): valid=true
2026-08-23T14:26:49.729494Z  INFO rockstream_runtime::client: Received FenceAck for ShardId(13224250654272404656): valid=true
2026-08-23T14:26:49.730235Z  INFO rockstream_runtime::client: Received FenceAck for ShardId(13224250654272404656): valid=true
2026-08-23T14:26:49.934287Z  INFO rockstream_runtime::client: Received FenceAck for ShardId(13224250654272404656): valid=true
2026-08-23T14:26:49.935298Z  INFO rockstream_runtime::client: Received FenceAck for ShardId(13224250654272404656): valid=true
2026-08-23T14:26:50.140013Z  INFO rockstream_runtime::client: Received FenceAck for ShardId(13224250654272404656): valid=true
2026-08-23T14:26:50.140933Z  INFO rockstream_runtime::client: Received FenceAck for ShardId(13224250654272404656): valid=true
2026-08-23T14:26:50.341866Z  INFO rockstream_runtime::client: Received FenceAck for ShardId(13224250654272404656): valid=true
2026-08-23T14:26:50.342248Z  INFO rockstream_runtime::client: Received FenceAck for ShardId(13224250654272404656): valid=true
2026-08-23T14:26:50.551089Z  INFO rockstream_runtime::client: Received FenceAck for ShardId(13224250654272404656): valid=true
2026-08-23T14:26:50.552404Z  INFO rockstream_runtime::client: Received FenceAck for ShardId(13224250654272404656): valid=true
2026-08-23T14:26:50.758314Z  INFO rockstream_runtime::client: Received FenceAck for ShardId(13224250654272404656): valid=true
2026-08-23T14:26:50.759541Z  INFO rockstream_runtime::client: Received FenceAck for ShardId(13224250654272404656): valid=true
2026-08-23T14:26:50.960047Z  INFO rockstream_runtime::client: Received FenceAck for ShardId(13224250654272404656): valid=true
2026-08-23T14:26:50.960989Z  INFO rockstream_runtime::client: Received FenceAck for ShardId(13224250654272404656): valid=true
2026-08-23T14:26:51.164270Z  INFO rockstream_runtime::client: Received FenceAck for ShardId(13224250654272404656): valid=true
2026-08-23T14:26:51.165015Z  INFO rockstream_runtime::client: Received FenceAck for ShardId(13224250654272404656): valid=true
2026-08-23T14:26:51.368404Z  INFO rockstream_runtime::client: Received FenceAck for ShardId(13224250654272404656): valid=true
2026-08-23T14:26:51.368879Z  INFO rockstream_runtime::client: Received FenceAck for ShardId(13224250654272404656): valid=true
2026-08-23T14:26:51.578379Z  INFO rockstream_runtime::client: Received FenceAck for ShardId(13224250654272404656): valid=true
2026-08-23T14:26:51.579823Z  INFO rockstream_runtime::client: Received FenceAck for ShardId(13224250654272404656): valid=true
2026-08-23T14:26:51.780082Z  INFO rockstream_runtime::client: Received FenceAck for ShardId(13224250654272404656): valid=true
2026-08-23T14:26:51.780750Z  INFO rockstream_runtime::client: Received FenceAck for ShardId(13224250654272404656): valid=true
2026-08-23T14:26:51.986729Z  INFO rockstream_runtime::client: Received FenceAck for ShardId(13224250654272404656): valid=true
2026-08-23T14:26:51.987548Z  INFO rockstream_runtime::client: Received FenceAck for ShardId(13224250654272404656): valid=true
2026-08-23T14:26:52.191545Z  INFO rockstream_runtime::client: Received FenceAck for ShardId(13224250654272404656): valid=true
2026-08-23T14:26:52.192318Z  INFO rockstream_runtime::client: Received FenceAck for ShardId(13224250654272404656): valid=true
2026-08-23T14:26:52.395422Z  INFO rockstream_runtime::client: Received FenceAck for ShardId(13224250654272404656): valid=true
2026-08-23T14:26:52.395859Z  INFO rockstream_runtime::client: Received FenceAck for ShardId(13224250654272404656): valid=true
2026-08-23T14:26:52.604559Z  INFO rockstream_runtime::client: Received FenceAck for ShardId(13224250654272404656): valid=true
2026-08-23T14:26:52.605878Z  INFO rockstream_runtime::client: Received FenceAck for ShardId(13224250654272404656): valid=true
2026-08-23T14:26:52.808949Z  INFO rockstream_runtime::client: Received FenceAck for ShardId(13224250654272404656): valid=true
2026-08-23T14:26:52.809973Z  INFO rockstream_runtime::client: Received FenceAck for ShardId(13224250654272404656): valid=true
2026-08-23T14:26:53.013934Z  INFO rockstream_runtime::client: Received FenceAck for ShardId(13224250654272404656): valid=true
2026-08-23T14:26:53.015079Z  INFO rockstream_runtime::client: Received FenceAck for ShardId(13224250654272404656): valid=true
2026-08-23T14:26:53.222596Z  INFO rockstream_runtime::client: Received FenceAck for ShardId(13224250654272404656): valid=true
2026-08-23T14:26:53.224035Z  INFO rockstream_runtime::client: Received FenceAck for ShardId(13224250654272404656): valid=true
2026-08-23T14:26:53.417274Z  INFO rockstream_runtime::client: Received FenceAck for ShardId(13224250654272404656): valid=true
2026-08-23T14:26:53.417876Z  INFO rockstream_runtime::client: Received FenceAck for ShardId(13224250654272404656): valid=true
2026-08-23T14:26:53.628325Z  INFO rockstream_runtime::client: Received FenceAck for ShardId(13224250654272404656): valid=true
2026-08-23T14:26:53.629536Z  INFO rockstream_runtime::client: Received FenceAck for ShardId(13224250654272404656): valid=true
2026-08-23T14:26:53.834145Z  INFO rockstream_runtime::client: Received FenceAck for ShardId(13224250654272404656): valid=true
2026-08-23T14:26:53.835600Z  INFO rockstream_runtime::client: Received FenceAck for ShardId(13224250654272404656): valid=true
2026-08-23T14:26:54.035526Z  INFO rockstream_runtime::client: Received FenceAck for ShardId(13224250654272404656): valid=true
2026-08-23T14:26:54.036463Z  INFO rockstream_runtime::client: Received FenceAck for ShardId(13224250654272404656): valid=true
2026-08-23T14:26:54.238521Z  INFO rockstream_runtime::client: Received FenceAck for ShardId(13224250654272404656): valid=true
2026-08-23T14:26:54.239287Z  INFO rockstream_runtime::client: Received FenceAck for ShardId(13224250654272404656): valid=true
2026-08-23T14:26:54.443122Z  INFO rockstream_runtime::client: Received FenceAck for ShardId(13224250654272404656): valid=true
2026-08-23T14:26:54.443536Z  INFO rockstream_runtime::client: Received FenceAck for ShardId(13224250654272404656): valid=true
2026-08-23T14:26:54.655398Z  INFO rockstream_runtime::client: Received FenceAck for ShardId(13224250654272404656): valid=true
2026-08-23T14:26:54.656395Z  INFO rockstream_runtime::client: Received FenceAck for ShardId(13224250654272404656): valid=true
2026-08-23T14:26:54.855293Z  INFO rockstream_runtime::client: Received FenceAck for ShardId(13224250654272404656): valid=true
2026-08-23T14:26:54.856848Z  INFO rockstream_runtime::client: Received FenceAck for ShardId(13224250654272404656): valid=true
2026-08-23T14:26:55.061015Z  INFO rockstream_runtime::client: Received FenceAck for ShardId(13224250654272404656): valid=true
2026-08-23T14:26:55.062425Z  INFO rockstream_runtime::client: Received FenceAck for ShardId(13224250654272404656): valid=true
2026-08-23T14:26:55.263689Z  INFO rockstream_runtime::client: Received FenceAck for ShardId(13224250654272404656): valid=true
2026-08-23T14:26:55.264847Z  INFO rockstream_runtime::client: Received FenceAck for ShardId(13224250654272404656): valid=true
2026-08-23T14:26:55.466630Z  INFO rockstream_runtime::client: Received FenceAck for ShardId(13224250654272404656): valid=true
2026-08-23T14:26:55.467112Z  INFO rockstream_runtime::client: Received FenceAck for ShardId(13224250654272404656): valid=true
2026-08-23T14:26:55.672809Z  INFO rockstream_runtime::client: Received FenceAck for ShardId(13224250654272404656): valid=true
2026-08-23T14:26:55.673529Z  INFO rockstream_runtime::client: Received FenceAck for ShardId(13224250654272404656): valid=true
2026-08-23T14:26:55.877517Z  INFO rockstream_runtime::client: Received FenceAck for ShardId(13224250654272404656): valid=true
2026-08-23T14:26:55.878378Z  INFO rockstream_runtime::client: Received FenceAck for ShardId(13224250654272404656): valid=true
2026-08-23T14:26:56.084644Z  INFO rockstream_runtime::client: Received FenceAck for ShardId(13224250654272404656): valid=true
2026-08-23T14:26:56.085904Z  INFO rockstream_runtime::client: Received FenceAck for ShardId(13224250654272404656): valid=true
2026-08-23T14:26:56.286595Z  INFO rockstream_runtime::client: Received FenceAck for ShardId(13224250654272404656): valid=true
2026-08-23T14:26:56.287199Z  INFO rockstream_runtime::client: Received FenceAck for ShardId(13224250654272404656): valid=true
2026-08-23T14:26:56.494554Z  INFO rockstream_runtime::client: Received FenceAck for ShardId(13224250654272404656): valid=true
2026-08-23T14:26:56.495623Z  INFO rockstream_runtime::client: Received FenceAck for ShardId(13224250654272404656): valid=true
2026-08-23T14:26:56.696117Z  INFO rockstream_runtime::client: Received FenceAck for ShardId(13224250654272404656): valid=true
2026-08-23T14:26:56.696571Z  INFO rockstream_runtime::client: Received FenceAck for ShardId(13224250654272404656): valid=true
2026-08-23T14:26:56.903883Z  INFO rockstream_runtime::client: Received FenceAck for ShardId(13224250654272404656): valid=true
2026-08-23T14:26:56.904753Z  INFO rockstream_runtime::client: Received FenceAck for ShardId(13224250654272404656): valid=true
2026-08-23T14:26:57.111003Z  INFO rockstream_runtime::client: Received FenceAck for ShardId(13224250654272404656): valid=true
2026-08-23T14:26:57.112190Z  INFO rockstream_runtime::client: Received FenceAck for ShardId(13224250654272404656): valid=true
2026-08-23T14:26:57.311469Z  INFO rockstream_runtime::client: Received FenceAck for ShardId(13224250654272404656): valid=true
2026-08-23T14:26:57.312310Z  INFO rockstream_runtime::client: Received FenceAck for ShardId(13224250654272404656): valid=true
2026-08-23T14:26:57.515079Z  INFO rockstream_runtime::client: Received FenceAck for ShardId(13224250654272404656): valid=true
2026-08-23T14:26:57.515502Z  INFO rockstream_runtime::client: Received FenceAck for ShardId(13224250654272404656): valid=true
2026-08-23T14:26:57.721317Z  INFO rockstream_runtime::client: Received FenceAck for ShardId(13224250654272404656): valid=true
2026-08-23T14:26:57.721985Z  INFO rockstream_runtime::client: Received FenceAck for ShardId(13224250654272404656): valid=true
2026-08-23T14:26:57.929524Z  INFO rockstream_runtime::client: Received FenceAck for ShardId(13224250654272404656): valid=true
2026-08-23T14:26:57.930599Z  INFO rockstream_runtime::client: Received FenceAck for ShardId(13224250654272404656): valid=true
2026-08-23T14:26:58.135749Z  INFO rockstream_runtime::client: Received FenceAck for ShardId(13224250654272404656): valid=true
2026-08-23T14:26:58.136932Z  INFO rockstream_runtime::client: Received FenceAck for ShardId(13224250654272404656): valid=true
2026-08-23T14:26:58.336816Z  INFO rockstream_runtime::client: Received FenceAck for ShardId(13224250654272404656): valid=true
2026-08-23T14:26:58.337239Z  INFO rockstream_runtime::client: Received FenceAck for ShardId(13224250654272404656): valid=true
2026-08-23T14:26:58.545404Z  INFO rockstream_runtime::client: Received FenceAck for ShardId(13224250654272404656): valid=true
2026-08-23T14:26:58.546417Z  INFO rockstream_runtime::client: Received FenceAck for ShardId(13224250654272404656): valid=true
2026-08-23T14:26:58.748070Z  INFO rockstream_runtime::client: Received FenceAck for ShardId(13224250654272404656): valid=true
2026-08-23T14:26:58.748533Z  INFO rockstream_runtime::client: Received FenceAck for ShardId(13224250654272404656): valid=true
2026-08-23T14:26:58.953538Z  INFO rockstream_runtime::client: Received FenceAck for ShardId(13224250654272404656): valid=true
2026-08-23T14:26:58.954389Z  INFO rockstream_runtime::client: Received FenceAck for ShardId(13224250654272404656): valid=true
2026-08-23T14:26:59.159326Z  INFO rockstream_runtime::client: Received FenceAck for ShardId(13224250654272404656): valid=true
2026-08-23T14:26:59.160190Z  INFO rockstream_runtime::client: Received FenceAck for ShardId(13224250654272404656): valid=true
2026-08-23T14:26:59.361456Z  INFO rockstream_runtime::client: Received FenceAck for ShardId(13224250654272404656): valid=true
2026-08-23T14:26:59.361886Z  INFO rockstream_runtime::client: Received FenceAck for ShardId(13224250654272404656): valid=true
2026-08-23T14:26:59.569954Z  INFO rockstream_runtime::client: Received FenceAck for ShardId(13224250654272404656): valid=true
2026-08-23T14:26:59.571022Z  INFO rockstream_runtime::client: Received FenceAck for ShardId(13224250654272404656): valid=true
2026-08-23T14:26:59.773458Z  INFO rockstream_runtime::client: Received FenceAck for ShardId(13224250654272404656): valid=true
2026-08-23T14:26:59.774021Z  INFO rockstream_runtime::client: Received FenceAck for ShardId(13224250654272404656): valid=true
2026-08-23T14:26:59.980136Z  INFO rockstream_runtime::client: Received FenceAck for ShardId(13224250654272404656): valid=true
2026-08-23T14:26:59.981135Z  INFO rockstream_runtime::client: Received FenceAck for ShardId(13224250654272404656): valid=true
2026-08-23T14:27:00.194257Z  INFO rockstream_runtime::client: Received FenceAck for ShardId(13224250654272404656): valid=true
2026-08-23T14:27:00.195319Z  INFO rockstream_runtime::client: Received FenceAck for ShardId(13224250654272404656): valid=true
2026-08-23T14:27:00.390965Z  INFO rockstream_runtime::client: Received FenceAck for ShardId(13224250654272404656): valid=true
2026-08-23T14:27:00.391471Z  INFO rockstream_runtime::client: Received FenceAck for ShardId(13224250654272404656): valid=true
2026-08-23T14:27:00.598789Z  INFO rockstream_runtime::client: Received FenceAck for ShardId(13224250654272404656): valid=true
2026-08-23T14:27:00.600011Z  INFO rockstream_runtime::client: Received FenceAck for ShardId(13224250654272404656): valid=true
2026-08-23T14:27:00.807849Z  INFO rockstream_runtime::client: Received FenceAck for ShardId(13224250654272404656): valid=true
2026-08-23T14:27:00.808586Z  INFO rockstream_runtime::client: Received FenceAck for ShardId(13224250654272404656): valid=true
2026-08-23T14:27:01.012574Z  INFO rockstream_runtime::client: Received FenceAck for ShardId(13224250654272404656): valid=true
2026-08-23T14:27:01.013463Z  INFO rockstream_runtime::client: Received FenceAck for ShardId(13224250654272404656): valid=true
2026-08-23T14:27:01.214804Z  INFO rockstream_runtime::client: Received FenceAck for ShardId(13224250654272404656): valid=true
2026-08-23T14:27:01.215544Z  INFO rockstream_runtime::client: Received FenceAck for ShardId(13224250654272404656): valid=true
2026-08-23T14:27:01.418767Z  INFO rockstream_runtime::client: Received FenceAck for ShardId(13224250654272404656): valid=true
2026-08-23T14:27:01.419245Z  INFO rockstream_runtime::client: Received FenceAck for ShardId(13224250654272404656): valid=true
2026-08-23T14:27:01.628382Z  INFO rockstream_runtime::client: Received FenceAck for ShardId(13224250654272404656): valid=true
2026-08-23T14:27:01.629330Z  INFO rockstream_runtime::client: Received FenceAck for ShardId(13224250654272404656): valid=true
2026-08-23T14:27:01.830158Z  INFO rockstream_runtime::client: Received FenceAck for ShardId(13224250654272404656): valid=true
2026-08-23T14:27:01.830702Z  INFO rockstream_runtime::client: Received FenceAck for ShardId(13224250654272404656): valid=true
2026-08-23T14:27:02.038086Z  INFO rockstream_runtime::client: Received FenceAck for ShardId(13224250654272404656): valid=true
2026-08-23T14:27:02.039153Z  INFO rockstream_runtime::client: Received FenceAck for ShardId(13224250654272404656): valid=true
2026-08-23T14:27:02.242635Z  INFO rockstream_runtime::client: Received FenceAck for ShardId(13224250654272404656): valid=true
2026-08-23T14:27:02.243810Z  INFO rockstream_runtime::client: Received FenceAck for ShardId(13224250654272404656): valid=true
2026-08-23T14:27:02.446375Z  INFO rockstream_runtime::client: Received FenceAck for ShardId(13224250654272404656): valid=true
2026-08-23T14:27:02.447246Z  INFO rockstream_runtime::client: Received FenceAck for ShardId(13224250654272404656): valid=true
2026-08-23T14:27:02.650905Z  INFO rockstream_runtime::client: Received FenceAck for ShardId(13224250654272404656): valid=true
2026-08-23T14:27:02.652170Z  INFO rockstream_runtime::client: Received FenceAck for ShardId(13224250654272404656): valid=true
2026-08-23T14:27:02.855692Z  INFO rockstream_runtime::client: Received FenceAck for ShardId(13224250654272404656): valid=true
2026-08-23T14:27:02.856726Z  INFO rockstream_runtime::client: Received FenceAck for ShardId(13224250654272404656): valid=true
2026-08-23T14:27:03.059470Z  INFO rockstream_runtime::client: Received FenceAck for ShardId(13224250654272404656): valid=true
2026-08-23T14:27:03.060449Z  INFO rockstream_runtime::client: Received FenceAck for ShardId(13224250654272404656): valid=true
2026-08-23T14:27:03.266142Z  INFO rockstream_runtime::client: Received FenceAck for ShardId(13224250654272404656): valid=true
2026-08-23T14:27:03.267121Z  INFO rockstream_runtime::client: Received FenceAck for ShardId(13224250654272404656): valid=true
2026-08-23T14:27:03.470673Z  INFO rockstream_runtime::client: Received FenceAck for ShardId(13224250654272404656): valid=true
2026-08-23T14:27:03.471496Z  INFO rockstream_runtime::client: Received FenceAck for ShardId(13224250654272404656): valid=true
2026-08-23T14:27:03.676885Z  INFO rockstream_runtime::client: Received FenceAck for ShardId(13224250654272404656): valid=true
2026-08-23T14:27:03.678065Z  INFO rockstream_runtime::client: Received FenceAck for ShardId(13224250654272404656): valid=true
2026-08-23T14:27:03.879050Z  INFO rockstream_runtime::client: Received FenceAck for ShardId(13224250654272404656): valid=true
2026-08-23T14:27:03.879823Z  INFO rockstream_runtime::client: Received FenceAck for ShardId(13224250654272404656): valid=true
2026-08-23T14:27:04.084869Z  INFO rockstream_runtime::client: Received FenceAck for ShardId(13224250654272404656): valid=true
2026-08-23T14:27:04.085873Z  INFO rockstream_runtime::client: Received FenceAck for ShardId(13224250654272404656): valid=true
2026-08-23T14:27:04.291392Z  INFO rockstream_runtime::client: Received FenceAck for ShardId(13224250654272404656): valid=true
2026-08-23T14:27:04.292355Z  INFO rockstream_runtime::client: Received FenceAck for ShardId(13224250654272404656): valid=true
2026-08-23T14:27:04.498783Z  INFO rockstream_runtime::client: Received FenceAck for ShardId(13224250654272404656): valid=true
2026-08-23T14:27:04.499609Z  INFO rockstream_runtime::client: Received FenceAck for ShardId(13224250654272404656): valid=true
2026-08-23T14:27:04.704810Z  INFO rockstream_runtime::client: Received FenceAck for ShardId(13224250654272404656): valid=true
2026-08-23T14:27:04.709616Z  INFO rockstream_runtime::client: Received FenceAck for ShardId(13224250654272404656): valid=true
2026-08-23T14:27:04.908977Z  INFO rockstream_runtime::client: Received FenceAck for ShardId(13224250654272404656): valid=true
2026-08-23T14:27:04.910026Z  INFO rockstream_runtime::client: Received FenceAck for ShardId(13224250654272404656): valid=true
2026-08-23T14:27:05.115938Z  INFO rockstream_runtime::client: Received FenceAck for ShardId(13224250654272404656): valid=true
2026-08-23T14:27:05.116909Z  INFO rockstream_runtime::client: Received FenceAck for ShardId(13224250654272404656): valid=true
2026-08-23T14:27:05.319995Z  INFO rockstream_runtime::client: Received FenceAck for ShardId(13224250654272404656): valid=true
2026-08-23T14:27:05.320569Z  INFO rockstream_runtime::client: Received FenceAck for ShardId(13224250654272404656): valid=true
2026-08-23T14:27:05.529255Z  INFO rockstream_runtime::client: Received FenceAck for ShardId(13224250654272404656): valid=true
2026-08-23T14:27:05.530195Z  INFO rockstream_runtime::client: Received FenceAck for ShardId(13224250654272404656): valid=true
2026-08-23T14:27:05.736127Z  INFO rockstream_runtime::client: Received FenceAck for ShardId(13224250654272404656): valid=true
2026-08-23T14:27:05.737383Z  INFO rockstream_runtime::client: Received FenceAck for ShardId(13224250654272404656): valid=true
2026-08-23T14:27:05.939674Z  INFO rockstream_runtime::client: Received FenceAck for ShardId(13224250654272404656): valid=true
2026-08-23T14:27:05.940648Z  INFO rockstream_runtime::client: Received FenceAck for ShardId(13224250654272404656): valid=true
2026-08-23T14:27:06.150659Z  INFO rockstream_runtime::client: Received FenceAck for ShardId(13224250654272404656): valid=true
2026-08-23T14:27:06.152025Z  INFO rockstream_runtime::client: Received FenceAck for ShardId(13224250654272404656): valid=true
2026-08-23T14:27:06.349631Z  INFO rockstream_runtime::client: Received FenceAck for ShardId(13224250654272404656): valid=true
2026-08-23T14:27:06.350114Z  INFO rockstream_runtime::client: Received FenceAck for ShardId(13224250654272404656): valid=true
2026-08-23T14:27:06.555561Z  INFO rockstream_runtime::client: Received FenceAck for ShardId(13224250654272404656): valid=true
2026-08-23T14:27:06.556526Z  INFO rockstream_runtime::client: Received FenceAck for ShardId(13224250654272404656): valid=true
2026-08-23T14:27:06.760050Z  INFO rockstream_runtime::client: Received FenceAck for ShardId(13224250654272404656): valid=true
2026-08-23T14:27:06.760540Z  INFO rockstream_runtime::client: Received FenceAck for ShardId(13224250654272404656): valid=true
2026-08-23T14:27:06.967688Z  INFO rockstream_runtime::client: Received FenceAck for ShardId(13224250654272404656): valid=true
2026-08-23T14:27:06.968486Z  INFO rockstream_runtime::client: Received FenceAck for ShardId(13224250654272404656): valid=true
2026-08-23T14:27:07.175516Z  INFO rockstream_runtime::client: Received FenceAck for ShardId(13224250654272404656): valid=true
2026-08-23T14:27:07.177765Z  INFO rockstream_runtime::client: Received FenceAck for ShardId(13224250654272404656): valid=true
2026-08-23T14:27:07.376273Z  INFO rockstream_runtime::client: Received FenceAck for ShardId(13224250654272404656): valid=true
2026-08-23T14:27:07.376771Z  INFO rockstream_runtime::client: Received FenceAck for ShardId(13224250654272404656): valid=true
2026-08-23T14:27:07.582199Z  INFO rockstream_runtime::client: Received FenceAck for ShardId(13224250654272404656): valid=true
2026-08-23T14:27:07.582694Z  INFO rockstream_runtime::client: Received FenceAck for ShardId(13224250654272404656): valid=true
2026-08-23T14:27:07.789511Z  INFO rockstream_runtime::client: Received FenceAck for ShardId(13224250654272404656): valid=true
2026-08-23T14:27:07.790648Z  INFO rockstream_runtime::client: Received FenceAck for ShardId(13224250654272404656): valid=true
2026-08-23T14:27:07.997205Z  INFO rockstream_runtime::client: Received FenceAck for ShardId(13224250654272404656): valid=true
2026-08-23T14:27:07.998505Z  INFO rockstream_runtime::client: Received FenceAck for ShardId(13224250654272404656): valid=true
2026-08-23T14:27:08.197916Z  INFO rockstream_runtime::client: Received FenceAck for ShardId(13224250654272404656): valid=true
2026-08-23T14:27:08.198617Z  INFO rockstream_runtime::client: Received FenceAck for ShardId(13224250654272404656): valid=true
2026-08-23T14:27:08.401491Z  INFO rockstream_runtime::client: Received FenceAck for ShardId(13224250654272404656): valid=true
2026-08-23T14:27:08.402016Z  INFO rockstream_runtime::client: Received FenceAck for ShardId(13224250654272404656): valid=true
2026-08-23T14:27:08.612017Z  INFO rockstream_runtime::client: Received FenceAck for ShardId(13224250654272404656): valid=true
2026-08-23T14:27:08.613254Z  INFO rockstream_runtime::client: Received FenceAck for ShardId(13224250654272404656): valid=true
2026-08-23T14:27:08.815235Z  INFO rockstream_runtime::client: Received FenceAck for ShardId(13224250654272404656): valid=true
2026-08-23T14:27:08.815997Z  INFO rockstream_runtime::client: Received FenceAck for ShardId(13224250654272404656): valid=true
2026-08-23T14:27:09.021714Z  INFO rockstream_runtime::client: Received FenceAck for ShardId(13224250654272404656): valid=true
2026-08-23T14:27:09.022696Z  INFO rockstream_runtime::client: Received FenceAck for ShardId(13224250654272404656): valid=true
2026-08-23T14:27:09.230107Z  INFO rockstream_runtime::client: Received FenceAck for ShardId(13224250654272404656): valid=true
2026-08-23T14:27:09.231242Z  INFO rockstream_runtime::client: Received FenceAck for ShardId(13224250654272404656): valid=true
2026-08-23T14:27:09.429400Z  INFO rockstream_runtime::client: Received FenceAck for ShardId(13224250654272404656): valid=true
2026-08-23T14:27:09.429927Z  INFO rockstream_runtime::client: Received FenceAck for ShardId(13224250654272404656): valid=true
2026-08-23T14:27:09.638543Z  INFO rockstream_runtime::client: Received FenceAck for ShardId(13224250654272404656): valid=true
2026-08-23T14:27:09.639938Z  INFO rockstream_runtime::client: Received FenceAck for ShardId(13224250654272404656): valid=true
2026-08-23T14:27:09.844898Z  INFO rockstream_runtime::client: Received FenceAck for ShardId(13224250654272404656): valid=true
2026-08-23T14:27:09.846261Z  INFO rockstream_runtime::client: Received FenceAck for ShardId(13224250654272404656): valid=true
2026-08-23T14:27:10.047793Z  INFO rockstream_runtime::client: Received FenceAck for ShardId(13224250654272404656): valid=true
2026-08-23T14:27:10.048766Z  INFO rockstream_runtime::client: Received FenceAck for ShardId(13224250654272404656): valid=true
2026-08-23T14:27:10.258471Z  INFO rockstream_runtime::client: Received FenceAck for ShardId(13224250654272404656): valid=true
2026-08-23T14:27:10.260606Z  INFO rockstream_runtime::client: Received FenceAck for ShardId(13224250654272404656): valid=true
2026-08-23T14:27:10.458168Z  INFO rockstream_runtime::client: Received FenceAck for ShardId(13224250654272404656): valid=true
2026-08-23T14:27:10.458980Z  INFO rockstream_runtime::client: Received FenceAck for ShardId(13224250654272404656): valid=true
2026-08-23T14:27:10.667557Z  INFO rockstream_runtime::client: Received FenceAck for ShardId(13224250654272404656): valid=true
2026-08-23T14:27:10.668374Z  INFO rockstream_runtime::client: Received FenceAck for ShardId(13224250654272404656): valid=true
2026-08-23T14:27:10.875730Z  INFO rockstream_runtime::client: Received FenceAck for ShardId(13224250654272404656): valid=true
2026-08-23T14:27:10.876968Z  INFO rockstream_runtime::client: Received FenceAck for ShardId(13224250654272404656): valid=true
2026-08-23T14:27:11.077093Z  INFO rockstream_runtime::client: Received FenceAck for ShardId(13224250654272404656): valid=true
2026-08-23T14:27:11.077798Z  INFO rockstream_runtime::client: Received FenceAck for ShardId(13224250654272404656): valid=true
2026-08-23T14:27:11.286763Z  INFO rockstream_runtime::client: Received FenceAck for ShardId(13224250654272404656): valid=true
2026-08-23T14:27:11.288272Z  INFO rockstream_runtime::client: Received FenceAck for ShardId(13224250654272404656): valid=true
2026-08-23T14:27:11.487399Z  INFO rockstream_runtime::client: Received FenceAck for ShardId(13224250654272404656): valid=true
2026-08-23T14:27:11.488396Z  INFO rockstream_runtime::client: Received FenceAck for ShardId(13224250654272404656): valid=true
2026-08-23T14:27:11.691677Z  INFO rockstream_runtime::client: Received FenceAck for ShardId(13224250654272404656): valid=true
2026-08-23T14:27:11.692448Z  INFO rockstream_runtime::client: Received FenceAck for ShardId(13224250654272404656): valid=true
2026-08-23T14:27:11.896457Z  INFO rockstream_runtime::client: Received FenceAck for ShardId(13224250654272404656): valid=true
2026-08-23T14:27:11.896996Z  INFO rockstream_runtime::client: Received FenceAck for ShardId(13224250654272404656): valid=true
2026-08-23T14:27:12.103044Z  INFO rockstream_runtime::client: Received FenceAck for ShardId(13224250654272404656): valid=true
2026-08-23T14:27:12.103508Z  INFO rockstream_runtime::client: Received FenceAck for ShardId(13224250654272404656): valid=true
2026-08-23T14:27:12.319799Z  INFO rockstream_runtime::client: Received FenceAck for ShardId(13224250654272404656): valid=true
2026-08-23T14:27:12.321161Z  INFO rockstream_runtime::client: Received FenceAck for ShardId(13224250654272404656): valid=true
2026-08-23T14:27:12.518808Z  INFO rockstream_runtime::client: Received FenceAck for ShardId(13224250654272404656): valid=true
2026-08-23T14:27:12.521943Z  INFO rockstream_runtime::client: Received FenceAck for ShardId(13224250654272404656): valid=true
2026-08-23T14:27:12.724924Z  INFO rockstream_runtime::client: Received FenceAck for ShardId(13224250654272404656): valid=true
2026-08-23T14:27:12.726320Z  INFO rockstream_runtime::client: Received FenceAck for ShardId(13224250654272404656): valid=true
2026-08-23T14:27:12.930180Z  INFO rockstream_runtime::client: Received FenceAck for ShardId(13224250654272404656): valid=true
2026-08-23T14:27:12.931691Z  INFO rockstream_runtime::client: Received FenceAck for ShardId(13224250654272404656): valid=true
2026-08-23T14:27:13.135195Z  INFO rockstream_runtime::client: Received FenceAck for ShardId(13224250654272404656): valid=true
2026-08-23T14:27:13.136246Z  INFO rockstream_runtime::client: Received FenceAck for ShardId(13224250654272404656): valid=true
2026-08-23T14:27:13.337329Z  INFO rockstream_runtime::client: Received FenceAck for ShardId(13224250654272404656): valid=true
2026-08-23T14:27:13.338170Z  INFO rockstream_runtime::client: Received FenceAck for ShardId(13224250654272404656): valid=true
2026-08-23T14:27:13.545771Z  INFO rockstream_runtime::client: Received FenceAck for ShardId(13224250654272404656): valid=true
2026-08-23T14:27:13.546885Z  INFO rockstream_runtime::client: Received FenceAck for ShardId(13224250654272404656): valid=true
2026-08-23T14:27:13.751708Z  INFO rockstream_runtime::client: Received FenceAck for ShardId(13224250654272404656): valid=true
2026-08-23T14:27:13.753319Z  INFO rockstream_runtime::client: Received FenceAck for ShardId(13224250654272404656): valid=true
2026-08-23T14:27:13.955385Z  INFO rockstream_runtime::client: Received FenceAck for ShardId(13224250654272404656): valid=true
2026-08-23T14:27:13.956633Z  INFO rockstream_runtime::client: Received FenceAck for ShardId(13224250654272404656): valid=true
2026-08-23T14:27:14.157586Z  INFO rockstream_runtime::client: Received FenceAck for ShardId(13224250654272404656): valid=true
2026-08-23T14:27:14.158364Z  INFO rockstream_runtime::client: Received FenceAck for ShardId(13224250654272404656): valid=true
2026-08-23T14:27:14.356994Z  INFO rockstream_runtime::client: Received FenceAck for ShardId(13224250654272404656): valid=true
2026-08-23T14:27:14.357432Z  INFO rockstream_runtime::client: Received FenceAck for ShardId(13224250654272404656): valid=true
2026-08-23T14:27:14.567338Z  INFO rockstream_runtime::client: Received FenceAck for ShardId(13224250654272404656): valid=true
2026-08-23T14:27:14.569033Z  INFO rockstream_runtime::client: Received FenceAck for ShardId(13224250654272404656): valid=true
2026-08-23T14:27:14.780708Z  INFO rockstream_runtime::client: Received FenceAck for ShardId(13224250654272404656): valid=true
2026-08-23T14:27:14.781941Z  INFO rockstream_runtime::client: Received FenceAck for ShardId(13224250654272404656): valid=true
2026-08-23T14:27:14.976364Z  INFO rockstream_runtime::client: Received FenceAck for ShardId(13224250654272404656): valid=true
2026-08-23T14:27:14.977711Z  INFO rockstream_runtime::client: Received FenceAck for ShardId(13224250654272404656): valid=true
2026-08-23T14:27:15.183504Z  INFO rockstream_runtime::client: Received FenceAck for ShardId(13224250654272404656): valid=true
2026-08-23T14:27:15.184477Z  INFO rockstream_runtime::client: Received FenceAck for ShardId(13224250654272404656): valid=true
2026-08-23T14:27:15.382901Z  INFO rockstream_runtime::client: Received FenceAck for ShardId(13224250654272404656): valid=true
2026-08-23T14:27:15.383323Z  INFO rockstream_runtime::client: Received FenceAck for ShardId(13224250654272404656): valid=true
2026-08-23T14:27:15.593324Z  INFO rockstream_runtime::client: Received FenceAck for ShardId(13224250654272404656): valid=true
2026-08-23T14:27:15.596514Z  INFO rockstream_runtime::client: Received FenceAck for ShardId(13224250654272404656): valid=true
2026-08-23T14:27:15.801372Z  INFO rockstream_runtime::client: Received FenceAck for ShardId(13224250654272404656): valid=true
2026-08-23T14:27:15.803257Z  INFO rockstream_runtime::client: Received FenceAck for ShardId(13224250654272404656): valid=true
2026-08-23T14:27:16.004762Z  INFO rockstream_runtime::client: Received FenceAck for ShardId(13224250654272404656): valid=true
2026-08-23T14:27:16.005943Z  INFO rockstream_runtime::client: Received FenceAck for ShardId(13224250654272404656): valid=true
2026-08-23T14:27:46.397307Z  INFO rockstream_runtime::client: Received FenceAck for ShardId(13224250654272404656): valid=true
2026-08-23T14:27:46.397796Z  INFO rockstream_runtime::client: Received FenceAck for ShardId(13224250654272404656): valid=true
2026-08-23T14:27:46.602739Z  INFO rockstream_runtime::client: Received FenceAck for ShardId(13224250654272404656): valid=true
2026-08-23T14:27:46.603124Z  INFO rockstream_runtime::client: Received FenceAck for ShardId(13224250654272404656): valid=true
2026-08-23T14:27:46.804786Z  INFO rockstream_runtime::client: Received FenceAck for ShardId(13224250654272404656): valid=true
2026-08-23T14:27:46.805188Z  INFO rockstream_runtime::client: Received FenceAck for ShardId(13224250654272404656): valid=true
2026-08-23T14:27:47.009548Z  INFO rockstream_runtime::client: Received FenceAck for ShardId(13224250654272404656): valid=true
2026-08-23T14:27:47.009907Z  INFO rockstream_runtime::client: Received FenceAck for ShardId(13224250654272404656): valid=true
2026-08-23T14:27:47.212417Z  INFO rockstream_runtime::client: Received FenceAck for ShardId(13224250654272404656): valid=true
2026-08-23T14:27:47.212829Z  INFO rockstream_runtime::client: Received FenceAck for ShardId(13224250654272404656): valid=true
2026-08-23T14:27:47.418638Z  INFO rockstream_runtime::client: Received FenceAck for ShardId(13224250654272404656): valid=true
2026-08-23T14:27:47.419016Z  INFO rockstream_runtime::client: Received FenceAck for ShardId(13224250654272404656): valid=true
2026-08-23T14:27:47.623133Z  INFO rockstream_runtime::client: Received FenceAck for ShardId(13224250654272404656): valid=true
2026-08-23T14:27:47.623511Z  INFO rockstream_runtime::client: Received FenceAck for ShardId(13224250654272404656): valid=true
2026-08-23T14:27:47.838137Z  INFO rockstream_runtime::client: Received FenceAck for ShardId(13224250654272404656): valid=true
2026-08-23T14:27:47.838515Z  INFO rockstream_runtime::client: Received FenceAck for ShardId(13224250654272404656): valid=true
2026-08-23T14:27:48.044326Z  INFO rockstream_runtime::client: Received FenceAck for ShardId(13224250654272404656): valid=true
2026-08-23T14:27:48.044705Z  INFO rockstream_runtime::client: Received FenceAck for ShardId(13224250654272404656): valid=true
2026-08-23T14:27:48.353954Z  INFO rockstream_runtime::client: Received FenceAck for ShardId(13224250654272404656): valid=true
2026-08-23T14:27:48.354341Z  INFO rockstream_runtime::client: Received FenceAck for ShardId(13224250654272404656): valid=true
2026-08-23T14:27:48.662791Z  INFO rockstream_runtime::client: Received FenceAck for ShardId(13224250654272404656): valid=true
2026-08-23T14:27:48.663169Z  INFO rockstream_runtime::client: Received FenceAck for ShardId(13224250654272404656): valid=true
2026-08-23T14:27:48.967570Z  INFO rockstream_runtime::client: Received FenceAck for ShardId(13224250654272404656): valid=true
2026-08-23T14:27:48.967946Z  INFO rockstream_runtime::client: Received FenceAck for ShardId(13224250654272404656): valid=true
2026-08-23T14:27:49.286199Z  INFO rockstream_runtime::client: Received FenceAck for ShardId(13224250654272404656): valid=true
2026-08-23T14:27:49.286973Z  INFO rockstream_runtime::client: Received FenceAck for ShardId(13224250654272404656): valid=true
2026-08-23T14:27:49.580585Z  INFO rockstream_runtime::client: Received FenceAck for ShardId(13224250654272404656): valid=true
2026-08-23T14:27:49.580930Z  INFO rockstream_runtime::client: Received FenceAck for ShardId(13224250654272404656): valid=true
2026-08-23T14:27:49.887585Z  INFO rockstream_runtime::client: Received FenceAck for ShardId(13224250654272404656): valid=true
2026-08-23T14:27:49.887947Z  INFO rockstream_runtime::client: Received FenceAck for ShardId(13224250654272404656): valid=true
2026-08-23T14:27:50.212550Z  INFO rockstream_runtime::client: Received FenceAck for ShardId(13224250654272404656): valid=true
2026-08-23T14:27:50.213267Z  INFO rockstream_runtime::client: Received FenceAck for ShardId(13224250654272404656): valid=true
2026-08-23T14:27:50.506481Z  INFO rockstream_runtime::client: Received FenceAck for ShardId(13224250654272404656): valid=true
2026-08-23T14:27:50.506847Z  INFO rockstream_runtime::client: Received FenceAck for ShardId(13224250654272404656): valid=true
2026-08-23T14:27:50.815941Z  INFO rockstream_runtime::client: Received FenceAck for ShardId(13224250654272404656): valid=true
2026-08-23T14:27:50.816314Z  INFO rockstream_runtime::client: Received FenceAck for ShardId(13224250654272404656): valid=true
2026-08-23T14:27:51.328190Z  INFO rockstream_runtime::client: Received FenceAck for ShardId(13224250654272404656): valid=true
2026-08-23T14:27:51.328433Z  INFO rockstream_runtime::client: Received FenceAck for ShardId(13224250654272404656): valid=true
2026-08-23T14:27:51.843355Z  INFO rockstream_runtime::client: Received FenceAck for ShardId(13224250654272404656): valid=true
2026-08-23T14:27:51.843716Z  INFO rockstream_runtime::client: Received FenceAck for ShardId(13224250654272404656): valid=true
2026-08-23T14:28:48.201468Z  INFO rockstream_cli: shutdown signal received — stopping daemon
2026-08-23T14:28:48.230918Z  INFO rockstream: rockstream: node stopped cleanly audit=/var/folders/vq/593qxcm57l90w1dlpywl_7nw0000gn/T/rockstream-r1-local-bWmYfa/worker-1/audit.jsonl bundle=/var/folders/vq/593qxcm57l90w1dlpywl_7nw0000gn/T/rockstream-r1-local-bWmYfa/worker-1/support-bundle-1787495328202.json events=5
