2026-08-23T12:30:37.414622Z  INFO rockstream_cli: metrics server started metrics_addr=127.0.0.1:58937
2026-08-23T12:30:37.468625Z  INFO rockstream_cli: node running in daemon mode — blocking until shutdown signal role=worker
2026-08-23T12:30:37.470245Z  INFO rockstream_runtime::client: Worker client registered successfully as WorkerId(1)
2026-08-23T12:30:37.588336Z  INFO rockstream_runtime::client: Received ShardAssigned lease for ShardId(13224250654272404656)
2026-08-23T12:30:37.589012Z  INFO slatedb::db::builder: opening SlateDB database [path=db, settings={"flush_interval":"100ms","manifest_poll_interval":"1s","manifest_update_timeout":"300s","min_filter_keys":1000,"l0_sst_size_bytes":67108864,"max_wal_flushes_before_l0_flush":4096,"l0_max_ssts":8,"l0_max_ssts_per_key":8,"l0_flush_parallelism":4,"max_unflushed_bytes":1073741824,"compactor_options":{"poll_interval":"5s","manifest_update_timeout":"300s","max_sst_size":268435456,"max_concurrent_compactions":4,"max_fetch_tasks":4,"scheduler_options":{}},"compression_codec":null,"object_store_cache_options":{"root_folder":null,"max_cache_size_bytes":17179869184,"part_size_bytes":4194304,"cache_puts":false,"preload_disk_cache_on_startup":null,"scan_interval":"3600s","max_open_file_handles":1000},"garbage_collector_options":{"manifest_options":{"interval":"60s","min_age":"300s"},"wal_options":{"interval":"60s","min_age":"300s"},"compacted_options":{"interval":"60s","min_age":"300s"},"compactions_options":{"interval":"60s","min_age":"300s"},"detach_options":{"interval":"60s"}},"default_ttl":null}]
2026-08-23T12:30:37.592690Z  INFO slatedb::compactor_state_protocols: creating new compactions file [compactor_epoch=0]
2026-08-23T12:30:37.698888Z  INFO slatedb::db::builder: opening SlateDB database [path=db, settings={"flush_interval":"100ms","manifest_poll_interval":"1s","manifest_update_timeout":"300s","min_filter_keys":1000,"l0_sst_size_bytes":67108864,"max_wal_flushes_before_l0_flush":4096,"l0_max_ssts":8,"l0_max_ssts_per_key":8,"l0_flush_parallelism":4,"max_unflushed_bytes":1073741824,"compactor_options":{"poll_interval":"5s","manifest_update_timeout":"300s","max_sst_size":268435456,"max_concurrent_compactions":4,"max_fetch_tasks":4,"scheduler_options":{}},"compression_codec":null,"object_store_cache_options":{"root_folder":null,"max_cache_size_bytes":17179869184,"part_size_bytes":4194304,"cache_puts":false,"preload_disk_cache_on_startup":null,"scan_interval":"3600s","max_open_file_handles":1000},"garbage_collector_options":{"manifest_options":{"interval":"60s","min_age":"300s"},"wal_options":{"interval":"60s","min_age":"300s"},"compacted_options":{"interval":"60s","min_age":"300s"},"compactions_options":{"interval":"60s","min_age":"300s"},"detach_options":{"interval":"60s"}},"default_ttl":null}]
2026-08-23T12:30:37.708263Z  INFO slatedb::compactor_state_protocols: creating new compactions file [compactor_epoch=0]
2026-08-23T12:30:37.714677Z  INFO slatedb::garbage_collector: garbage collector shutdown
2026-08-23T12:30:37.714709Z  INFO slatedb::db: db closed
2026-08-23T12:30:37.883114Z  INFO rockstream_runtime::client: Received FenceAck for ShardId(13224250654272404656): valid=true
2026-08-23T12:30:37.883863Z  INFO rockstream_runtime::client: Received FenceAck for ShardId(13224250654272404656): valid=true
2026-08-23T12:30:38.091485Z  INFO rockstream_runtime::client: Received FenceAck for ShardId(13224250654272404656): valid=true
2026-08-23T12:30:38.092492Z  INFO rockstream_runtime::client: Received FenceAck for ShardId(13224250654272404656): valid=true
2026-08-23T12:30:38.294085Z  INFO rockstream_runtime::client: Received FenceAck for ShardId(13224250654272404656): valid=true
2026-08-23T12:30:38.295322Z  INFO rockstream_runtime::client: Received FenceAck for ShardId(13224250654272404656): valid=true
2026-08-23T12:30:38.501822Z  INFO rockstream_runtime::client: Received FenceAck for ShardId(13224250654272404656): valid=true
2026-08-23T12:30:38.502764Z  INFO rockstream_runtime::client: Received FenceAck for ShardId(13224250654272404656): valid=true
2026-08-23T12:30:38.705075Z  INFO rockstream_runtime::client: Received FenceAck for ShardId(13224250654272404656): valid=true
2026-08-23T12:30:38.705402Z  INFO rockstream_runtime::client: Received FenceAck for ShardId(13224250654272404656): valid=true
2026-08-23T12:30:38.914769Z  INFO rockstream_runtime::client: Received FenceAck for ShardId(13224250654272404656): valid=true
2026-08-23T12:30:38.915981Z  INFO rockstream_runtime::client: Received FenceAck for ShardId(13224250654272404656): valid=true
2026-08-23T12:30:39.115903Z  INFO rockstream_runtime::client: Received FenceAck for ShardId(13224250654272404656): valid=true
2026-08-23T12:30:39.116670Z  INFO rockstream_runtime::client: Received FenceAck for ShardId(13224250654272404656): valid=true
2026-08-23T12:30:39.322066Z  INFO rockstream_runtime::client: Received FenceAck for ShardId(13224250654272404656): valid=true
2026-08-23T12:30:39.323025Z  INFO rockstream_runtime::client: Received FenceAck for ShardId(13224250654272404656): valid=true
2026-08-23T12:30:39.527468Z  INFO rockstream_runtime::client: Received FenceAck for ShardId(13224250654272404656): valid=true
2026-08-23T12:30:39.528656Z  INFO rockstream_runtime::client: Received FenceAck for ShardId(13224250654272404656): valid=true
2026-08-23T12:30:39.731812Z  INFO rockstream_runtime::client: Received FenceAck for ShardId(13224250654272404656): valid=true
2026-08-23T12:30:39.733566Z  INFO rockstream_runtime::client: Received FenceAck for ShardId(13224250654272404656): valid=true
2026-08-23T12:30:39.937251Z  INFO rockstream_runtime::client: Received FenceAck for ShardId(13224250654272404656): valid=true
2026-08-23T12:30:39.937888Z  INFO rockstream_runtime::client: Received FenceAck for ShardId(13224250654272404656): valid=true
2026-08-23T12:30:40.146610Z  INFO rockstream_runtime::client: Received FenceAck for ShardId(13224250654272404656): valid=true
2026-08-23T12:30:40.147248Z  INFO rockstream_runtime::client: Received FenceAck for ShardId(13224250654272404656): valid=true
2026-08-23T12:30:40.349552Z  INFO rockstream_runtime::client: Received FenceAck for ShardId(13224250654272404656): valid=true
2026-08-23T12:30:40.350156Z  INFO rockstream_runtime::client: Received FenceAck for ShardId(13224250654272404656): valid=true
2026-08-23T12:30:40.556868Z  INFO rockstream_runtime::client: Received FenceAck for ShardId(13224250654272404656): valid=true
2026-08-23T12:30:40.557498Z  INFO rockstream_runtime::client: Received FenceAck for ShardId(13224250654272404656): valid=true
2026-08-23T12:30:40.764604Z  INFO rockstream_runtime::client: Received FenceAck for ShardId(13224250654272404656): valid=true
2026-08-23T12:30:40.765803Z  INFO rockstream_runtime::client: Received FenceAck for ShardId(13224250654272404656): valid=true
2026-08-23T12:30:40.968959Z  INFO rockstream_runtime::client: Received FenceAck for ShardId(13224250654272404656): valid=true
2026-08-23T12:30:40.969680Z  INFO rockstream_runtime::client: Received FenceAck for ShardId(13224250654272404656): valid=true
2026-08-23T12:30:41.172728Z  INFO rockstream_runtime::client: Received FenceAck for ShardId(13224250654272404656): valid=true
2026-08-23T12:30:41.173422Z  INFO rockstream_runtime::client: Received FenceAck for ShardId(13224250654272404656): valid=true
2026-08-23T12:30:41.378037Z  INFO rockstream_runtime::client: Received FenceAck for ShardId(13224250654272404656): valid=true
2026-08-23T12:30:41.378759Z  INFO rockstream_runtime::client: Received FenceAck for ShardId(13224250654272404656): valid=true
2026-08-23T12:30:41.583271Z  INFO rockstream_runtime::client: Received FenceAck for ShardId(13224250654272404656): valid=true
2026-08-23T12:30:41.583980Z  INFO rockstream_runtime::client: Received FenceAck for ShardId(13224250654272404656): valid=true
2026-08-23T12:30:41.789394Z  INFO rockstream_runtime::client: Received FenceAck for ShardId(13224250654272404656): valid=true
2026-08-23T12:30:41.790508Z  INFO rockstream_runtime::client: Received FenceAck for ShardId(13224250654272404656): valid=true
2026-08-23T12:30:41.995545Z  INFO rockstream_runtime::client: Received FenceAck for ShardId(13224250654272404656): valid=true
2026-08-23T12:30:41.996595Z  INFO rockstream_runtime::client: Received FenceAck for ShardId(13224250654272404656): valid=true
2026-08-23T12:30:42.196344Z  INFO rockstream_runtime::client: Received FenceAck for ShardId(13224250654272404656): valid=true
2026-08-23T12:30:42.196957Z  INFO rockstream_runtime::client: Received FenceAck for ShardId(13224250654272404656): valid=true
2026-08-23T12:30:42.398692Z  INFO rockstream_runtime::client: Received FenceAck for ShardId(13224250654272404656): valid=true
2026-08-23T12:30:42.399498Z  INFO rockstream_runtime::client: Received FenceAck for ShardId(13224250654272404656): valid=true
2026-08-23T12:30:42.603043Z  INFO rockstream_runtime::client: Received FenceAck for ShardId(13224250654272404656): valid=true
2026-08-23T12:30:42.603880Z  INFO rockstream_runtime::client: Received FenceAck for ShardId(13224250654272404656): valid=true
2026-08-23T12:30:42.809002Z  INFO rockstream_runtime::client: Received FenceAck for ShardId(13224250654272404656): valid=true
2026-08-23T12:30:42.809824Z  INFO rockstream_runtime::client: Received FenceAck for ShardId(13224250654272404656): valid=true
2026-08-23T12:30:43.015173Z  INFO rockstream_runtime::client: Received FenceAck for ShardId(13224250654272404656): valid=true
2026-08-23T12:30:43.016386Z  INFO rockstream_runtime::client: Received FenceAck for ShardId(13224250654272404656): valid=true
2026-08-23T12:30:43.211918Z  INFO rockstream_runtime::client: Received FenceAck for ShardId(13224250654272404656): valid=true
2026-08-23T12:30:43.212303Z  INFO rockstream_runtime::client: Received FenceAck for ShardId(13224250654272404656): valid=true
2026-08-23T12:30:43.415644Z  INFO rockstream_runtime::client: Received FenceAck for ShardId(13224250654272404656): valid=true
2026-08-23T12:30:43.416034Z  INFO rockstream_runtime::client: Received FenceAck for ShardId(13224250654272404656): valid=true
2026-08-23T12:30:43.617911Z  INFO rockstream_runtime::client: Received FenceAck for ShardId(13224250654272404656): valid=true
2026-08-23T12:30:43.618226Z  INFO rockstream_runtime::client: Received FenceAck for ShardId(13224250654272404656): valid=true
2026-08-23T12:30:43.822116Z  INFO rockstream_runtime::client: Received FenceAck for ShardId(13224250654272404656): valid=true
2026-08-23T12:30:43.822659Z  INFO rockstream_runtime::client: Received FenceAck for ShardId(13224250654272404656): valid=true
2026-08-23T12:30:44.029450Z  INFO rockstream_runtime::client: Received FenceAck for ShardId(13224250654272404656): valid=true
2026-08-23T12:30:44.030061Z  INFO rockstream_runtime::client: Received FenceAck for ShardId(13224250654272404656): valid=true
2026-08-23T12:30:44.237578Z  INFO rockstream_runtime::client: Received FenceAck for ShardId(13224250654272404656): valid=true
2026-08-23T12:30:44.238432Z  INFO rockstream_runtime::client: Received FenceAck for ShardId(13224250654272404656): valid=true
2026-08-23T12:30:44.443109Z  INFO rockstream_runtime::client: Received FenceAck for ShardId(13224250654272404656): valid=true
2026-08-23T12:30:44.444225Z  INFO rockstream_runtime::client: Received FenceAck for ShardId(13224250654272404656): valid=true
2026-08-23T12:30:44.641132Z  INFO rockstream_runtime::client: Received FenceAck for ShardId(13224250654272404656): valid=true
2026-08-23T12:30:44.641443Z  INFO rockstream_runtime::client: Received FenceAck for ShardId(13224250654272404656): valid=true
2026-08-23T12:30:44.849818Z  INFO rockstream_runtime::client: Received FenceAck for ShardId(13224250654272404656): valid=true
2026-08-23T12:30:44.850917Z  INFO rockstream_runtime::client: Received FenceAck for ShardId(13224250654272404656): valid=true
2026-08-23T12:30:45.049496Z  INFO rockstream_runtime::client: Received FenceAck for ShardId(13224250654272404656): valid=true
2026-08-23T12:30:45.049937Z  INFO rockstream_runtime::client: Received FenceAck for ShardId(13224250654272404656): valid=true
2026-08-23T12:30:45.257777Z  INFO rockstream_runtime::client: Received FenceAck for ShardId(13224250654272404656): valid=true
2026-08-23T12:30:45.258912Z  INFO rockstream_runtime::client: Received FenceAck for ShardId(13224250654272404656): valid=true
2026-08-23T12:30:45.461412Z  INFO rockstream_runtime::client: Received FenceAck for ShardId(13224250654272404656): valid=true
2026-08-23T12:30:45.462154Z  INFO rockstream_runtime::client: Received FenceAck for ShardId(13224250654272404656): valid=true
2026-08-23T12:30:45.663697Z  INFO rockstream_runtime::client: Received FenceAck for ShardId(13224250654272404656): valid=true
2026-08-23T12:30:45.664014Z  INFO rockstream_runtime::client: Received FenceAck for ShardId(13224250654272404656): valid=true
2026-08-23T12:30:45.871977Z  INFO rockstream_runtime::client: Received FenceAck for ShardId(13224250654272404656): valid=true
2026-08-23T12:30:45.873168Z  INFO rockstream_runtime::client: Received FenceAck for ShardId(13224250654272404656): valid=true
2026-08-23T12:30:46.074610Z  INFO rockstream_runtime::client: Received FenceAck for ShardId(13224250654272404656): valid=true
2026-08-23T12:30:46.075050Z  INFO rockstream_runtime::client: Received FenceAck for ShardId(13224250654272404656): valid=true
2026-08-23T12:30:46.280360Z  INFO rockstream_runtime::client: Received FenceAck for ShardId(13224250654272404656): valid=true
2026-08-23T12:30:46.280704Z  INFO rockstream_runtime::client: Received FenceAck for ShardId(13224250654272404656): valid=true
2026-08-23T12:30:46.494462Z  INFO rockstream_runtime::client: Received FenceAck for ShardId(13224250654272404656): valid=true
2026-08-23T12:30:46.495763Z  INFO rockstream_runtime::client: Received FenceAck for ShardId(13224250654272404656): valid=true
2026-08-23T12:30:46.694892Z  INFO rockstream_runtime::client: Received FenceAck for ShardId(13224250654272404656): valid=true
2026-08-23T12:30:46.695593Z  INFO rockstream_runtime::client: Received FenceAck for ShardId(13224250654272404656): valid=true
2026-08-23T12:30:46.901023Z  INFO rockstream_runtime::client: Received FenceAck for ShardId(13224250654272404656): valid=true
2026-08-23T12:30:46.901817Z  INFO rockstream_runtime::client: Received FenceAck for ShardId(13224250654272404656): valid=true
2026-08-23T12:30:47.104572Z  INFO rockstream_runtime::client: Received FenceAck for ShardId(13224250654272404656): valid=true
2026-08-23T12:30:47.105692Z  INFO rockstream_runtime::client: Received FenceAck for ShardId(13224250654272404656): valid=true
2026-08-23T12:30:47.310643Z  INFO rockstream_runtime::client: Received FenceAck for ShardId(13224250654272404656): valid=true
2026-08-23T12:30:47.311522Z  INFO rockstream_runtime::client: Received FenceAck for ShardId(13224250654272404656): valid=true
2026-08-23T12:30:47.511669Z  INFO rockstream_runtime::client: Received FenceAck for ShardId(13224250654272404656): valid=true
2026-08-23T12:30:47.512010Z  INFO rockstream_runtime::client: Received FenceAck for ShardId(13224250654272404656): valid=true
2026-08-23T12:30:47.718912Z  INFO rockstream_runtime::client: Received FenceAck for ShardId(13224250654272404656): valid=true
2026-08-23T12:30:47.719759Z  INFO rockstream_runtime::client: Received FenceAck for ShardId(13224250654272404656): valid=true
2026-08-23T12:30:47.922876Z  INFO rockstream_runtime::client: Received FenceAck for ShardId(13224250654272404656): valid=true
2026-08-23T12:30:47.923623Z  INFO rockstream_runtime::client: Received FenceAck for ShardId(13224250654272404656): valid=true
2026-08-23T12:30:48.127709Z  INFO rockstream_runtime::client: Received FenceAck for ShardId(13224250654272404656): valid=true
2026-08-23T12:30:48.129035Z  INFO rockstream_runtime::client: Received FenceAck for ShardId(13224250654272404656): valid=true
2026-08-23T12:30:48.332761Z  INFO rockstream_runtime::client: Received FenceAck for ShardId(13224250654272404656): valid=true
2026-08-23T12:30:48.334232Z  INFO rockstream_runtime::client: Received FenceAck for ShardId(13224250654272404656): valid=true
2026-08-23T12:30:48.538206Z  INFO rockstream_runtime::client: Received FenceAck for ShardId(13224250654272404656): valid=true
2026-08-23T12:30:48.538811Z  INFO rockstream_runtime::client: Received FenceAck for ShardId(13224250654272404656): valid=true
2026-08-23T12:30:48.745401Z  INFO rockstream_runtime::client: Received FenceAck for ShardId(13224250654272404656): valid=true
2026-08-23T12:30:48.746764Z  INFO rockstream_runtime::client: Received FenceAck for ShardId(13224250654272404656): valid=true
2026-08-23T12:30:48.946844Z  INFO rockstream_runtime::client: Received FenceAck for ShardId(13224250654272404656): valid=true
2026-08-23T12:30:48.947805Z  INFO rockstream_runtime::client: Received FenceAck for ShardId(13224250654272404656): valid=true
2026-08-23T12:30:49.152377Z  INFO rockstream_runtime::client: Received FenceAck for ShardId(13224250654272404656): valid=true
2026-08-23T12:30:49.153584Z  INFO rockstream_runtime::client: Received FenceAck for ShardId(13224250654272404656): valid=true
2026-08-23T12:30:49.357138Z  INFO rockstream_runtime::client: Received FenceAck for ShardId(13224250654272404656): valid=true
2026-08-23T12:30:49.362092Z  INFO rockstream_runtime::client: Received FenceAck for ShardId(13224250654272404656): valid=true
2026-08-23T12:30:49.562086Z  INFO rockstream_runtime::client: Received FenceAck for ShardId(13224250654272404656): valid=true
2026-08-23T12:30:49.563156Z  INFO rockstream_runtime::client: Received FenceAck for ShardId(13224250654272404656): valid=true
2026-08-23T12:30:49.766692Z  INFO rockstream_runtime::client: Received FenceAck for ShardId(13224250654272404656): valid=true
2026-08-23T12:30:49.768047Z  INFO rockstream_runtime::client: Received FenceAck for ShardId(13224250654272404656): valid=true
2026-08-23T12:30:49.968789Z  INFO rockstream_runtime::client: Received FenceAck for ShardId(13224250654272404656): valid=true
2026-08-23T12:30:49.969164Z  INFO rockstream_runtime::client: Received FenceAck for ShardId(13224250654272404656): valid=true
2026-08-23T12:30:50.174911Z  INFO rockstream_runtime::client: Received FenceAck for ShardId(13224250654272404656): valid=true
2026-08-23T12:30:50.177348Z  INFO rockstream_runtime::client: Received FenceAck for ShardId(13224250654272404656): valid=true
2026-08-23T12:30:50.375363Z  INFO rockstream_runtime::client: Received FenceAck for ShardId(13224250654272404656): valid=true
2026-08-23T12:30:50.376656Z  INFO rockstream_runtime::client: Received FenceAck for ShardId(13224250654272404656): valid=true
2026-08-23T12:30:50.582920Z  INFO rockstream_runtime::client: Received FenceAck for ShardId(13224250654272404656): valid=true
2026-08-23T12:30:50.584262Z  INFO rockstream_runtime::client: Received FenceAck for ShardId(13224250654272404656): valid=true
2026-08-23T12:30:50.788211Z  INFO rockstream_runtime::client: Received FenceAck for ShardId(13224250654272404656): valid=true
2026-08-23T12:30:50.789352Z  INFO rockstream_runtime::client: Received FenceAck for ShardId(13224250654272404656): valid=true
2026-08-23T12:30:50.991131Z  INFO rockstream_runtime::client: Received FenceAck for ShardId(13224250654272404656): valid=true
2026-08-23T12:30:50.991741Z  INFO rockstream_runtime::client: Received FenceAck for ShardId(13224250654272404656): valid=true
2026-08-23T12:30:51.199432Z  INFO rockstream_runtime::client: Received FenceAck for ShardId(13224250654272404656): valid=true
2026-08-23T12:30:51.200624Z  INFO rockstream_runtime::client: Received FenceAck for ShardId(13224250654272404656): valid=true
2026-08-23T12:30:51.405766Z  INFO rockstream_runtime::client: Received FenceAck for ShardId(13224250654272404656): valid=true
2026-08-23T12:30:51.407038Z  INFO rockstream_runtime::client: Received FenceAck for ShardId(13224250654272404656): valid=true
2026-08-23T12:30:51.609053Z  INFO rockstream_runtime::client: Received FenceAck for ShardId(13224250654272404656): valid=true
2026-08-23T12:30:51.610227Z  INFO rockstream_runtime::client: Received FenceAck for ShardId(13224250654272404656): valid=true
2026-08-23T12:30:51.814358Z  INFO rockstream_runtime::client: Received FenceAck for ShardId(13224250654272404656): valid=true
2026-08-23T12:30:51.816139Z  INFO rockstream_runtime::client: Received FenceAck for ShardId(13224250654272404656): valid=true
2026-08-23T12:30:52.013408Z  INFO rockstream_runtime::client: Received FenceAck for ShardId(13224250654272404656): valid=true
2026-08-23T12:30:52.013798Z  INFO rockstream_runtime::client: Received FenceAck for ShardId(13224250654272404656): valid=true
2026-08-23T12:30:52.223818Z  INFO rockstream_runtime::client: Received FenceAck for ShardId(13224250654272404656): valid=true
2026-08-23T12:30:52.225157Z  INFO rockstream_runtime::client: Received FenceAck for ShardId(13224250654272404656): valid=true
2026-08-23T12:30:52.427547Z  INFO rockstream_runtime::client: Received FenceAck for ShardId(13224250654272404656): valid=true
2026-08-23T12:30:52.428406Z  INFO rockstream_runtime::client: Received FenceAck for ShardId(13224250654272404656): valid=true
2026-08-23T12:30:52.635967Z  INFO rockstream_runtime::client: Received FenceAck for ShardId(13224250654272404656): valid=true
2026-08-23T12:30:52.636626Z  INFO rockstream_runtime::client: Received FenceAck for ShardId(13224250654272404656): valid=true
2026-08-23T12:30:52.838300Z  INFO rockstream_runtime::client: Received FenceAck for ShardId(13224250654272404656): valid=true
2026-08-23T12:30:52.838927Z  INFO rockstream_runtime::client: Received FenceAck for ShardId(13224250654272404656): valid=true
2026-08-23T12:30:53.039651Z  INFO rockstream_runtime::client: Received FenceAck for ShardId(13224250654272404656): valid=true
2026-08-23T12:30:53.040242Z  INFO rockstream_runtime::client: Received FenceAck for ShardId(13224250654272404656): valid=true
2026-08-23T12:30:53.246813Z  INFO rockstream_runtime::client: Received FenceAck for ShardId(13224250654272404656): valid=true
2026-08-23T12:30:53.248216Z  INFO rockstream_runtime::client: Received FenceAck for ShardId(13224250654272404656): valid=true
2026-08-23T12:30:53.447392Z  INFO rockstream_runtime::client: Received FenceAck for ShardId(13224250654272404656): valid=true
2026-08-23T12:30:53.447712Z  INFO rockstream_runtime::client: Received FenceAck for ShardId(13224250654272404656): valid=true
2026-08-23T12:30:53.654132Z  INFO rockstream_runtime::client: Received FenceAck for ShardId(13224250654272404656): valid=true
2026-08-23T12:30:53.654462Z  INFO rockstream_runtime::client: Received FenceAck for ShardId(13224250654272404656): valid=true
2026-08-23T12:30:53.860861Z  INFO rockstream_runtime::client: Received FenceAck for ShardId(13224250654272404656): valid=true
2026-08-23T12:30:53.861982Z  INFO rockstream_runtime::client: Received FenceAck for ShardId(13224250654272404656): valid=true
2026-08-23T12:30:54.063278Z  INFO rockstream_runtime::client: Received FenceAck for ShardId(13224250654272404656): valid=true
2026-08-23T12:30:54.064069Z  INFO rockstream_runtime::client: Received FenceAck for ShardId(13224250654272404656): valid=true
2026-08-23T12:30:54.271404Z  INFO rockstream_runtime::client: Received FenceAck for ShardId(13224250654272404656): valid=true
2026-08-23T12:30:54.272284Z  INFO rockstream_runtime::client: Received FenceAck for ShardId(13224250654272404656): valid=true
2026-08-23T12:30:54.476259Z  INFO rockstream_runtime::client: Received FenceAck for ShardId(13224250654272404656): valid=true
2026-08-23T12:30:54.477490Z  INFO rockstream_runtime::client: Received FenceAck for ShardId(13224250654272404656): valid=true
2026-08-23T12:30:54.675089Z  INFO rockstream_runtime::client: Received FenceAck for ShardId(13224250654272404656): valid=true
2026-08-23T12:30:54.675390Z  INFO rockstream_runtime::client: Received FenceAck for ShardId(13224250654272404656): valid=true
2026-08-23T12:30:54.884490Z  INFO rockstream_runtime::client: Received FenceAck for ShardId(13224250654272404656): valid=true
2026-08-23T12:30:54.885295Z  INFO rockstream_runtime::client: Received FenceAck for ShardId(13224250654272404656): valid=true
2026-08-23T12:30:55.088710Z  INFO rockstream_runtime::client: Received FenceAck for ShardId(13224250654272404656): valid=true
2026-08-23T12:30:55.089872Z  INFO rockstream_runtime::client: Received FenceAck for ShardId(13224250654272404656): valid=true
2026-08-23T12:30:55.292454Z  INFO rockstream_runtime::client: Received FenceAck for ShardId(13224250654272404656): valid=true
2026-08-23T12:30:55.293189Z  INFO rockstream_runtime::client: Received FenceAck for ShardId(13224250654272404656): valid=true
2026-08-23T12:30:55.502747Z  INFO rockstream_runtime::client: Received FenceAck for ShardId(13224250654272404656): valid=true
2026-08-23T12:30:55.503973Z  INFO rockstream_runtime::client: Received FenceAck for ShardId(13224250654272404656): valid=true
2026-08-23T12:30:55.704086Z  INFO rockstream_runtime::client: Received FenceAck for ShardId(13224250654272404656): valid=true
2026-08-23T12:30:55.704463Z  INFO rockstream_runtime::client: Received FenceAck for ShardId(13224250654272404656): valid=true
2026-08-23T12:30:55.907470Z  INFO rockstream_runtime::client: Received FenceAck for ShardId(13224250654272404656): valid=true
2026-08-23T12:30:55.907794Z  INFO rockstream_runtime::client: Received FenceAck for ShardId(13224250654272404656): valid=true
2026-08-23T12:30:56.114995Z  INFO rockstream_runtime::client: Received FenceAck for ShardId(13224250654272404656): valid=true
2026-08-23T12:30:56.115914Z  INFO rockstream_runtime::client: Received FenceAck for ShardId(13224250654272404656): valid=true
2026-08-23T12:30:56.320707Z  INFO rockstream_runtime::client: Received FenceAck for ShardId(13224250654272404656): valid=true
2026-08-23T12:30:56.321891Z  INFO rockstream_runtime::client: Received FenceAck for ShardId(13224250654272404656): valid=true
2026-08-23T12:30:56.521687Z  INFO rockstream_runtime::client: Received FenceAck for ShardId(13224250654272404656): valid=true
2026-08-23T12:30:56.521978Z  INFO rockstream_runtime::client: Received FenceAck for ShardId(13224250654272404656): valid=true
2026-08-23T12:30:56.730179Z  INFO rockstream_runtime::client: Received FenceAck for ShardId(13224250654272404656): valid=true
2026-08-23T12:30:56.731066Z  INFO rockstream_runtime::client: Received FenceAck for ShardId(13224250654272404656): valid=true
2026-08-23T12:30:56.935893Z  INFO rockstream_runtime::client: Received FenceAck for ShardId(13224250654272404656): valid=true
2026-08-23T12:30:56.937586Z  INFO rockstream_runtime::client: Received FenceAck for ShardId(13224250654272404656): valid=true
2026-08-23T12:30:57.148356Z  INFO rockstream_runtime::client: Received FenceAck for ShardId(13224250654272404656): valid=true
2026-08-23T12:30:57.149272Z  INFO rockstream_runtime::client: Received FenceAck for ShardId(13224250654272404656): valid=true
2026-08-23T12:30:57.343515Z  INFO rockstream_runtime::client: Received FenceAck for ShardId(13224250654272404656): valid=true
2026-08-23T12:30:57.344414Z  INFO rockstream_runtime::client: Received FenceAck for ShardId(13224250654272404656): valid=true
2026-08-23T12:30:57.548949Z  INFO rockstream_runtime::client: Received FenceAck for ShardId(13224250654272404656): valid=true
2026-08-23T12:30:57.550381Z  INFO rockstream_runtime::client: Received FenceAck for ShardId(13224250654272404656): valid=true
2026-08-23T12:30:57.748710Z  INFO rockstream_runtime::client: Received FenceAck for ShardId(13224250654272404656): valid=true
2026-08-23T12:30:57.749053Z  INFO rockstream_runtime::client: Received FenceAck for ShardId(13224250654272404656): valid=true
2026-08-23T12:30:57.959375Z  INFO rockstream_runtime::client: Received FenceAck for ShardId(13224250654272404656): valid=true
2026-08-23T12:30:57.960591Z  INFO rockstream_runtime::client: Received FenceAck for ShardId(13224250654272404656): valid=true
2026-08-23T12:30:58.165122Z  INFO rockstream_runtime::client: Received FenceAck for ShardId(13224250654272404656): valid=true
2026-08-23T12:30:58.166035Z  INFO rockstream_runtime::client: Received FenceAck for ShardId(13224250654272404656): valid=true
2026-08-23T12:30:58.370460Z  INFO rockstream_runtime::client: Received FenceAck for ShardId(13224250654272404656): valid=true
2026-08-23T12:30:58.371091Z  INFO rockstream_runtime::client: Received FenceAck for ShardId(13224250654272404656): valid=true
2026-08-23T12:30:58.570161Z  INFO rockstream_runtime::client: Received FenceAck for ShardId(13224250654272404656): valid=true
2026-08-23T12:30:58.571306Z  INFO rockstream_runtime::client: Received FenceAck for ShardId(13224250654272404656): valid=true
2026-08-23T12:30:58.780070Z  INFO rockstream_runtime::client: Received FenceAck for ShardId(13224250654272404656): valid=true
2026-08-23T12:30:58.781259Z  INFO rockstream_runtime::client: Received FenceAck for ShardId(13224250654272404656): valid=true
2026-08-23T12:30:58.982343Z  INFO rockstream_runtime::client: Received FenceAck for ShardId(13224250654272404656): valid=true
2026-08-23T12:30:58.983883Z  INFO rockstream_runtime::client: Received FenceAck for ShardId(13224250654272404656): valid=true
2026-08-23T12:30:59.184713Z  INFO rockstream_runtime::client: Received FenceAck for ShardId(13224250654272404656): valid=true
2026-08-23T12:30:59.185310Z  INFO rockstream_runtime::client: Received FenceAck for ShardId(13224250654272404656): valid=true
2026-08-23T12:30:59.392138Z  INFO rockstream_runtime::client: Received FenceAck for ShardId(13224250654272404656): valid=true
2026-08-23T12:30:59.393604Z  INFO rockstream_runtime::client: Received FenceAck for ShardId(13224250654272404656): valid=true
2026-08-23T12:30:59.596540Z  INFO rockstream_runtime::client: Received FenceAck for ShardId(13224250654272404656): valid=true
2026-08-23T12:30:59.597775Z  INFO rockstream_runtime::client: Received FenceAck for ShardId(13224250654272404656): valid=true
2026-08-23T12:30:59.801794Z  INFO rockstream_runtime::client: Received FenceAck for ShardId(13224250654272404656): valid=true
2026-08-23T12:30:59.803453Z  INFO rockstream_runtime::client: Received FenceAck for ShardId(13224250654272404656): valid=true
2026-08-23T12:31:00.020766Z  INFO rockstream_runtime::client: Received FenceAck for ShardId(13224250654272404656): valid=true
2026-08-23T12:31:00.022750Z  INFO rockstream_runtime::client: Received FenceAck for ShardId(13224250654272404656): valid=true
2026-08-23T12:31:00.219191Z  INFO rockstream_runtime::client: Received FenceAck for ShardId(13224250654272404656): valid=true
2026-08-23T12:31:00.220333Z  INFO rockstream_runtime::client: Received FenceAck for ShardId(13224250654272404656): valid=true
2026-08-23T12:31:00.422096Z  INFO rockstream_runtime::client: Received FenceAck for ShardId(13224250654272404656): valid=true
2026-08-23T12:31:00.424862Z  INFO rockstream_runtime::client: Received FenceAck for ShardId(13224250654272404656): valid=true
2026-08-23T12:31:00.629626Z  INFO rockstream_runtime::client: Received FenceAck for ShardId(13224250654272404656): valid=true
2026-08-23T12:31:00.630668Z  INFO rockstream_runtime::client: Received FenceAck for ShardId(13224250654272404656): valid=true
2026-08-23T12:31:00.830932Z  INFO rockstream_runtime::client: Received FenceAck for ShardId(13224250654272404656): valid=true
2026-08-23T12:31:00.831575Z  INFO rockstream_runtime::client: Received FenceAck for ShardId(13224250654272404656): valid=true
2026-08-23T12:31:01.036833Z  INFO rockstream_runtime::client: Received FenceAck for ShardId(13224250654272404656): valid=true
2026-08-23T12:31:01.038469Z  INFO rockstream_runtime::client: Received FenceAck for ShardId(13224250654272404656): valid=true
2026-08-23T12:31:01.248069Z  INFO rockstream_runtime::client: Received FenceAck for ShardId(13224250654272404656): valid=true
2026-08-23T12:31:01.248766Z  INFO rockstream_runtime::client: Received FenceAck for ShardId(13224250654272404656): valid=true
2026-08-23T12:31:01.446298Z  INFO rockstream_runtime::client: Received FenceAck for ShardId(13224250654272404656): valid=true
2026-08-23T12:31:01.446955Z  INFO rockstream_runtime::client: Received FenceAck for ShardId(13224250654272404656): valid=true
2026-08-23T12:31:01.652879Z  INFO rockstream_runtime::client: Received FenceAck for ShardId(13224250654272404656): valid=true
2026-08-23T12:31:01.654117Z  INFO rockstream_runtime::client: Received FenceAck for ShardId(13224250654272404656): valid=true
2026-08-23T12:31:01.858310Z  INFO rockstream_runtime::client: Received FenceAck for ShardId(13224250654272404656): valid=true
2026-08-23T12:31:01.859808Z  INFO rockstream_runtime::client: Received FenceAck for ShardId(13224250654272404656): valid=true
2026-08-23T12:31:02.061132Z  INFO rockstream_runtime::client: Received FenceAck for ShardId(13224250654272404656): valid=true
2026-08-23T12:31:02.061985Z  INFO rockstream_runtime::client: Received FenceAck for ShardId(13224250654272404656): valid=true
2026-08-23T12:31:02.264041Z  INFO rockstream_runtime::client: Received FenceAck for ShardId(13224250654272404656): valid=true
2026-08-23T12:31:02.264794Z  INFO rockstream_runtime::client: Received FenceAck for ShardId(13224250654272404656): valid=true
2026-08-23T12:31:02.469481Z  INFO rockstream_runtime::client: Received FenceAck for ShardId(13224250654272404656): valid=true
2026-08-23T12:31:02.470717Z  INFO rockstream_runtime::client: Received FenceAck for ShardId(13224250654272404656): valid=true
2026-08-23T12:31:02.674131Z  INFO rockstream_runtime::client: Received FenceAck for ShardId(13224250654272404656): valid=true
2026-08-23T12:31:02.674446Z  INFO rockstream_runtime::client: Received FenceAck for ShardId(13224250654272404656): valid=true
2026-08-23T12:31:02.877383Z  INFO rockstream_runtime::client: Received FenceAck for ShardId(13224250654272404656): valid=true
2026-08-23T12:31:02.877691Z  INFO rockstream_runtime::client: Received FenceAck for ShardId(13224250654272404656): valid=true
2026-08-23T12:31:03.086056Z  INFO rockstream_runtime::client: Received FenceAck for ShardId(13224250654272404656): valid=true
2026-08-23T12:31:03.087442Z  INFO rockstream_runtime::client: Received FenceAck for ShardId(13224250654272404656): valid=true
2026-08-23T12:31:03.303766Z  INFO rockstream_runtime::client: Received FenceAck for ShardId(13224250654272404656): valid=true
2026-08-23T12:31:03.304583Z  INFO rockstream_runtime::client: Received FenceAck for ShardId(13224250654272404656): valid=true
2026-08-23T12:31:03.599181Z  INFO rockstream_runtime::client: Received FenceAck for ShardId(13224250654272404656): valid=true
2026-08-23T12:31:03.600381Z  INFO rockstream_runtime::client: Received FenceAck for ShardId(13224250654272404656): valid=true
2026-08-23T12:31:03.803292Z  INFO rockstream_runtime::client: Received FenceAck for ShardId(13224250654272404656): valid=true
2026-08-23T12:31:03.804135Z  INFO rockstream_runtime::client: Received FenceAck for ShardId(13224250654272404656): valid=true
2026-08-23T12:31:04.008717Z  INFO rockstream_runtime::client: Received FenceAck for ShardId(13224250654272404656): valid=true
2026-08-23T12:31:04.009890Z  INFO rockstream_runtime::client: Received FenceAck for ShardId(13224250654272404656): valid=true
2026-08-23T12:31:04.212491Z  INFO rockstream_runtime::client: Received FenceAck for ShardId(13224250654272404656): valid=true
2026-08-23T12:31:04.213454Z  INFO rockstream_runtime::client: Received FenceAck for ShardId(13224250654272404656): valid=true
2026-08-23T12:31:04.421483Z  INFO rockstream_runtime::client: Received FenceAck for ShardId(13224250654272404656): valid=true
2026-08-23T12:31:04.422972Z  INFO rockstream_runtime::client: Received FenceAck for ShardId(13224250654272404656): valid=true
2026-08-23T12:31:04.625700Z  INFO rockstream_runtime::client: Received FenceAck for ShardId(13224250654272404656): valid=true
2026-08-23T12:31:04.627383Z  INFO rockstream_runtime::client: Received FenceAck for ShardId(13224250654272404656): valid=true
2026-08-23T12:31:04.828974Z  INFO rockstream_runtime::client: Received FenceAck for ShardId(13224250654272404656): valid=true
2026-08-23T12:31:04.830054Z  INFO rockstream_runtime::client: Received FenceAck for ShardId(13224250654272404656): valid=true
2026-08-23T12:31:05.035850Z  INFO rockstream_runtime::client: Received FenceAck for ShardId(13224250654272404656): valid=true
2026-08-23T12:31:05.039764Z  INFO rockstream_runtime::client: Received FenceAck for ShardId(13224250654272404656): valid=true
2026-08-23T12:31:05.343617Z  INFO rockstream_runtime::client: Received FenceAck for ShardId(13224250654272404656): valid=true
2026-08-23T12:31:05.344798Z  INFO rockstream_runtime::client: Received FenceAck for ShardId(13224250654272404656): valid=true
2026-08-23T12:31:05.650397Z  INFO rockstream_runtime::client: Received FenceAck for ShardId(13224250654272404656): valid=true
2026-08-23T12:31:05.651665Z  INFO rockstream_runtime::client: Received FenceAck for ShardId(13224250654272404656): valid=true
2026-08-23T12:31:05.955841Z  INFO rockstream_runtime::client: Received FenceAck for ShardId(13224250654272404656): valid=true
2026-08-23T12:31:05.956195Z  INFO rockstream_runtime::client: Received FenceAck for ShardId(13224250654272404656): valid=true
2026-08-23T12:31:06.266816Z  INFO rockstream_runtime::client: Received FenceAck for ShardId(13224250654272404656): valid=true
2026-08-23T12:31:06.268037Z  INFO rockstream_runtime::client: Received FenceAck for ShardId(13224250654272404656): valid=true
2026-08-23T12:31:06.573964Z  INFO rockstream_runtime::client: Received FenceAck for ShardId(13224250654272404656): valid=true
2026-08-23T12:31:06.575356Z  INFO rockstream_runtime::client: Received FenceAck for ShardId(13224250654272404656): valid=true
2026-08-23T12:31:06.881389Z  INFO rockstream_runtime::client: Received FenceAck for ShardId(13224250654272404656): valid=true
2026-08-23T12:31:06.882225Z  INFO rockstream_runtime::client: Received FenceAck for ShardId(13224250654272404656): valid=true
2026-08-23T12:31:07.189136Z  INFO rockstream_runtime::client: Received FenceAck for ShardId(13224250654272404656): valid=true
2026-08-23T12:31:07.190483Z  INFO rockstream_runtime::client: Received FenceAck for ShardId(13224250654272404656): valid=true
2026-08-23T12:31:07.494405Z  INFO rockstream_runtime::client: Received FenceAck for ShardId(13224250654272404656): valid=true
2026-08-23T12:31:07.495343Z  INFO rockstream_runtime::client: Received FenceAck for ShardId(13224250654272404656): valid=true
2026-08-23T12:31:07.804219Z  INFO rockstream_runtime::client: Received FenceAck for ShardId(13224250654272404656): valid=true
2026-08-23T12:31:07.805559Z  INFO rockstream_runtime::client: Received FenceAck for ShardId(13224250654272404656): valid=true
2026-08-23T12:31:08.111245Z  INFO rockstream_runtime::client: Received FenceAck for ShardId(13224250654272404656): valid=true
2026-08-23T12:31:08.112765Z  INFO rockstream_runtime::client: Received FenceAck for ShardId(13224250654272404656): valid=true
2026-08-23T12:31:08.415470Z  INFO rockstream_runtime::client: Received FenceAck for ShardId(13224250654272404656): valid=true
2026-08-23T12:31:08.415798Z  INFO rockstream_runtime::client: Received FenceAck for ShardId(13224250654272404656): valid=true
2026-08-23T12:31:08.720487Z  INFO rockstream_runtime::client: Received FenceAck for ShardId(13224250654272404656): valid=true
2026-08-23T12:31:08.720813Z  INFO rockstream_runtime::client: Received FenceAck for ShardId(13224250654272404656): valid=true
2026-08-23T12:31:09.030170Z  INFO rockstream_runtime::client: Received FenceAck for ShardId(13224250654272404656): valid=true
2026-08-23T12:31:09.031513Z  INFO rockstream_runtime::client: Received FenceAck for ShardId(13224250654272404656): valid=true
2026-08-23T12:31:09.336362Z  INFO rockstream_runtime::client: Received FenceAck for ShardId(13224250654272404656): valid=true
2026-08-23T12:31:09.337771Z  INFO rockstream_runtime::client: Received FenceAck for ShardId(13224250654272404656): valid=true
2026-08-23T12:31:09.644200Z  INFO rockstream_runtime::client: Received FenceAck for ShardId(13224250654272404656): valid=true
2026-08-23T12:31:09.645389Z  INFO rockstream_runtime::client: Received FenceAck for ShardId(13224250654272404656): valid=true
2026-08-23T12:31:09.950397Z  INFO rockstream_runtime::client: Received FenceAck for ShardId(13224250654272404656): valid=true
2026-08-23T12:31:09.951570Z  INFO rockstream_runtime::client: Received FenceAck for ShardId(13224250654272404656): valid=true
2026-08-23T12:31:10.253433Z  INFO rockstream_runtime::client: Received FenceAck for ShardId(13224250654272404656): valid=true
2026-08-23T12:31:10.254093Z  INFO rockstream_runtime::client: Received FenceAck for ShardId(13224250654272404656): valid=true
2026-08-23T12:31:10.562925Z  INFO rockstream_runtime::client: Received FenceAck for ShardId(13224250654272404656): valid=true
2026-08-23T12:31:10.564396Z  INFO rockstream_runtime::client: Received FenceAck for ShardId(13224250654272404656): valid=true
2026-08-23T12:31:10.869572Z  INFO rockstream_runtime::client: Received FenceAck for ShardId(13224250654272404656): valid=true
2026-08-23T12:31:10.870215Z  INFO rockstream_runtime::client: Received FenceAck for ShardId(13224250654272404656): valid=true
2026-08-23T12:31:11.180120Z  INFO rockstream_runtime::client: Received FenceAck for ShardId(13224250654272404656): valid=true
2026-08-23T12:31:11.181275Z  INFO rockstream_runtime::client: Received FenceAck for ShardId(13224250654272404656): valid=true
2026-08-23T12:31:11.487590Z  INFO rockstream_runtime::client: Received FenceAck for ShardId(13224250654272404656): valid=true
2026-08-23T12:31:11.488751Z  INFO rockstream_runtime::client: Received FenceAck for ShardId(13224250654272404656): valid=true
2026-08-23T12:31:11.796305Z  INFO rockstream_runtime::client: Received FenceAck for ShardId(13224250654272404656): valid=true
2026-08-23T12:31:11.797340Z  INFO rockstream_runtime::client: Received FenceAck for ShardId(13224250654272404656): valid=true
2026-08-23T12:31:12.099660Z  INFO rockstream_runtime::client: Received FenceAck for ShardId(13224250654272404656): valid=true
2026-08-23T12:31:12.100283Z  INFO rockstream_runtime::client: Received FenceAck for ShardId(13224250654272404656): valid=true
2026-08-23T12:31:12.409754Z  INFO rockstream_runtime::client: Received FenceAck for ShardId(13224250654272404656): valid=true
2026-08-23T12:31:12.411816Z  INFO rockstream_runtime::client: Received FenceAck for ShardId(13224250654272404656): valid=true
2026-08-23T12:31:12.713569Z  INFO rockstream_runtime::client: Received FenceAck for ShardId(13224250654272404656): valid=true
2026-08-23T12:31:12.714121Z  INFO rockstream_runtime::client: Received FenceAck for ShardId(13224250654272404656): valid=true
2026-08-23T12:31:12.925625Z  INFO rockstream_runtime::client: Received FenceAck for ShardId(13224250654272404656): valid=true
2026-08-23T12:31:12.926327Z  INFO rockstream_runtime::client: Received FenceAck for ShardId(13224250654272404656): valid=true
2026-08-23T12:31:13.138584Z  INFO rockstream_runtime::client: Received FenceAck for ShardId(13224250654272404656): valid=true
2026-08-23T12:31:13.139596Z  INFO rockstream_runtime::client: Received FenceAck for ShardId(13224250654272404656): valid=true
2026-08-23T12:31:13.352328Z  INFO rockstream_runtime::client: Received FenceAck for ShardId(13224250654272404656): valid=true
2026-08-23T12:31:13.353191Z  INFO rockstream_runtime::client: Received FenceAck for ShardId(13224250654272404656): valid=true
2026-08-23T12:31:13.549999Z  INFO rockstream_runtime::client: Received FenceAck for ShardId(13224250654272404656): valid=true
2026-08-23T12:31:13.550778Z  INFO rockstream_runtime::client: Received FenceAck for ShardId(13224250654272404656): valid=true
2026-08-23T12:31:13.751966Z  INFO rockstream_runtime::client: Received FenceAck for ShardId(13224250654272404656): valid=true
2026-08-23T12:31:13.752339Z  INFO rockstream_runtime::client: Received FenceAck for ShardId(13224250654272404656): valid=true
2026-08-23T12:31:13.959039Z  INFO rockstream_runtime::client: Received FenceAck for ShardId(13224250654272404656): valid=true
2026-08-23T12:31:13.959699Z  INFO rockstream_runtime::client: Received FenceAck for ShardId(13224250654272404656): valid=true
2026-08-23T12:31:14.164525Z  INFO rockstream_runtime::client: Received FenceAck for ShardId(13224250654272404656): valid=true
2026-08-23T12:31:14.165299Z  INFO rockstream_runtime::client: Received FenceAck for ShardId(13224250654272404656): valid=true
2026-08-23T12:31:14.370580Z  INFO rockstream_runtime::client: Received FenceAck for ShardId(13224250654272404656): valid=true
2026-08-23T12:31:14.371317Z  INFO rockstream_runtime::client: Received FenceAck for ShardId(13224250654272404656): valid=true
2026-08-23T12:31:14.574592Z  INFO rockstream_runtime::client: Received FenceAck for ShardId(13224250654272404656): valid=true
2026-08-23T12:31:14.575361Z  INFO rockstream_runtime::client: Received FenceAck for ShardId(13224250654272404656): valid=true
2026-08-23T12:31:14.779332Z  INFO rockstream_runtime::client: Received FenceAck for ShardId(13224250654272404656): valid=true
2026-08-23T12:31:14.780061Z  INFO rockstream_runtime::client: Received FenceAck for ShardId(13224250654272404656): valid=true
2026-08-23T12:31:14.981559Z  INFO rockstream_runtime::client: Received FenceAck for ShardId(13224250654272404656): valid=true
2026-08-23T12:31:14.982193Z  INFO rockstream_runtime::client: Received FenceAck for ShardId(13224250654272404656): valid=true
2026-08-23T12:31:15.186698Z  INFO rockstream_runtime::client: Received FenceAck for ShardId(13224250654272404656): valid=true
2026-08-23T12:31:15.187458Z  INFO rockstream_runtime::client: Received FenceAck for ShardId(13224250654272404656): valid=true
2026-08-23T12:31:15.392384Z  INFO rockstream_runtime::client: Received FenceAck for ShardId(13224250654272404656): valid=true
2026-08-23T12:31:15.393014Z  INFO rockstream_runtime::client: Received FenceAck for ShardId(13224250654272404656): valid=true
2026-08-23T12:31:15.595389Z  INFO rockstream_runtime::client: Received FenceAck for ShardId(13224250654272404656): valid=true
2026-08-23T12:31:15.596001Z  INFO rockstream_runtime::client: Received FenceAck for ShardId(13224250654272404656): valid=true
2026-08-23T12:31:15.801995Z  INFO rockstream_runtime::client: Received FenceAck for ShardId(13224250654272404656): valid=true
2026-08-23T12:31:15.802725Z  INFO rockstream_runtime::client: Received FenceAck for ShardId(13224250654272404656): valid=true
2026-08-23T12:31:16.006204Z  INFO rockstream_runtime::client: Received FenceAck for ShardId(13224250654272404656): valid=true
2026-08-23T12:31:16.006841Z  INFO rockstream_runtime::client: Received FenceAck for ShardId(13224250654272404656): valid=true
2026-08-23T12:31:16.210131Z  INFO rockstream_runtime::client: Received FenceAck for ShardId(13224250654272404656): valid=true
2026-08-23T12:31:16.210839Z  INFO rockstream_runtime::client: Received FenceAck for ShardId(13224250654272404656): valid=true
2026-08-23T12:31:16.416475Z  INFO rockstream_runtime::client: Received FenceAck for ShardId(13224250654272404656): valid=true
2026-08-23T12:31:16.417223Z  INFO rockstream_runtime::client: Received FenceAck for ShardId(13224250654272404656): valid=true
2026-08-23T12:31:16.619283Z  INFO rockstream_runtime::client: Received FenceAck for ShardId(13224250654272404656): valid=true
2026-08-23T12:31:16.620021Z  INFO rockstream_runtime::client: Received FenceAck for ShardId(13224250654272404656): valid=true
2026-08-23T12:31:16.822546Z  INFO rockstream_runtime::client: Received FenceAck for ShardId(13224250654272404656): valid=true
2026-08-23T12:31:16.823352Z  INFO rockstream_runtime::client: Received FenceAck for ShardId(13224250654272404656): valid=true
2026-08-23T12:31:17.025904Z  INFO rockstream_runtime::client: Received FenceAck for ShardId(13224250654272404656): valid=true
2026-08-23T12:31:17.026523Z  INFO rockstream_runtime::client: Received FenceAck for ShardId(13224250654272404656): valid=true
2026-08-23T12:31:17.234062Z  INFO rockstream_runtime::client: Received FenceAck for ShardId(13224250654272404656): valid=true
2026-08-23T12:31:17.234791Z  INFO rockstream_runtime::client: Received FenceAck for ShardId(13224250654272404656): valid=true
2026-08-23T12:31:17.436258Z  INFO rockstream_runtime::client: Received FenceAck for ShardId(13224250654272404656): valid=true
2026-08-23T12:31:17.436573Z  INFO rockstream_runtime::client: Received FenceAck for ShardId(13224250654272404656): valid=true
2026-08-23T12:31:17.638893Z  INFO rockstream_runtime::client: Received FenceAck for ShardId(13224250654272404656): valid=true
2026-08-23T12:31:17.639218Z  INFO rockstream_runtime::client: Received FenceAck for ShardId(13224250654272404656): valid=true
2026-08-23T12:31:17.844388Z  INFO rockstream_runtime::client: Received FenceAck for ShardId(13224250654272404656): valid=true
2026-08-23T12:31:17.844709Z  INFO rockstream_runtime::client: Received FenceAck for ShardId(13224250654272404656): valid=true
2026-08-23T12:31:18.049281Z  INFO rockstream_runtime::client: Received FenceAck for ShardId(13224250654272404656): valid=true
2026-08-23T12:31:18.049671Z  INFO rockstream_runtime::client: Received FenceAck for ShardId(13224250654272404656): valid=true
2026-08-23T12:31:18.255269Z  INFO rockstream_runtime::client: Received FenceAck for ShardId(13224250654272404656): valid=true
2026-08-23T12:31:18.255613Z  INFO rockstream_runtime::client: Received FenceAck for ShardId(13224250654272404656): valid=true
2026-08-23T12:31:18.458880Z  INFO rockstream_runtime::client: Received FenceAck for ShardId(13224250654272404656): valid=true
2026-08-23T12:31:18.459223Z  INFO rockstream_runtime::client: Received FenceAck for ShardId(13224250654272404656): valid=true
2026-08-23T12:31:18.664110Z  INFO rockstream_runtime::client: Received FenceAck for ShardId(13224250654272404656): valid=true
2026-08-23T12:31:18.664428Z  INFO rockstream_runtime::client: Received FenceAck for ShardId(13224250654272404656): valid=true
2026-08-23T12:31:18.871115Z  INFO rockstream_runtime::client: Received FenceAck for ShardId(13224250654272404656): valid=true
2026-08-23T12:31:18.871802Z  INFO rockstream_runtime::client: Received FenceAck for ShardId(13224250654272404656): valid=true
2026-08-23T12:31:19.076164Z  INFO rockstream_runtime::client: Received FenceAck for ShardId(13224250654272404656): valid=true
2026-08-23T12:31:19.076884Z  INFO rockstream_runtime::client: Received FenceAck for ShardId(13224250654272404656): valid=true
2026-08-23T12:31:19.282763Z  INFO rockstream_runtime::client: Received FenceAck for ShardId(13224250654272404656): valid=true
2026-08-23T12:31:19.283495Z  INFO rockstream_runtime::client: Received FenceAck for ShardId(13224250654272404656): valid=true
2026-08-23T12:31:19.489488Z  INFO rockstream_runtime::client: Received FenceAck for ShardId(13224250654272404656): valid=true
2026-08-23T12:31:19.490218Z  INFO rockstream_runtime::client: Received FenceAck for ShardId(13224250654272404656): valid=true
2026-08-23T12:31:19.693835Z  INFO rockstream_runtime::client: Received FenceAck for ShardId(13224250654272404656): valid=true
2026-08-23T12:31:19.694821Z  INFO rockstream_runtime::client: Received FenceAck for ShardId(13224250654272404656): valid=true
2026-08-23T12:31:19.899452Z  INFO rockstream_runtime::client: Received FenceAck for ShardId(13224250654272404656): valid=true
2026-08-23T12:31:19.900221Z  INFO rockstream_runtime::client: Received FenceAck for ShardId(13224250654272404656): valid=true
2026-08-23T12:31:20.104182Z  INFO rockstream_runtime::client: Received FenceAck for ShardId(13224250654272404656): valid=true
2026-08-23T12:31:20.104926Z  INFO rockstream_runtime::client: Received FenceAck for ShardId(13224250654272404656): valid=true
2026-08-23T12:31:20.306027Z  INFO rockstream_runtime::client: Received FenceAck for ShardId(13224250654272404656): valid=true
2026-08-23T12:31:20.306755Z  INFO rockstream_runtime::client: Received FenceAck for ShardId(13224250654272404656): valid=true
2026-08-23T12:31:20.513062Z  INFO rockstream_runtime::client: Received FenceAck for ShardId(13224250654272404656): valid=true
2026-08-23T12:31:20.513795Z  INFO rockstream_runtime::client: Received FenceAck for ShardId(13224250654272404656): valid=true
2026-08-23T12:31:20.716776Z  INFO rockstream_runtime::client: Received FenceAck for ShardId(13224250654272404656): valid=true
2026-08-23T12:31:20.717152Z  INFO rockstream_runtime::client: Received FenceAck for ShardId(13224250654272404656): valid=true
2026-08-23T12:31:20.922268Z  INFO rockstream_runtime::client: Received FenceAck for ShardId(13224250654272404656): valid=true
2026-08-23T12:31:20.923047Z  INFO rockstream_runtime::client: Received FenceAck for ShardId(13224250654272404656): valid=true
2026-08-23T12:31:21.125791Z  INFO rockstream_runtime::client: Received FenceAck for ShardId(13224250654272404656): valid=true
2026-08-23T12:31:21.126497Z  INFO rockstream_runtime::client: Received FenceAck for ShardId(13224250654272404656): valid=true
2026-08-23T12:31:21.327988Z  INFO rockstream_runtime::client: Received FenceAck for ShardId(13224250654272404656): valid=true
2026-08-23T12:31:21.328626Z  INFO rockstream_runtime::client: Received FenceAck for ShardId(13224250654272404656): valid=true
2026-08-23T12:31:21.532809Z  INFO rockstream_runtime::client: Received FenceAck for ShardId(13224250654272404656): valid=true
2026-08-23T12:31:21.533566Z  INFO rockstream_runtime::client: Received FenceAck for ShardId(13224250654272404656): valid=true
2026-08-23T12:31:21.736878Z  INFO rockstream_runtime::client: Received FenceAck for ShardId(13224250654272404656): valid=true
2026-08-23T12:31:21.737244Z  INFO rockstream_runtime::client: Received FenceAck for ShardId(13224250654272404656): valid=true
2026-08-23T12:31:21.943341Z  INFO rockstream_runtime::client: Received FenceAck for ShardId(13224250654272404656): valid=true
2026-08-23T12:31:21.944188Z  INFO rockstream_runtime::client: Received FenceAck for ShardId(13224250654272404656): valid=true
2026-08-23T12:31:22.150471Z  INFO rockstream_runtime::client: Received FenceAck for ShardId(13224250654272404656): valid=true
2026-08-23T12:31:22.151150Z  INFO rockstream_runtime::client: Received FenceAck for ShardId(13224250654272404656): valid=true
2026-08-23T12:31:22.354569Z  INFO rockstream_runtime::client: Received FenceAck for ShardId(13224250654272404656): valid=true
2026-08-23T12:31:22.355339Z  INFO rockstream_runtime::client: Received FenceAck for ShardId(13224250654272404656): valid=true
2026-08-23T12:31:22.559515Z  INFO rockstream_runtime::client: Received FenceAck for ShardId(13224250654272404656): valid=true
2026-08-23T12:31:22.559841Z  INFO rockstream_runtime::client: Received FenceAck for ShardId(13224250654272404656): valid=true
2026-08-23T12:31:22.763774Z  INFO rockstream_runtime::client: Received FenceAck for ShardId(13224250654272404656): valid=true
2026-08-23T12:31:22.764106Z  INFO rockstream_runtime::client: Received FenceAck for ShardId(13224250654272404656): valid=true
2026-08-23T12:31:22.969281Z  INFO rockstream_runtime::client: Received FenceAck for ShardId(13224250654272404656): valid=true
2026-08-23T12:31:22.969571Z  INFO rockstream_runtime::client: Received FenceAck for ShardId(13224250654272404656): valid=true
2026-08-23T12:31:23.173783Z  INFO rockstream_runtime::client: Received FenceAck for ShardId(13224250654272404656): valid=true
2026-08-23T12:31:23.174588Z  INFO rockstream_runtime::client: Received FenceAck for ShardId(13224250654272404656): valid=true
2026-08-23T12:31:23.376799Z  INFO rockstream_runtime::client: Received FenceAck for ShardId(13224250654272404656): valid=true
2026-08-23T12:31:23.377448Z  INFO rockstream_runtime::client: Received FenceAck for ShardId(13224250654272404656): valid=true
2026-08-23T12:31:23.582514Z  INFO rockstream_runtime::client: Received FenceAck for ShardId(13224250654272404656): valid=true
2026-08-23T12:31:23.583165Z  INFO rockstream_runtime::client: Received FenceAck for ShardId(13224250654272404656): valid=true
2026-08-23T12:31:23.787759Z  INFO rockstream_runtime::client: Received FenceAck for ShardId(13224250654272404656): valid=true
2026-08-23T12:31:23.788104Z  INFO rockstream_runtime::client: Received FenceAck for ShardId(13224250654272404656): valid=true
2026-08-23T12:31:23.992789Z  INFO rockstream_runtime::client: Received FenceAck for ShardId(13224250654272404656): valid=true
2026-08-23T12:31:23.993104Z  INFO rockstream_runtime::client: Received FenceAck for ShardId(13224250654272404656): valid=true
2026-08-23T12:31:24.197887Z  INFO rockstream_runtime::client: Received FenceAck for ShardId(13224250654272404656): valid=true
2026-08-23T12:31:24.198496Z  INFO rockstream_runtime::client: Received FenceAck for ShardId(13224250654272404656): valid=true
2026-08-23T12:31:24.402104Z  INFO rockstream_runtime::client: Received FenceAck for ShardId(13224250654272404656): valid=true
2026-08-23T12:31:24.402736Z  INFO rockstream_runtime::client: Received FenceAck for ShardId(13224250654272404656): valid=true
2026-08-23T12:31:24.607191Z  INFO rockstream_runtime::client: Received FenceAck for ShardId(13224250654272404656): valid=true
2026-08-23T12:31:24.607816Z  INFO rockstream_runtime::client: Received FenceAck for ShardId(13224250654272404656): valid=true
2026-08-23T12:31:24.814022Z  INFO rockstream_runtime::client: Received FenceAck for ShardId(13224250654272404656): valid=true
2026-08-23T12:31:24.814998Z  INFO rockstream_runtime::client: Received FenceAck for ShardId(13224250654272404656): valid=true
2026-08-23T12:31:25.017017Z  INFO rockstream_runtime::client: Received FenceAck for ShardId(13224250654272404656): valid=true
2026-08-23T12:31:25.017815Z  INFO rockstream_runtime::client: Received FenceAck for ShardId(13224250654272404656): valid=true
2026-08-23T12:31:25.220902Z  INFO rockstream_runtime::client: Received FenceAck for ShardId(13224250654272404656): valid=true
2026-08-23T12:31:25.221609Z  INFO rockstream_runtime::client: Received FenceAck for ShardId(13224250654272404656): valid=true
2026-08-23T12:31:25.423273Z  INFO rockstream_runtime::client: Received FenceAck for ShardId(13224250654272404656): valid=true
2026-08-23T12:31:25.423925Z  INFO rockstream_runtime::client: Received FenceAck for ShardId(13224250654272404656): valid=true
2026-08-23T12:31:25.630229Z  INFO rockstream_runtime::client: Received FenceAck for ShardId(13224250654272404656): valid=true
2026-08-23T12:31:25.631114Z  INFO rockstream_runtime::client: Received FenceAck for ShardId(13224250654272404656): valid=true
2026-08-23T12:31:25.832429Z  INFO rockstream_runtime::client: Received FenceAck for ShardId(13224250654272404656): valid=true
2026-08-23T12:31:25.833153Z  INFO rockstream_runtime::client: Received FenceAck for ShardId(13224250654272404656): valid=true
2026-08-23T12:31:26.037551Z  INFO rockstream_runtime::client: Received FenceAck for ShardId(13224250654272404656): valid=true
2026-08-23T12:31:26.038296Z  INFO rockstream_runtime::client: Received FenceAck for ShardId(13224250654272404656): valid=true
2026-08-23T12:31:26.241633Z  INFO rockstream_runtime::client: Received FenceAck for ShardId(13224250654272404656): valid=true
2026-08-23T12:31:26.242344Z  INFO rockstream_runtime::client: Received FenceAck for ShardId(13224250654272404656): valid=true
2026-08-23T12:31:26.446319Z  INFO rockstream_runtime::client: Received FenceAck for ShardId(13224250654272404656): valid=true
2026-08-23T12:31:26.447276Z  INFO rockstream_runtime::client: Received FenceAck for ShardId(13224250654272404656): valid=true
2026-08-23T12:31:26.650849Z  INFO rockstream_runtime::client: Received FenceAck for ShardId(13224250654272404656): valid=true
2026-08-23T12:31:26.651548Z  INFO rockstream_runtime::client: Received FenceAck for ShardId(13224250654272404656): valid=true
2026-08-23T12:31:26.855070Z  INFO rockstream_runtime::client: Received FenceAck for ShardId(13224250654272404656): valid=true
2026-08-23T12:31:26.861501Z  INFO rockstream_runtime::client: Received FenceAck for ShardId(13224250654272404656): valid=true
2026-08-23T12:31:27.058536Z  INFO rockstream_runtime::client: Received FenceAck for ShardId(13224250654272404656): valid=true
2026-08-23T12:31:27.059343Z  INFO rockstream_runtime::client: Received FenceAck for ShardId(13224250654272404656): valid=true
2026-08-23T12:31:27.265312Z  INFO rockstream_runtime::client: Received FenceAck for ShardId(13224250654272404656): valid=true
2026-08-23T12:31:27.266051Z  INFO rockstream_runtime::client: Received FenceAck for ShardId(13224250654272404656): valid=true
2026-08-23T12:31:27.470347Z  INFO rockstream_runtime::client: Received FenceAck for ShardId(13224250654272404656): valid=true
2026-08-23T12:31:27.471274Z  INFO rockstream_runtime::client: Received FenceAck for ShardId(13224250654272404656): valid=true
2026-08-23T12:31:27.675453Z  INFO rockstream_runtime::client: Received FenceAck for ShardId(13224250654272404656): valid=true
2026-08-23T12:31:27.676100Z  INFO rockstream_runtime::client: Received FenceAck for ShardId(13224250654272404656): valid=true
2026-08-23T12:31:27.879265Z  INFO rockstream_runtime::client: Received FenceAck for ShardId(13224250654272404656): valid=true
2026-08-23T12:31:27.880031Z  INFO rockstream_runtime::client: Received FenceAck for ShardId(13224250654272404656): valid=true
2026-08-23T12:31:28.085713Z  INFO rockstream_runtime::client: Received FenceAck for ShardId(13224250654272404656): valid=true
2026-08-23T12:31:28.086345Z  INFO rockstream_runtime::client: Received FenceAck for ShardId(13224250654272404656): valid=true
2026-08-23T12:31:28.290382Z  INFO rockstream_runtime::client: Received FenceAck for ShardId(13224250654272404656): valid=true
2026-08-23T12:31:28.291127Z  INFO rockstream_runtime::client: Received FenceAck for ShardId(13224250654272404656): valid=true
2026-08-23T12:31:28.493407Z  INFO rockstream_runtime::client: Received FenceAck for ShardId(13224250654272404656): valid=true
2026-08-23T12:31:28.493728Z  INFO rockstream_runtime::client: Received FenceAck for ShardId(13224250654272404656): valid=true
2026-08-23T12:31:28.700521Z  INFO rockstream_runtime::client: Received FenceAck for ShardId(13224250654272404656): valid=true
2026-08-23T12:31:28.701296Z  INFO rockstream_runtime::client: Received FenceAck for ShardId(13224250654272404656): valid=true
2026-08-23T12:31:28.906532Z  INFO rockstream_runtime::client: Received FenceAck for ShardId(13224250654272404656): valid=true
2026-08-23T12:31:28.907201Z  INFO rockstream_runtime::client: Received FenceAck for ShardId(13224250654272404656): valid=true
2026-08-23T12:31:29.110642Z  INFO rockstream_runtime::client: Received FenceAck for ShardId(13224250654272404656): valid=true
2026-08-23T12:31:29.111322Z  INFO rockstream_runtime::client: Received FenceAck for ShardId(13224250654272404656): valid=true
2026-08-23T12:31:29.311674Z  INFO rockstream_runtime::client: Received FenceAck for ShardId(13224250654272404656): valid=true
2026-08-23T12:31:29.312028Z  INFO rockstream_runtime::client: Received FenceAck for ShardId(13224250654272404656): valid=true
2026-08-23T12:31:29.516587Z  INFO rockstream_runtime::client: Received FenceAck for ShardId(13224250654272404656): valid=true
2026-08-23T12:31:29.517229Z  INFO rockstream_runtime::client: Received FenceAck for ShardId(13224250654272404656): valid=true
2026-08-23T12:31:29.724267Z  INFO rockstream_runtime::client: Received FenceAck for ShardId(13224250654272404656): valid=true
2026-08-23T12:31:29.724668Z  INFO rockstream_runtime::client: Received FenceAck for ShardId(13224250654272404656): valid=true
2026-08-23T12:31:29.928648Z  INFO rockstream_runtime::client: Received FenceAck for ShardId(13224250654272404656): valid=true
2026-08-23T12:31:29.929375Z  INFO rockstream_runtime::client: Received FenceAck for ShardId(13224250654272404656): valid=true
2026-08-23T12:31:30.133038Z  INFO rockstream_runtime::client: Received FenceAck for ShardId(13224250654272404656): valid=true
2026-08-23T12:31:30.133772Z  INFO rockstream_runtime::client: Received FenceAck for ShardId(13224250654272404656): valid=true
2026-08-23T12:31:30.336892Z  INFO rockstream_runtime::client: Received FenceAck for ShardId(13224250654272404656): valid=true
2026-08-23T12:31:30.337770Z  INFO rockstream_runtime::client: Received FenceAck for ShardId(13224250654272404656): valid=true
2026-08-23T12:31:30.543034Z  INFO rockstream_runtime::client: Received FenceAck for ShardId(13224250654272404656): valid=true
2026-08-23T12:31:30.544002Z  INFO rockstream_runtime::client: Received FenceAck for ShardId(13224250654272404656): valid=true
2026-08-23T12:31:30.745740Z  INFO rockstream_runtime::client: Received FenceAck for ShardId(13224250654272404656): valid=true
2026-08-23T12:31:30.746056Z  INFO rockstream_runtime::client: Received FenceAck for ShardId(13224250654272404656): valid=true
2026-08-23T12:31:30.952941Z  INFO rockstream_runtime::client: Received FenceAck for ShardId(13224250654272404656): valid=true
2026-08-23T12:31:30.953949Z  INFO rockstream_runtime::client: Received FenceAck for ShardId(13224250654272404656): valid=true
2026-08-23T12:31:31.157377Z  INFO rockstream_runtime::client: Received FenceAck for ShardId(13224250654272404656): valid=true
2026-08-23T12:31:31.158100Z  INFO rockstream_runtime::client: Received FenceAck for ShardId(13224250654272404656): valid=true
2026-08-23T12:31:31.362364Z  INFO rockstream_runtime::client: Received FenceAck for ShardId(13224250654272404656): valid=true
2026-08-23T12:31:31.363069Z  INFO rockstream_runtime::client: Received FenceAck for ShardId(13224250654272404656): valid=true
2026-08-23T12:31:31.565348Z  INFO rockstream_runtime::client: Received FenceAck for ShardId(13224250654272404656): valid=true
2026-08-23T12:31:31.565684Z  INFO rockstream_runtime::client: Received FenceAck for ShardId(13224250654272404656): valid=true
2026-08-23T12:31:31.770906Z  INFO rockstream_runtime::client: Received FenceAck for ShardId(13224250654272404656): valid=true
2026-08-23T12:31:31.771329Z  INFO rockstream_runtime::client: Received FenceAck for ShardId(13224250654272404656): valid=true
2026-08-23T12:31:31.978994Z  INFO rockstream_runtime::client: Received FenceAck for ShardId(13224250654272404656): valid=true
2026-08-23T12:31:31.979686Z  INFO rockstream_runtime::client: Received FenceAck for ShardId(13224250654272404656): valid=true
2026-08-23T12:31:32.180943Z  INFO rockstream_runtime::client: Received FenceAck for ShardId(13224250654272404656): valid=true
2026-08-23T12:31:32.181330Z  INFO rockstream_runtime::client: Received FenceAck for ShardId(13224250654272404656): valid=true
2026-08-23T12:31:32.387271Z  INFO rockstream_runtime::client: Received FenceAck for ShardId(13224250654272404656): valid=true
2026-08-23T12:31:32.387604Z  INFO rockstream_runtime::client: Received FenceAck for ShardId(13224250654272404656): valid=true
2026-08-23T12:31:32.589021Z  INFO rockstream_runtime::client: Received FenceAck for ShardId(13224250654272404656): valid=true
2026-08-23T12:31:32.589403Z  INFO rockstream_runtime::client: Received FenceAck for ShardId(13224250654272404656): valid=true
2026-08-23T12:31:32.793045Z  INFO rockstream_runtime::client: Received FenceAck for ShardId(13224250654272404656): valid=true
2026-08-23T12:31:32.793428Z  INFO rockstream_runtime::client: Received FenceAck for ShardId(13224250654272404656): valid=true
2026-08-23T12:31:33.001030Z  INFO rockstream_runtime::client: Received FenceAck for ShardId(13224250654272404656): valid=true
2026-08-23T12:31:33.001821Z  INFO rockstream_runtime::client: Received FenceAck for ShardId(13224250654272404656): valid=true
2026-08-23T12:31:33.205117Z  INFO rockstream_runtime::client: Received FenceAck for ShardId(13224250654272404656): valid=true
2026-08-23T12:31:33.205982Z  INFO rockstream_runtime::client: Received FenceAck for ShardId(13224250654272404656): valid=true
2026-08-23T12:31:33.409130Z  INFO rockstream_runtime::client: Received FenceAck for ShardId(13224250654272404656): valid=true
2026-08-23T12:31:33.409808Z  INFO rockstream_runtime::client: Received FenceAck for ShardId(13224250654272404656): valid=true
2026-08-23T12:31:33.611808Z  INFO rockstream_runtime::client: Received FenceAck for ShardId(13224250654272404656): valid=true
2026-08-23T12:31:33.612564Z  INFO rockstream_runtime::client: Received FenceAck for ShardId(13224250654272404656): valid=true
2026-08-23T12:31:33.819780Z  INFO rockstream_runtime::client: Received FenceAck for ShardId(13224250654272404656): valid=true
2026-08-23T12:31:33.820531Z  INFO rockstream_runtime::client: Received FenceAck for ShardId(13224250654272404656): valid=true
2026-08-23T12:31:34.021824Z  INFO rockstream_runtime::client: Received FenceAck for ShardId(13224250654272404656): valid=true
2026-08-23T12:31:34.022155Z  INFO rockstream_runtime::client: Received FenceAck for ShardId(13224250654272404656): valid=true
2026-08-23T12:31:34.228749Z  INFO rockstream_runtime::client: Received FenceAck for ShardId(13224250654272404656): valid=true
2026-08-23T12:31:34.229622Z  INFO rockstream_runtime::client: Received FenceAck for ShardId(13224250654272404656): valid=true
2026-08-23T12:31:34.435270Z  INFO rockstream_runtime::client: Received FenceAck for ShardId(13224250654272404656): valid=true
2026-08-23T12:31:34.436456Z  INFO rockstream_runtime::client: Received FenceAck for ShardId(13224250654272404656): valid=true
2026-08-23T12:31:34.643046Z  INFO rockstream_runtime::client: Received FenceAck for ShardId(13224250654272404656): valid=true
2026-08-23T12:31:34.643397Z  INFO rockstream_runtime::client: Received FenceAck for ShardId(13224250654272404656): valid=true
2026-08-23T12:31:34.847150Z  INFO rockstream_runtime::client: Received FenceAck for ShardId(13224250654272404656): valid=true
2026-08-23T12:31:34.847923Z  INFO rockstream_runtime::client: Received FenceAck for ShardId(13224250654272404656): valid=true
2026-08-23T12:31:35.053867Z  INFO rockstream_runtime::client: Received FenceAck for ShardId(13224250654272404656): valid=true
2026-08-23T12:31:35.054659Z  INFO rockstream_runtime::client: Received FenceAck for ShardId(13224250654272404656): valid=true
2026-08-23T12:31:35.258989Z  INFO rockstream_runtime::client: Received FenceAck for ShardId(13224250654272404656): valid=true
2026-08-23T12:31:35.259635Z  INFO rockstream_runtime::client: Received FenceAck for ShardId(13224250654272404656): valid=true
2026-08-23T12:31:35.463324Z  INFO rockstream_runtime::client: Received FenceAck for ShardId(13224250654272404656): valid=true
2026-08-23T12:31:35.463986Z  INFO rockstream_runtime::client: Received FenceAck for ShardId(13224250654272404656): valid=true
2026-08-23T12:31:35.672313Z  INFO rockstream_runtime::client: Received FenceAck for ShardId(13224250654272404656): valid=true
2026-08-23T12:31:35.672991Z  INFO rockstream_runtime::client: Received FenceAck for ShardId(13224250654272404656): valid=true
2026-08-23T12:31:35.874680Z  INFO rockstream_runtime::client: Received FenceAck for ShardId(13224250654272404656): valid=true
2026-08-23T12:31:35.875534Z  INFO rockstream_runtime::client: Received FenceAck for ShardId(13224250654272404656): valid=true
2026-08-23T12:31:36.078590Z  INFO rockstream_runtime::client: Received FenceAck for ShardId(13224250654272404656): valid=true
2026-08-23T12:31:36.078940Z  INFO rockstream_runtime::client: Received FenceAck for ShardId(13224250654272404656): valid=true
2026-08-23T12:31:36.284348Z  INFO rockstream_runtime::client: Received FenceAck for ShardId(13224250654272404656): valid=true
2026-08-23T12:31:36.284674Z  INFO rockstream_runtime::client: Received FenceAck for ShardId(13224250654272404656): valid=true
2026-08-23T12:31:36.489347Z  INFO rockstream_runtime::client: Received FenceAck for ShardId(13224250654272404656): valid=true
2026-08-23T12:31:36.489663Z  INFO rockstream_runtime::client: Received FenceAck for ShardId(13224250654272404656): valid=true
2026-08-23T12:31:36.696948Z  INFO rockstream_runtime::client: Received FenceAck for ShardId(13224250654272404656): valid=true
2026-08-23T12:31:36.697626Z  INFO rockstream_runtime::client: Received FenceAck for ShardId(13224250654272404656): valid=true
2026-08-23T12:31:36.902466Z  INFO rockstream_runtime::client: Received FenceAck for ShardId(13224250654272404656): valid=true
2026-08-23T12:31:36.902807Z  INFO rockstream_runtime::client: Received FenceAck for ShardId(13224250654272404656): valid=true
2026-08-23T12:31:37.104743Z  INFO rockstream_runtime::client: Received FenceAck for ShardId(13224250654272404656): valid=true
2026-08-23T12:31:37.105236Z  INFO rockstream_runtime::client: Received FenceAck for ShardId(13224250654272404656): valid=true
2026-08-23T12:31:37.313087Z  INFO rockstream_runtime::client: Received FenceAck for ShardId(13224250654272404656): valid=true
2026-08-23T12:31:37.314064Z  INFO rockstream_runtime::client: Received FenceAck for ShardId(13224250654272404656): valid=true
2026-08-23T12:31:37.517618Z  INFO rockstream_runtime::client: Received FenceAck for ShardId(13224250654272404656): valid=true
2026-08-23T12:31:37.518486Z  INFO rockstream_runtime::client: Received FenceAck for ShardId(13224250654272404656): valid=true
2026-08-23T12:31:37.718156Z  INFO rockstream_runtime::client: Received FenceAck for ShardId(13224250654272404656): valid=true
2026-08-23T12:31:37.718539Z  INFO rockstream_runtime::client: Received FenceAck for ShardId(13224250654272404656): valid=true
2026-08-23T12:31:37.923196Z  INFO rockstream_runtime::client: Received FenceAck for ShardId(13224250654272404656): valid=true
2026-08-23T12:31:37.923529Z  INFO rockstream_runtime::client: Received FenceAck for ShardId(13224250654272404656): valid=true
2026-08-23T12:31:38.130148Z  INFO rockstream_runtime::client: Received FenceAck for ShardId(13224250654272404656): valid=true
2026-08-23T12:31:38.131780Z  INFO rockstream_runtime::client: Received FenceAck for ShardId(13224250654272404656): valid=true
2026-08-23T12:31:38.332749Z  INFO rockstream_runtime::client: Received FenceAck for ShardId(13224250654272404656): valid=true
2026-08-23T12:31:38.333107Z  INFO rockstream_runtime::client: Received FenceAck for ShardId(13224250654272404656): valid=true
2026-08-23T12:31:38.538598Z  INFO rockstream_runtime::client: Received FenceAck for ShardId(13224250654272404656): valid=true
2026-08-23T12:31:38.539358Z  INFO rockstream_runtime::client: Received FenceAck for ShardId(13224250654272404656): valid=true
2026-08-23T12:31:38.744078Z  INFO rockstream_runtime::client: Received FenceAck for ShardId(13224250654272404656): valid=true
2026-08-23T12:31:38.744817Z  INFO rockstream_runtime::client: Received FenceAck for ShardId(13224250654272404656): valid=true
2026-08-23T12:31:38.945365Z  INFO rockstream_runtime::client: Received FenceAck for ShardId(13224250654272404656): valid=true
2026-08-23T12:31:38.945741Z  INFO rockstream_runtime::client: Received FenceAck for ShardId(13224250654272404656): valid=true
2026-08-23T12:31:39.147887Z  INFO rockstream_runtime::client: Received FenceAck for ShardId(13224250654272404656): valid=true
2026-08-23T12:31:39.148285Z  INFO rockstream_runtime::client: Received FenceAck for ShardId(13224250654272404656): valid=true
2026-08-23T12:31:39.355476Z  INFO rockstream_runtime::client: Received FenceAck for ShardId(13224250654272404656): valid=true
2026-08-23T12:31:39.356235Z  INFO rockstream_runtime::client: Received FenceAck for ShardId(13224250654272404656): valid=true
2026-08-23T12:31:39.558764Z  INFO rockstream_runtime::client: Received FenceAck for ShardId(13224250654272404656): valid=true
2026-08-23T12:31:39.559163Z  INFO rockstream_runtime::client: Received FenceAck for ShardId(13224250654272404656): valid=true
2026-08-23T12:31:39.760143Z  INFO rockstream_runtime::client: Received FenceAck for ShardId(13224250654272404656): valid=true
2026-08-23T12:31:39.760501Z  INFO rockstream_runtime::client: Received FenceAck for ShardId(13224250654272404656): valid=true
2026-08-23T12:31:39.964423Z  INFO rockstream_runtime::client: Received FenceAck for ShardId(13224250654272404656): valid=true
2026-08-23T12:31:39.965039Z  INFO rockstream_runtime::client: Received FenceAck for ShardId(13224250654272404656): valid=true
2026-08-23T12:31:40.167352Z  INFO rockstream_runtime::client: Received FenceAck for ShardId(13224250654272404656): valid=true
2026-08-23T12:31:40.167719Z  INFO rockstream_runtime::client: Received FenceAck for ShardId(13224250654272404656): valid=true
2026-08-23T12:31:40.374312Z  INFO rockstream_runtime::client: Received FenceAck for ShardId(13224250654272404656): valid=true
2026-08-23T12:31:40.374643Z  INFO rockstream_runtime::client: Received FenceAck for ShardId(13224250654272404656): valid=true
2026-08-23T12:31:40.577202Z  INFO rockstream_runtime::client: Received FenceAck for ShardId(13224250654272404656): valid=true
2026-08-23T12:31:40.577584Z  INFO rockstream_runtime::client: Received FenceAck for ShardId(13224250654272404656): valid=true
2026-08-23T12:31:40.781263Z  INFO rockstream_runtime::client: Received FenceAck for ShardId(13224250654272404656): valid=true
2026-08-23T12:31:40.781582Z  INFO rockstream_runtime::client: Received FenceAck for ShardId(13224250654272404656): valid=true
2026-08-23T12:31:40.992106Z  INFO rockstream_runtime::client: Received FenceAck for ShardId(13224250654272404656): valid=true
2026-08-23T12:31:40.992807Z  INFO rockstream_runtime::client: Received FenceAck for ShardId(13224250654272404656): valid=true
2026-08-23T12:31:41.199204Z  INFO rockstream_runtime::client: Received FenceAck for ShardId(13224250654272404656): valid=true
2026-08-23T12:31:41.199549Z  INFO rockstream_runtime::client: Received FenceAck for ShardId(13224250654272404656): valid=true
2026-08-23T12:31:41.399940Z  INFO rockstream_runtime::client: Received FenceAck for ShardId(13224250654272404656): valid=true
2026-08-23T12:31:41.400275Z  INFO rockstream_runtime::client: Received FenceAck for ShardId(13224250654272404656): valid=true
2026-08-23T12:31:41.605412Z  INFO rockstream_runtime::client: Received FenceAck for ShardId(13224250654272404656): valid=true
2026-08-23T12:31:41.606129Z  INFO rockstream_runtime::client: Received FenceAck for ShardId(13224250654272404656): valid=true
2026-08-23T12:31:41.806665Z  INFO rockstream_runtime::client: Received FenceAck for ShardId(13224250654272404656): valid=true
2026-08-23T12:31:41.806987Z  INFO rockstream_runtime::client: Received FenceAck for ShardId(13224250654272404656): valid=true
2026-08-23T12:31:42.011542Z  INFO rockstream_runtime::client: Received FenceAck for ShardId(13224250654272404656): valid=true
2026-08-23T12:31:42.011851Z  INFO rockstream_runtime::client: Received FenceAck for ShardId(13224250654272404656): valid=true
2026-08-23T12:31:42.221625Z  INFO rockstream_runtime::client: Received FenceAck for ShardId(13224250654272404656): valid=true
2026-08-23T12:31:42.222065Z  INFO rockstream_runtime::client: Received FenceAck for ShardId(13224250654272404656): valid=true
2026-08-23T12:31:42.427628Z  INFO rockstream_runtime::client: Received FenceAck for ShardId(13224250654272404656): valid=true
2026-08-23T12:31:42.428346Z  INFO rockstream_runtime::client: Received FenceAck for ShardId(13224250654272404656): valid=true
2026-08-23T12:31:42.629600Z  INFO rockstream_runtime::client: Received FenceAck for ShardId(13224250654272404656): valid=true
2026-08-23T12:31:42.629998Z  INFO rockstream_runtime::client: Received FenceAck for ShardId(13224250654272404656): valid=true
2026-08-23T12:31:42.835181Z  INFO rockstream_runtime::client: Received FenceAck for ShardId(13224250654272404656): valid=true
2026-08-23T12:31:42.835983Z  INFO rockstream_runtime::client: Received FenceAck for ShardId(13224250654272404656): valid=true
2026-08-23T12:31:43.036631Z  INFO rockstream_runtime::client: Received FenceAck for ShardId(13224250654272404656): valid=true
2026-08-23T12:31:43.037330Z  INFO rockstream_runtime::client: Received FenceAck for ShardId(13224250654272404656): valid=true
2026-08-23T12:31:43.243512Z  INFO rockstream_runtime::client: Received FenceAck for ShardId(13224250654272404656): valid=true
2026-08-23T12:31:43.243869Z  INFO rockstream_runtime::client: Received FenceAck for ShardId(13224250654272404656): valid=true
2026-08-23T12:31:43.449438Z  INFO rockstream_runtime::client: Received FenceAck for ShardId(13224250654272404656): valid=true
2026-08-23T12:31:43.449784Z  INFO rockstream_runtime::client: Received FenceAck for ShardId(13224250654272404656): valid=true
2026-08-23T12:31:43.652448Z  INFO rockstream_runtime::client: Received FenceAck for ShardId(13224250654272404656): valid=true
2026-08-23T12:31:43.653066Z  INFO rockstream_runtime::client: Received FenceAck for ShardId(13224250654272404656): valid=true
2026-08-23T12:31:43.855595Z  INFO rockstream_runtime::client: Received FenceAck for ShardId(13224250654272404656): valid=true
2026-08-23T12:31:43.855935Z  INFO rockstream_runtime::client: Received FenceAck for ShardId(13224250654272404656): valid=true
2026-08-23T12:31:44.062841Z  INFO rockstream_runtime::client: Received FenceAck for ShardId(13224250654272404656): valid=true
2026-08-23T12:31:44.063552Z  INFO rockstream_runtime::client: Received FenceAck for ShardId(13224250654272404656): valid=true
2026-08-23T12:31:44.266955Z  INFO rockstream_runtime::client: Received FenceAck for ShardId(13224250654272404656): valid=true
2026-08-23T12:31:44.267612Z  INFO rockstream_runtime::client: Received FenceAck for ShardId(13224250654272404656): valid=true
2026-08-23T12:31:44.474091Z  INFO rockstream_runtime::client: Received FenceAck for ShardId(13224250654272404656): valid=true
2026-08-23T12:31:44.474427Z  INFO rockstream_runtime::client: Received FenceAck for ShardId(13224250654272404656): valid=true
2026-08-23T12:31:44.678974Z  INFO rockstream_runtime::client: Received FenceAck for ShardId(13224250654272404656): valid=true
2026-08-23T12:31:44.679579Z  INFO rockstream_runtime::client: Received FenceAck for ShardId(13224250654272404656): valid=true
2026-08-23T12:31:44.883605Z  INFO rockstream_runtime::client: Received FenceAck for ShardId(13224250654272404656): valid=true
2026-08-23T12:31:44.883999Z  INFO rockstream_runtime::client: Received FenceAck for ShardId(13224250654272404656): valid=true
2026-08-23T12:31:45.087161Z  INFO rockstream_runtime::client: Received FenceAck for ShardId(13224250654272404656): valid=true
2026-08-23T12:31:45.087526Z  INFO rockstream_runtime::client: Received FenceAck for ShardId(13224250654272404656): valid=true
2026-08-23T12:31:45.295254Z  INFO rockstream_runtime::client: Received FenceAck for ShardId(13224250654272404656): valid=true
2026-08-23T12:31:45.295980Z  INFO rockstream_runtime::client: Received FenceAck for ShardId(13224250654272404656): valid=true
2026-08-23T12:31:45.503498Z  INFO rockstream_runtime::client: Received FenceAck for ShardId(13224250654272404656): valid=true
2026-08-23T12:31:45.504159Z  INFO rockstream_runtime::client: Received FenceAck for ShardId(13224250654272404656): valid=true
2026-08-23T12:31:45.702223Z  INFO rockstream_runtime::client: Received FenceAck for ShardId(13224250654272404656): valid=true
2026-08-23T12:31:45.702531Z  INFO rockstream_runtime::client: Received FenceAck for ShardId(13224250654272404656): valid=true
2026-08-23T12:31:45.908483Z  INFO rockstream_runtime::client: Received FenceAck for ShardId(13224250654272404656): valid=true
2026-08-23T12:31:45.908808Z  INFO rockstream_runtime::client: Received FenceAck for ShardId(13224250654272404656): valid=true
2026-08-23T12:31:46.109779Z  INFO rockstream_runtime::client: Received FenceAck for ShardId(13224250654272404656): valid=true
2026-08-23T12:31:46.110752Z  INFO rockstream_runtime::client: Received FenceAck for ShardId(13224250654272404656): valid=true
2026-08-23T12:31:46.313271Z  INFO rockstream_runtime::client: Received FenceAck for ShardId(13224250654272404656): valid=true
2026-08-23T12:31:46.313669Z  INFO rockstream_runtime::client: Received FenceAck for ShardId(13224250654272404656): valid=true
2026-08-23T12:31:46.521522Z  INFO rockstream_runtime::client: Received FenceAck for ShardId(13224250654272404656): valid=true
2026-08-23T12:31:46.522419Z  INFO rockstream_runtime::client: Received FenceAck for ShardId(13224250654272404656): valid=true
2026-08-23T12:31:46.726818Z  INFO rockstream_runtime::client: Received FenceAck for ShardId(13224250654272404656): valid=true
2026-08-23T12:31:46.727558Z  INFO rockstream_runtime::client: Received FenceAck for ShardId(13224250654272404656): valid=true
2026-08-23T12:31:46.928128Z  INFO rockstream_runtime::client: Received FenceAck for ShardId(13224250654272404656): valid=true
2026-08-23T12:31:46.928507Z  INFO rockstream_runtime::client: Received FenceAck for ShardId(13224250654272404656): valid=true
2026-08-23T12:31:47.135031Z  INFO rockstream_runtime::client: Received FenceAck for ShardId(13224250654272404656): valid=true
2026-08-23T12:31:47.135406Z  INFO rockstream_runtime::client: Received FenceAck for ShardId(13224250654272404656): valid=true
2026-08-23T12:31:47.342605Z  INFO rockstream_runtime::client: Received FenceAck for ShardId(13224250654272404656): valid=true
2026-08-23T12:31:47.343276Z  INFO rockstream_runtime::client: Received FenceAck for ShardId(13224250654272404656): valid=true
2026-08-23T12:31:47.545356Z  INFO rockstream_runtime::client: Received FenceAck for ShardId(13224250654272404656): valid=true
2026-08-23T12:31:47.546039Z  INFO rockstream_runtime::client: Received FenceAck for ShardId(13224250654272404656): valid=true
2026-08-23T12:31:47.748073Z  INFO rockstream_runtime::client: Received FenceAck for ShardId(13224250654272404656): valid=true
2026-08-23T12:31:47.748416Z  INFO rockstream_runtime::client: Received FenceAck for ShardId(13224250654272404656): valid=true
2026-08-23T12:31:47.953233Z  INFO rockstream_runtime::client: Received FenceAck for ShardId(13224250654272404656): valid=true
2026-08-23T12:31:47.953590Z  INFO rockstream_runtime::client: Received FenceAck for ShardId(13224250654272404656): valid=true
2026-08-23T12:31:48.159234Z  INFO rockstream_runtime::client: Received FenceAck for ShardId(13224250654272404656): valid=true
2026-08-23T12:31:48.159544Z  INFO rockstream_runtime::client: Received FenceAck for ShardId(13224250654272404656): valid=true
2026-08-23T12:31:48.363074Z  INFO rockstream_runtime::client: Received FenceAck for ShardId(13224250654272404656): valid=true
2026-08-23T12:31:48.363792Z  INFO rockstream_runtime::client: Received FenceAck for ShardId(13224250654272404656): valid=true
2026-08-23T12:31:48.566216Z  INFO rockstream_runtime::client: Received FenceAck for ShardId(13224250654272404656): valid=true
2026-08-23T12:31:48.566540Z  INFO rockstream_runtime::client: Received FenceAck for ShardId(13224250654272404656): valid=true
2026-08-23T12:31:48.767704Z  INFO rockstream_runtime::client: Received FenceAck for ShardId(13224250654272404656): valid=true
2026-08-23T12:31:48.768079Z  INFO rockstream_runtime::client: Received FenceAck for ShardId(13224250654272404656): valid=true
2026-08-23T12:31:48.971809Z  INFO rockstream_runtime::client: Received FenceAck for ShardId(13224250654272404656): valid=true
2026-08-23T12:31:48.972255Z  INFO rockstream_runtime::client: Received FenceAck for ShardId(13224250654272404656): valid=true
2026-08-23T12:31:49.175143Z  INFO rockstream_runtime::client: Received FenceAck for ShardId(13224250654272404656): valid=true
2026-08-23T12:31:49.176659Z  INFO rockstream_runtime::client: Received FenceAck for ShardId(13224250654272404656): valid=true
2026-08-23T12:31:49.381868Z  INFO rockstream_runtime::client: Received FenceAck for ShardId(13224250654272404656): valid=true
2026-08-23T12:31:49.382876Z  INFO rockstream_runtime::client: Received FenceAck for ShardId(13224250654272404656): valid=true
2026-08-23T12:31:49.588007Z  INFO rockstream_runtime::client: Received FenceAck for ShardId(13224250654272404656): valid=true
2026-08-23T12:31:49.588993Z  INFO rockstream_runtime::client: Received FenceAck for ShardId(13224250654272404656): valid=true
2026-08-23T12:31:49.791950Z  INFO rockstream_runtime::client: Received FenceAck for ShardId(13224250654272404656): valid=true
2026-08-23T12:31:49.792396Z  INFO rockstream_runtime::client: Received FenceAck for ShardId(13224250654272404656): valid=true
2026-08-23T12:31:49.998171Z  INFO rockstream_runtime::client: Received FenceAck for ShardId(13224250654272404656): valid=true
2026-08-23T12:31:49.998930Z  INFO rockstream_runtime::client: Received FenceAck for ShardId(13224250654272404656): valid=true
2026-08-23T12:31:50.201022Z  INFO rockstream_runtime::client: Received FenceAck for ShardId(13224250654272404656): valid=true
2026-08-23T12:31:50.201731Z  INFO rockstream_runtime::client: Received FenceAck for ShardId(13224250654272404656): valid=true
2026-08-23T12:31:50.402829Z  INFO rockstream_runtime::client: Received FenceAck for ShardId(13224250654272404656): valid=true
2026-08-23T12:31:50.403189Z  INFO rockstream_runtime::client: Received FenceAck for ShardId(13224250654272404656): valid=true
2026-08-23T12:31:50.609100Z  INFO rockstream_runtime::client: Received FenceAck for ShardId(13224250654272404656): valid=true
2026-08-23T12:31:50.609434Z  INFO rockstream_runtime::client: Received FenceAck for ShardId(13224250654272404656): valid=true
2026-08-23T12:31:50.813164Z  INFO rockstream_runtime::client: Received FenceAck for ShardId(13224250654272404656): valid=true
2026-08-23T12:31:50.813486Z  INFO rockstream_runtime::client: Received FenceAck for ShardId(13224250654272404656): valid=true
2026-08-23T12:31:51.020987Z  INFO rockstream_runtime::client: Received FenceAck for ShardId(13224250654272404656): valid=true
2026-08-23T12:31:51.021378Z  INFO rockstream_runtime::client: Received FenceAck for ShardId(13224250654272404656): valid=true
2026-08-23T12:31:51.220231Z  INFO rockstream_runtime::client: Received FenceAck for ShardId(13224250654272404656): valid=true
2026-08-23T12:31:51.220587Z  INFO rockstream_runtime::client: Received FenceAck for ShardId(13224250654272404656): valid=true
2026-08-23T12:31:51.432148Z  INFO rockstream_runtime::client: Received FenceAck for ShardId(13224250654272404656): valid=true
2026-08-23T12:31:51.432457Z  INFO rockstream_runtime::client: Received FenceAck for ShardId(13224250654272404656): valid=true
2026-08-23T12:31:51.633944Z  INFO rockstream_runtime::client: Received FenceAck for ShardId(13224250654272404656): valid=true
2026-08-23T12:31:51.634866Z  INFO rockstream_runtime::client: Received FenceAck for ShardId(13224250654272404656): valid=true
2026-08-23T12:31:51.836663Z  INFO rockstream_runtime::client: Received FenceAck for ShardId(13224250654272404656): valid=true
2026-08-23T12:31:51.837000Z  INFO rockstream_runtime::client: Received FenceAck for ShardId(13224250654272404656): valid=true
2026-08-23T12:31:52.040720Z  INFO rockstream_runtime::client: Received FenceAck for ShardId(13224250654272404656): valid=true
2026-08-23T12:31:52.041037Z  INFO rockstream_runtime::client: Received FenceAck for ShardId(13224250654272404656): valid=true
2026-08-23T12:31:52.247784Z  INFO rockstream_runtime::client: Received FenceAck for ShardId(13224250654272404656): valid=true
2026-08-23T12:31:52.248654Z  INFO rockstream_runtime::client: Received FenceAck for ShardId(13224250654272404656): valid=true
2026-08-23T12:31:52.449310Z  INFO rockstream_runtime::client: Received FenceAck for ShardId(13224250654272404656): valid=true
2026-08-23T12:31:52.449783Z  INFO rockstream_runtime::client: Received FenceAck for ShardId(13224250654272404656): valid=true
2026-08-23T12:31:52.656390Z  INFO rockstream_runtime::client: Received FenceAck for ShardId(13224250654272404656): valid=true
2026-08-23T12:31:52.657041Z  INFO rockstream_runtime::client: Received FenceAck for ShardId(13224250654272404656): valid=true
2026-08-23T12:31:52.860033Z  INFO rockstream_runtime::client: Received FenceAck for ShardId(13224250654272404656): valid=true
2026-08-23T12:31:52.860385Z  INFO rockstream_runtime::client: Received FenceAck for ShardId(13224250654272404656): valid=true
2026-08-23T12:31:53.065356Z  INFO rockstream_runtime::client: Received FenceAck for ShardId(13224250654272404656): valid=true
2026-08-23T12:31:53.066299Z  INFO rockstream_runtime::client: Received FenceAck for ShardId(13224250654272404656): valid=true
2026-08-23T12:31:53.272143Z  INFO rockstream_runtime::client: Received FenceAck for ShardId(13224250654272404656): valid=true
2026-08-23T12:31:53.273058Z  INFO rockstream_runtime::client: Received FenceAck for ShardId(13224250654272404656): valid=true
2026-08-23T12:31:53.475895Z  INFO rockstream_runtime::client: Received FenceAck for ShardId(13224250654272404656): valid=true
2026-08-23T12:31:53.476279Z  INFO rockstream_runtime::client: Received FenceAck for ShardId(13224250654272404656): valid=true
2026-08-23T12:31:53.679448Z  INFO rockstream_runtime::client: Received FenceAck for ShardId(13224250654272404656): valid=true
2026-08-23T12:31:53.679816Z  INFO rockstream_runtime::client: Received FenceAck for ShardId(13224250654272404656): valid=true
2026-08-23T12:31:53.889654Z  INFO rockstream_runtime::client: Received FenceAck for ShardId(13224250654272404656): valid=true
2026-08-23T12:31:53.890312Z  INFO rockstream_runtime::client: Received FenceAck for ShardId(13224250654272404656): valid=true
2026-08-23T12:31:54.094984Z  INFO rockstream_runtime::client: Received FenceAck for ShardId(13224250654272404656): valid=true
2026-08-23T12:31:54.095613Z  INFO rockstream_runtime::client: Received FenceAck for ShardId(13224250654272404656): valid=true
2026-08-23T12:31:54.298253Z  INFO rockstream_runtime::client: Received FenceAck for ShardId(13224250654272404656): valid=true
2026-08-23T12:31:54.298603Z  INFO rockstream_runtime::client: Received FenceAck for ShardId(13224250654272404656): valid=true
2026-08-23T12:31:54.503514Z  INFO rockstream_runtime::client: Received FenceAck for ShardId(13224250654272404656): valid=true
2026-08-23T12:31:54.504175Z  INFO rockstream_runtime::client: Received FenceAck for ShardId(13224250654272404656): valid=true
2026-08-23T12:31:54.708037Z  INFO rockstream_runtime::client: Received FenceAck for ShardId(13224250654272404656): valid=true
2026-08-23T12:31:54.708747Z  INFO rockstream_runtime::client: Received FenceAck for ShardId(13224250654272404656): valid=true
2026-08-23T12:31:54.910045Z  INFO rockstream_runtime::client: Received FenceAck for ShardId(13224250654272404656): valid=true
2026-08-23T12:31:54.910392Z  INFO rockstream_runtime::client: Received FenceAck for ShardId(13224250654272404656): valid=true
2026-08-23T12:31:55.114643Z  INFO rockstream_runtime::client: Received FenceAck for ShardId(13224250654272404656): valid=true
2026-08-23T12:31:55.115285Z  INFO rockstream_runtime::client: Received FenceAck for ShardId(13224250654272404656): valid=true
2026-08-23T12:31:55.320517Z  INFO rockstream_runtime::client: Received FenceAck for ShardId(13224250654272404656): valid=true
2026-08-23T12:31:55.321142Z  INFO rockstream_runtime::client: Received FenceAck for ShardId(13224250654272404656): valid=true
2026-08-23T12:31:55.521942Z  INFO rockstream_runtime::client: Received FenceAck for ShardId(13224250654272404656): valid=true
2026-08-23T12:31:55.522333Z  INFO rockstream_runtime::client: Received FenceAck for ShardId(13224250654272404656): valid=true
2026-08-23T12:31:55.727316Z  INFO rockstream_runtime::client: Received FenceAck for ShardId(13224250654272404656): valid=true
2026-08-23T12:31:55.727964Z  INFO rockstream_runtime::client: Received FenceAck for ShardId(13224250654272404656): valid=true
2026-08-23T12:31:55.931823Z  INFO rockstream_runtime::client: Received FenceAck for ShardId(13224250654272404656): valid=true
2026-08-23T12:31:55.932207Z  INFO rockstream_runtime::client: Received FenceAck for ShardId(13224250654272404656): valid=true
2026-08-23T12:31:56.136994Z  INFO rockstream_runtime::client: Received FenceAck for ShardId(13224250654272404656): valid=true
2026-08-23T12:31:56.137361Z  INFO rockstream_runtime::client: Received FenceAck for ShardId(13224250654272404656): valid=true
2026-08-23T12:31:56.345024Z  INFO rockstream_runtime::client: Received FenceAck for ShardId(13224250654272404656): valid=true
2026-08-23T12:31:56.345844Z  INFO rockstream_runtime::client: Received FenceAck for ShardId(13224250654272404656): valid=true
2026-08-23T12:31:56.551960Z  INFO rockstream_runtime::client: Received FenceAck for ShardId(13224250654272404656): valid=true
2026-08-23T12:31:56.553116Z  INFO rockstream_runtime::client: Received FenceAck for ShardId(13224250654272404656): valid=true
2026-08-23T12:31:56.754234Z  INFO rockstream_runtime::client: Received FenceAck for ShardId(13224250654272404656): valid=true
2026-08-23T12:31:56.754890Z  INFO rockstream_runtime::client: Received FenceAck for ShardId(13224250654272404656): valid=true
2026-08-23T12:31:56.961154Z  INFO rockstream_runtime::client: Received FenceAck for ShardId(13224250654272404656): valid=true
2026-08-23T12:31:56.962056Z  INFO rockstream_runtime::client: Received FenceAck for ShardId(13224250654272404656): valid=true
2026-08-23T12:31:57.165243Z  INFO rockstream_runtime::client: Received FenceAck for ShardId(13224250654272404656): valid=true
2026-08-23T12:31:57.165957Z  INFO rockstream_runtime::client: Received FenceAck for ShardId(13224250654272404656): valid=true
2026-08-23T12:31:57.371716Z  INFO rockstream_runtime::client: Received FenceAck for ShardId(13224250654272404656): valid=true
2026-08-23T12:31:57.372092Z  INFO rockstream_runtime::client: Received FenceAck for ShardId(13224250654272404656): valid=true
2026-08-23T12:31:57.574662Z  INFO rockstream_runtime::client: Received FenceAck for ShardId(13224250654272404656): valid=true
2026-08-23T12:31:57.575488Z  INFO rockstream_runtime::client: Received FenceAck for ShardId(13224250654272404656): valid=true
2026-08-23T12:31:57.778191Z  INFO rockstream_runtime::client: Received FenceAck for ShardId(13224250654272404656): valid=true
2026-08-23T12:31:57.778814Z  INFO rockstream_runtime::client: Received FenceAck for ShardId(13224250654272404656): valid=true
2026-08-23T12:31:57.980748Z  INFO rockstream_runtime::client: Received FenceAck for ShardId(13224250654272404656): valid=true
2026-08-23T12:31:57.981919Z  INFO rockstream_runtime::client: Received FenceAck for ShardId(13224250654272404656): valid=true
2026-08-23T12:31:58.188101Z  INFO rockstream_runtime::client: Received FenceAck for ShardId(13224250654272404656): valid=true
2026-08-23T12:31:58.188833Z  INFO rockstream_runtime::client: Received FenceAck for ShardId(13224250654272404656): valid=true
2026-08-23T12:31:58.393801Z  INFO rockstream_runtime::client: Received FenceAck for ShardId(13224250654272404656): valid=true
2026-08-23T12:31:58.394478Z  INFO rockstream_runtime::client: Received FenceAck for ShardId(13224250654272404656): valid=true
2026-08-23T12:31:58.597046Z  INFO rockstream_runtime::client: Received FenceAck for ShardId(13224250654272404656): valid=true
2026-08-23T12:31:58.597379Z  INFO rockstream_runtime::client: Received FenceAck for ShardId(13224250654272404656): valid=true
2026-08-23T12:31:58.805008Z  INFO rockstream_runtime::client: Received FenceAck for ShardId(13224250654272404656): valid=true
2026-08-23T12:31:58.805987Z  INFO rockstream_runtime::client: Received FenceAck for ShardId(13224250654272404656): valid=true
2026-08-23T12:31:59.011336Z  INFO rockstream_runtime::client: Received FenceAck for ShardId(13224250654272404656): valid=true
2026-08-23T12:31:59.012712Z  INFO rockstream_runtime::client: Received FenceAck for ShardId(13224250654272404656): valid=true
2026-08-23T12:31:59.214531Z  INFO rockstream_runtime::client: Received FenceAck for ShardId(13224250654272404656): valid=true
2026-08-23T12:31:59.215239Z  INFO rockstream_runtime::client: Received FenceAck for ShardId(13224250654272404656): valid=true
2026-08-23T12:31:59.422557Z  INFO rockstream_runtime::client: Received FenceAck for ShardId(13224250654272404656): valid=true
2026-08-23T12:31:59.423778Z  INFO rockstream_runtime::client: Received FenceAck for ShardId(13224250654272404656): valid=true
2026-08-23T12:31:59.627836Z  INFO rockstream_runtime::client: Received FenceAck for ShardId(13224250654272404656): valid=true
2026-08-23T12:31:59.629148Z  INFO rockstream_runtime::client: Received FenceAck for ShardId(13224250654272404656): valid=true
2026-08-23T12:31:59.829841Z  INFO rockstream_runtime::client: Received FenceAck for ShardId(13224250654272404656): valid=true
2026-08-23T12:31:59.830206Z  INFO rockstream_runtime::client: Received FenceAck for ShardId(13224250654272404656): valid=true
2026-08-23T12:32:00.035593Z  INFO rockstream_runtime::client: Received FenceAck for ShardId(13224250654272404656): valid=true
2026-08-23T12:32:00.035943Z  INFO rockstream_runtime::client: Received FenceAck for ShardId(13224250654272404656): valid=true
2026-08-23T12:32:00.240554Z  INFO rockstream_runtime::client: Received FenceAck for ShardId(13224250654272404656): valid=true
2026-08-23T12:32:00.243809Z  INFO rockstream_runtime::client: Received FenceAck for ShardId(13224250654272404656): valid=true
2026-08-23T12:32:00.446820Z  INFO rockstream_runtime::client: Received FenceAck for ShardId(13224250654272404656): valid=true
2026-08-23T12:32:00.447454Z  INFO rockstream_runtime::client: Received FenceAck for ShardId(13224250654272404656): valid=true
2026-08-23T12:32:30.860018Z  INFO rockstream_runtime::client: Received FenceAck for ShardId(13224250654272404656): valid=true
2026-08-23T12:32:30.860718Z  INFO rockstream_runtime::client: Received FenceAck for ShardId(13224250654272404656): valid=true
2026-08-23T12:32:31.064002Z  INFO rockstream_runtime::client: Received FenceAck for ShardId(13224250654272404656): valid=true
2026-08-23T12:32:31.064371Z  INFO rockstream_runtime::client: Received FenceAck for ShardId(13224250654272404656): valid=true
2026-08-23T12:32:31.268578Z  INFO rockstream_runtime::client: Received FenceAck for ShardId(13224250654272404656): valid=true
2026-08-23T12:32:31.268930Z  INFO rockstream_runtime::client: Received FenceAck for ShardId(13224250654272404656): valid=true
2026-08-23T12:32:31.472707Z  INFO rockstream_runtime::client: Received FenceAck for ShardId(13224250654272404656): valid=true
2026-08-23T12:32:31.473044Z  INFO rockstream_runtime::client: Received FenceAck for ShardId(13224250654272404656): valid=true
2026-08-23T12:32:31.678280Z  INFO rockstream_runtime::client: Received FenceAck for ShardId(13224250654272404656): valid=true
2026-08-23T12:32:31.678684Z  INFO rockstream_runtime::client: Received FenceAck for ShardId(13224250654272404656): valid=true
2026-08-23T12:32:31.884051Z  INFO rockstream_runtime::client: Received FenceAck for ShardId(13224250654272404656): valid=true
2026-08-23T12:32:31.884435Z  INFO rockstream_runtime::client: Received FenceAck for ShardId(13224250654272404656): valid=true
2026-08-23T12:32:32.091304Z  INFO rockstream_runtime::client: Received FenceAck for ShardId(13224250654272404656): valid=true
2026-08-23T12:32:32.091660Z  INFO rockstream_runtime::client: Received FenceAck for ShardId(13224250654272404656): valid=true
2026-08-23T12:32:32.295500Z  INFO rockstream_runtime::client: Received FenceAck for ShardId(13224250654272404656): valid=true
2026-08-23T12:32:32.296422Z  INFO rockstream_runtime::client: Received FenceAck for ShardId(13224250654272404656): valid=true
2026-08-23T12:32:32.499349Z  INFO rockstream_runtime::client: Received FenceAck for ShardId(13224250654272404656): valid=true
2026-08-23T12:32:32.499685Z  INFO rockstream_runtime::client: Received FenceAck for ShardId(13224250654272404656): valid=true
2026-08-23T12:32:32.703959Z  INFO rockstream_runtime::client: Received FenceAck for ShardId(13224250654272404656): valid=true
2026-08-23T12:32:32.704298Z  INFO rockstream_runtime::client: Received FenceAck for ShardId(13224250654272404656): valid=true
2026-08-23T12:32:32.909956Z  INFO rockstream_runtime::client: Received FenceAck for ShardId(13224250654272404656): valid=true
2026-08-23T12:32:32.910371Z  INFO rockstream_runtime::client: Received FenceAck for ShardId(13224250654272404656): valid=true
2026-08-23T12:32:33.115378Z  INFO rockstream_runtime::client: Received FenceAck for ShardId(13224250654272404656): valid=true
2026-08-23T12:32:33.115699Z  INFO rockstream_runtime::client: Received FenceAck for ShardId(13224250654272404656): valid=true
2026-08-23T12:32:33.319811Z  INFO rockstream_runtime::client: Received FenceAck for ShardId(13224250654272404656): valid=true
2026-08-23T12:32:33.320158Z  INFO rockstream_runtime::client: Received FenceAck for ShardId(13224250654272404656): valid=true
2026-08-23T12:32:33.523739Z  INFO rockstream_runtime::client: Received FenceAck for ShardId(13224250654272404656): valid=true
2026-08-23T12:32:33.524119Z  INFO rockstream_runtime::client: Received FenceAck for ShardId(13224250654272404656): valid=true
2026-08-23T12:32:33.789649Z  INFO rockstream_runtime::client: Received FenceAck for ShardId(13224250654272404656): valid=true
2026-08-23T12:32:33.790562Z  INFO rockstream_runtime::client: Received FenceAck for ShardId(13224250654272404656): valid=true
2026-08-23T12:32:33.981725Z  INFO rockstream_runtime::client: Received FenceAck for ShardId(13224250654272404656): valid=true
2026-08-23T12:32:33.982091Z  INFO rockstream_runtime::client: Received FenceAck for ShardId(13224250654272404656): valid=true
2026-08-23T12:32:34.188010Z  INFO rockstream_runtime::client: Received FenceAck for ShardId(13224250654272404656): valid=true
2026-08-23T12:32:34.188406Z  INFO rockstream_runtime::client: Received FenceAck for ShardId(13224250654272404656): valid=true
2026-08-23T12:32:34.393936Z  INFO rockstream_runtime::client: Received FenceAck for ShardId(13224250654272404656): valid=true
2026-08-23T12:32:34.394357Z  INFO rockstream_runtime::client: Received FenceAck for ShardId(13224250654272404656): valid=true
2026-08-23T12:32:34.924899Z  INFO rockstream_runtime::client: Received FenceAck for ShardId(13224250654272404656): valid=true
2026-08-23T12:32:34.925256Z  INFO rockstream_runtime::client: Received FenceAck for ShardId(13224250654272404656): valid=true
2026-08-23T12:32:35.232507Z  INFO rockstream_runtime::client: Received FenceAck for ShardId(13224250654272404656): valid=true
2026-08-23T12:32:35.232802Z  INFO rockstream_runtime::client: Received FenceAck for ShardId(13224250654272404656): valid=true
2026-08-23T12:33:32.766433Z  INFO rockstream_cli: shutdown signal received — stopping daemon
2026-08-23T12:33:32.792752Z  INFO rockstream: rockstream: node stopped cleanly audit=/var/folders/vq/593qxcm57l90w1dlpywl_7nw0000gn/T/rockstream-r1-local-faZrQ7/worker-1/audit.jsonl bundle=/var/folders/vq/593qxcm57l90w1dlpywl_7nw0000gn/T/rockstream-r1-local-faZrQ7/worker-1/support-bundle-1787488412767.json events=5
