2026-08-23T14:28:52.738150Z  INFO rockstream_cli: metrics server started metrics_addr=127.0.0.1:49863
2026-08-23T14:28:52.738462Z  INFO rockstream_cli: node running in daemon mode — blocking until shutdown signal role=worker
2026-08-23T14:28:52.739086Z  INFO rockstream_runtime::client: Worker client registered successfully as WorkerId(1)
2026-08-23T14:28:52.781905Z  INFO rockstream_runtime::client: Received ShardAssigned lease for ShardId(13224250654272404656)
2026-08-23T14:28:52.782350Z  INFO slatedb::db::builder: opening SlateDB database [path=db, settings={"flush_interval":"100ms","manifest_poll_interval":"1s","manifest_update_timeout":"300s","min_filter_keys":1000,"l0_sst_size_bytes":67108864,"max_wal_flushes_before_l0_flush":4096,"l0_max_ssts":8,"l0_max_ssts_per_key":8,"l0_flush_parallelism":4,"max_unflushed_bytes":1073741824,"compactor_options":{"poll_interval":"5s","manifest_update_timeout":"300s","max_sst_size":268435456,"max_concurrent_compactions":4,"max_fetch_tasks":4,"scheduler_options":{}},"compression_codec":null,"object_store_cache_options":{"root_folder":null,"max_cache_size_bytes":17179869184,"part_size_bytes":4194304,"cache_puts":false,"preload_disk_cache_on_startup":null,"scan_interval":"3600s","max_open_file_handles":1000},"garbage_collector_options":{"manifest_options":{"interval":"60s","min_age":"300s"},"wal_options":{"interval":"60s","min_age":"300s"},"compacted_options":{"interval":"60s","min_age":"300s"},"compactions_options":{"interval":"60s","min_age":"300s"},"detach_options":{"interval":"60s"}},"default_ttl":null}]
2026-08-23T14:28:52.784950Z  INFO slatedb::compactor_state_protocols: creating new compactions file [compactor_epoch=0]
2026-08-23T14:28:52.788908Z  INFO slatedb::db::builder: opening SlateDB database [path=db, settings={"flush_interval":"100ms","manifest_poll_interval":"1s","manifest_update_timeout":"300s","min_filter_keys":1000,"l0_sst_size_bytes":67108864,"max_wal_flushes_before_l0_flush":4096,"l0_max_ssts":8,"l0_max_ssts_per_key":8,"l0_flush_parallelism":4,"max_unflushed_bytes":1073741824,"compactor_options":{"poll_interval":"5s","manifest_update_timeout":"300s","max_sst_size":268435456,"max_concurrent_compactions":4,"max_fetch_tasks":4,"scheduler_options":{}},"compression_codec":null,"object_store_cache_options":{"root_folder":null,"max_cache_size_bytes":17179869184,"part_size_bytes":4194304,"cache_puts":false,"preload_disk_cache_on_startup":null,"scan_interval":"3600s","max_open_file_handles":1000},"garbage_collector_options":{"manifest_options":{"interval":"60s","min_age":"300s"},"wal_options":{"interval":"60s","min_age":"300s"},"compacted_options":{"interval":"60s","min_age":"300s"},"compactions_options":{"interval":"60s","min_age":"300s"},"detach_options":{"interval":"60s"}},"default_ttl":null}]
2026-08-23T14:28:52.791293Z  INFO slatedb::compactor_state_protocols: creating new compactions file [compactor_epoch=0]
2026-08-23T14:28:52.796626Z  INFO slatedb::garbage_collector: garbage collector shutdown
2026-08-23T14:28:52.796653Z  INFO slatedb::db: db closed
2026-08-23T14:28:52.978659Z  INFO rockstream_runtime::client: Received FenceAck for ShardId(13224250654272404656): valid=true
2026-08-23T14:28:52.979523Z  INFO rockstream_runtime::client: Received FenceAck for ShardId(13224250654272404656): valid=true
2026-08-23T14:28:53.188312Z  INFO rockstream_runtime::client: Received FenceAck for ShardId(13224250654272404656): valid=true
2026-08-23T14:28:53.189479Z  INFO rockstream_runtime::client: Received FenceAck for ShardId(13224250654272404656): valid=true
2026-08-23T14:28:53.394547Z  INFO rockstream_runtime::client: Received FenceAck for ShardId(13224250654272404656): valid=true
2026-08-23T14:28:53.395697Z  INFO rockstream_runtime::client: Received FenceAck for ShardId(13224250654272404656): valid=true
2026-08-23T14:28:53.596017Z  INFO rockstream_runtime::client: Received FenceAck for ShardId(13224250654272404656): valid=true
2026-08-23T14:28:53.596832Z  INFO rockstream_runtime::client: Received FenceAck for ShardId(13224250654272404656): valid=true
2026-08-23T14:28:53.800532Z  INFO rockstream_runtime::client: Received FenceAck for ShardId(13224250654272404656): valid=true
2026-08-23T14:28:53.801531Z  INFO rockstream_runtime::client: Received FenceAck for ShardId(13224250654272404656): valid=true
2026-08-23T14:28:54.008191Z  INFO rockstream_runtime::client: Received FenceAck for ShardId(13224250654272404656): valid=true
2026-08-23T14:28:54.009206Z  INFO rockstream_runtime::client: Received FenceAck for ShardId(13224250654272404656): valid=true
2026-08-23T14:28:54.215290Z  INFO rockstream_runtime::client: Received FenceAck for ShardId(13224250654272404656): valid=true
2026-08-23T14:28:54.216883Z  INFO rockstream_runtime::client: Received FenceAck for ShardId(13224250654272404656): valid=true
2026-08-23T14:28:54.422155Z  INFO rockstream_runtime::client: Received FenceAck for ShardId(13224250654272404656): valid=true
2026-08-23T14:28:54.423693Z  INFO rockstream_runtime::client: Received FenceAck for ShardId(13224250654272404656): valid=true
2026-08-23T14:28:54.622126Z  INFO rockstream_runtime::client: Received FenceAck for ShardId(13224250654272404656): valid=true
2026-08-23T14:28:54.622569Z  INFO rockstream_runtime::client: Received FenceAck for ShardId(13224250654272404656): valid=true
2026-08-23T14:28:54.833792Z  INFO rockstream_runtime::client: Received FenceAck for ShardId(13224250654272404656): valid=true
2026-08-23T14:28:54.835092Z  INFO rockstream_runtime::client: Received FenceAck for ShardId(13224250654272404656): valid=true
2026-08-23T14:28:55.036409Z  INFO rockstream_runtime::client: Received FenceAck for ShardId(13224250654272404656): valid=true
2026-08-23T14:28:55.037662Z  INFO rockstream_runtime::client: Received FenceAck for ShardId(13224250654272404656): valid=true
2026-08-23T14:28:55.239591Z  INFO rockstream_runtime::client: Received FenceAck for ShardId(13224250654272404656): valid=true
2026-08-23T14:28:55.240693Z  INFO rockstream_runtime::client: Received FenceAck for ShardId(13224250654272404656): valid=true
2026-08-23T14:28:55.444777Z  INFO rockstream_runtime::client: Received FenceAck for ShardId(13224250654272404656): valid=true
2026-08-23T14:28:55.445889Z  INFO rockstream_runtime::client: Received FenceAck for ShardId(13224250654272404656): valid=true
2026-08-23T14:28:55.646312Z  INFO rockstream_runtime::client: Received FenceAck for ShardId(13224250654272404656): valid=true
2026-08-23T14:28:55.646678Z  INFO rockstream_runtime::client: Received FenceAck for ShardId(13224250654272404656): valid=true
2026-08-23T14:28:55.856395Z  INFO rockstream_runtime::client: Received FenceAck for ShardId(13224250654272404656): valid=true
2026-08-23T14:28:55.859663Z  INFO rockstream_runtime::client: Received FenceAck for ShardId(13224250654272404656): valid=true
2026-08-23T14:28:56.060146Z  INFO rockstream_runtime::client: Received FenceAck for ShardId(13224250654272404656): valid=true
2026-08-23T14:28:56.061676Z  INFO rockstream_runtime::client: Received FenceAck for ShardId(13224250654272404656): valid=true
2026-08-23T14:28:56.263951Z  INFO rockstream_runtime::client: Received FenceAck for ShardId(13224250654272404656): valid=true
2026-08-23T14:28:56.265253Z  INFO rockstream_runtime::client: Received FenceAck for ShardId(13224250654272404656): valid=true
2026-08-23T14:28:56.469079Z  INFO rockstream_runtime::client: Received FenceAck for ShardId(13224250654272404656): valid=true
2026-08-23T14:28:56.470246Z  INFO rockstream_runtime::client: Received FenceAck for ShardId(13224250654272404656): valid=true
2026-08-23T14:28:56.670244Z  INFO rockstream_runtime::client: Received FenceAck for ShardId(13224250654272404656): valid=true
2026-08-23T14:28:56.670783Z  INFO rockstream_runtime::client: Received FenceAck for ShardId(13224250654272404656): valid=true
2026-08-23T14:28:56.876710Z  INFO rockstream_runtime::client: Received FenceAck for ShardId(13224250654272404656): valid=true
2026-08-23T14:28:56.877333Z  INFO rockstream_runtime::client: Received FenceAck for ShardId(13224250654272404656): valid=true
2026-08-23T14:28:57.089174Z  INFO rockstream_runtime::client: Received FenceAck for ShardId(13224250654272404656): valid=true
2026-08-23T14:28:57.090817Z  INFO rockstream_runtime::client: Received FenceAck for ShardId(13224250654272404656): valid=true
2026-08-23T14:28:57.286976Z  INFO rockstream_runtime::client: Received FenceAck for ShardId(13224250654272404656): valid=true
2026-08-23T14:28:57.287960Z  INFO rockstream_runtime::client: Received FenceAck for ShardId(13224250654272404656): valid=true
2026-08-23T14:28:57.488200Z  INFO rockstream_runtime::client: Received FenceAck for ShardId(13224250654272404656): valid=true
2026-08-23T14:28:57.488680Z  INFO rockstream_runtime::client: Received FenceAck for ShardId(13224250654272404656): valid=true
2026-08-23T14:28:57.694360Z  INFO rockstream_runtime::client: Received FenceAck for ShardId(13224250654272404656): valid=true
2026-08-23T14:28:57.694847Z  INFO rockstream_runtime::client: Received FenceAck for ShardId(13224250654272404656): valid=true
2026-08-23T14:28:57.907514Z  INFO rockstream_runtime::client: Received FenceAck for ShardId(13224250654272404656): valid=true
2026-08-23T14:28:57.908956Z  INFO rockstream_runtime::client: Received FenceAck for ShardId(13224250654272404656): valid=true
2026-08-23T14:28:58.107898Z  INFO rockstream_runtime::client: Received FenceAck for ShardId(13224250654272404656): valid=true
2026-08-23T14:28:58.108789Z  INFO rockstream_runtime::client: Received FenceAck for ShardId(13224250654272404656): valid=true
2026-08-23T14:28:58.311109Z  INFO rockstream_runtime::client: Received FenceAck for ShardId(13224250654272404656): valid=true
2026-08-23T14:28:58.311777Z  INFO rockstream_runtime::client: Received FenceAck for ShardId(13224250654272404656): valid=true
2026-08-23T14:28:58.515739Z  INFO rockstream_runtime::client: Received FenceAck for ShardId(13224250654272404656): valid=true
2026-08-23T14:28:58.516382Z  INFO rockstream_runtime::client: Received FenceAck for ShardId(13224250654272404656): valid=true
2026-08-23T14:28:58.721234Z  INFO rockstream_runtime::client: Received FenceAck for ShardId(13224250654272404656): valid=true
2026-08-23T14:28:58.721750Z  INFO rockstream_runtime::client: Received FenceAck for ShardId(13224250654272404656): valid=true
2026-08-23T14:28:58.931007Z  INFO rockstream_runtime::client: Received FenceAck for ShardId(13224250654272404656): valid=true
2026-08-23T14:28:58.932559Z  INFO rockstream_runtime::client: Received FenceAck for ShardId(13224250654272404656): valid=true
2026-08-23T14:28:59.137174Z  INFO rockstream_runtime::client: Received FenceAck for ShardId(13224250654272404656): valid=true
2026-08-23T14:28:59.138351Z  INFO rockstream_runtime::client: Received FenceAck for ShardId(13224250654272404656): valid=true
2026-08-23T14:28:59.335686Z  INFO rockstream_runtime::client: Received FenceAck for ShardId(13224250654272404656): valid=true
2026-08-23T14:28:59.336032Z  INFO rockstream_runtime::client: Received FenceAck for ShardId(13224250654272404656): valid=true
2026-08-23T14:28:59.544505Z  INFO rockstream_runtime::client: Received FenceAck for ShardId(13224250654272404656): valid=true
2026-08-23T14:28:59.545659Z  INFO rockstream_runtime::client: Received FenceAck for ShardId(13224250654272404656): valid=true
2026-08-23T14:28:59.746284Z  INFO rockstream_runtime::client: Received FenceAck for ShardId(13224250654272404656): valid=true
2026-08-23T14:28:59.746798Z  INFO rockstream_runtime::client: Received FenceAck for ShardId(13224250654272404656): valid=true
2026-08-23T14:28:59.955150Z  INFO rockstream_runtime::client: Received FenceAck for ShardId(13224250654272404656): valid=true
2026-08-23T14:28:59.956056Z  INFO rockstream_runtime::client: Received FenceAck for ShardId(13224250654272404656): valid=true
2026-08-23T14:29:00.162569Z  INFO rockstream_runtime::client: Received FenceAck for ShardId(13224250654272404656): valid=true
2026-08-23T14:29:00.164278Z  INFO rockstream_runtime::client: Received FenceAck for ShardId(13224250654272404656): valid=true
2026-08-23T14:29:00.366399Z  INFO rockstream_runtime::client: Received FenceAck for ShardId(13224250654272404656): valid=true
2026-08-23T14:29:00.367842Z  INFO rockstream_runtime::client: Received FenceAck for ShardId(13224250654272404656): valid=true
2026-08-23T14:29:00.569788Z  INFO rockstream_runtime::client: Received FenceAck for ShardId(13224250654272404656): valid=true
2026-08-23T14:29:00.571279Z  INFO rockstream_runtime::client: Received FenceAck for ShardId(13224250654272404656): valid=true
2026-08-23T14:29:00.769576Z  INFO rockstream_runtime::client: Received FenceAck for ShardId(13224250654272404656): valid=true
2026-08-23T14:29:00.770059Z  INFO rockstream_runtime::client: Received FenceAck for ShardId(13224250654272404656): valid=true
2026-08-23T14:29:00.977847Z  INFO rockstream_runtime::client: Received FenceAck for ShardId(13224250654272404656): valid=true
2026-08-23T14:29:00.978811Z  INFO rockstream_runtime::client: Received FenceAck for ShardId(13224250654272404656): valid=true
2026-08-23T14:29:01.190563Z  INFO rockstream_runtime::client: Received FenceAck for ShardId(13224250654272404656): valid=true
2026-08-23T14:29:01.191482Z  INFO rockstream_runtime::client: Received FenceAck for ShardId(13224250654272404656): valid=true
2026-08-23T14:29:01.391707Z  INFO rockstream_runtime::client: Received FenceAck for ShardId(13224250654272404656): valid=true
2026-08-23T14:29:01.393597Z  INFO rockstream_runtime::client: Received FenceAck for ShardId(13224250654272404656): valid=true
2026-08-23T14:29:01.593270Z  INFO rockstream_runtime::client: Received FenceAck for ShardId(13224250654272404656): valid=true
2026-08-23T14:29:01.594238Z  INFO rockstream_runtime::client: Received FenceAck for ShardId(13224250654272404656): valid=true
2026-08-23T14:29:01.793477Z  INFO rockstream_runtime::client: Received FenceAck for ShardId(13224250654272404656): valid=true
2026-08-23T14:29:01.793877Z  INFO rockstream_runtime::client: Received FenceAck for ShardId(13224250654272404656): valid=true
2026-08-23T14:29:02.000281Z  INFO rockstream_runtime::client: Received FenceAck for ShardId(13224250654272404656): valid=true
2026-08-23T14:29:02.001491Z  INFO rockstream_runtime::client: Received FenceAck for ShardId(13224250654272404656): valid=true
2026-08-23T14:29:02.208709Z  INFO rockstream_runtime::client: Received FenceAck for ShardId(13224250654272404656): valid=true
2026-08-23T14:29:02.210089Z  INFO rockstream_runtime::client: Received FenceAck for ShardId(13224250654272404656): valid=true
2026-08-23T14:29:02.414820Z  INFO rockstream_runtime::client: Received FenceAck for ShardId(13224250654272404656): valid=true
2026-08-23T14:29:02.416141Z  INFO rockstream_runtime::client: Received FenceAck for ShardId(13224250654272404656): valid=true
2026-08-23T14:29:02.614692Z  INFO rockstream_runtime::client: Received FenceAck for ShardId(13224250654272404656): valid=true
2026-08-23T14:29:02.615510Z  INFO rockstream_runtime::client: Received FenceAck for ShardId(13224250654272404656): valid=true
2026-08-23T14:29:02.818073Z  INFO rockstream_runtime::client: Received FenceAck for ShardId(13224250654272404656): valid=true
2026-08-23T14:29:02.818580Z  INFO rockstream_runtime::client: Received FenceAck for ShardId(13224250654272404656): valid=true
2026-08-23T14:29:03.025963Z  INFO rockstream_runtime::client: Received FenceAck for ShardId(13224250654272404656): valid=true
2026-08-23T14:29:03.026830Z  INFO rockstream_runtime::client: Received FenceAck for ShardId(13224250654272404656): valid=true
2026-08-23T14:29:03.234584Z  INFO rockstream_runtime::client: Received FenceAck for ShardId(13224250654272404656): valid=true
2026-08-23T14:29:03.235645Z  INFO rockstream_runtime::client: Received FenceAck for ShardId(13224250654272404656): valid=true
2026-08-23T14:29:03.441639Z  INFO rockstream_runtime::client: Received FenceAck for ShardId(13224250654272404656): valid=true
2026-08-23T14:29:03.442956Z  INFO rockstream_runtime::client: Received FenceAck for ShardId(13224250654272404656): valid=true
2026-08-23T14:29:03.641306Z  INFO rockstream_runtime::client: Received FenceAck for ShardId(13224250654272404656): valid=true
2026-08-23T14:29:03.641756Z  INFO rockstream_runtime::client: Received FenceAck for ShardId(13224250654272404656): valid=true
2026-08-23T14:29:03.850610Z  INFO rockstream_runtime::client: Received FenceAck for ShardId(13224250654272404656): valid=true
2026-08-23T14:29:03.851659Z  INFO rockstream_runtime::client: Received FenceAck for ShardId(13224250654272404656): valid=true
2026-08-23T14:29:04.057521Z  INFO rockstream_runtime::client: Received FenceAck for ShardId(13224250654272404656): valid=true
2026-08-23T14:29:04.058507Z  INFO rockstream_runtime::client: Received FenceAck for ShardId(13224250654272404656): valid=true
2026-08-23T14:29:04.262922Z  INFO rockstream_runtime::client: Received FenceAck for ShardId(13224250654272404656): valid=true
2026-08-23T14:29:04.263781Z  INFO rockstream_runtime::client: Received FenceAck for ShardId(13224250654272404656): valid=true
2026-08-23T14:29:04.476848Z  INFO rockstream_runtime::client: Received FenceAck for ShardId(13224250654272404656): valid=true
2026-08-23T14:29:04.477856Z  INFO rockstream_runtime::client: Received FenceAck for ShardId(13224250654272404656): valid=true
2026-08-23T14:29:04.675015Z  INFO rockstream_runtime::client: Received FenceAck for ShardId(13224250654272404656): valid=true
2026-08-23T14:29:04.675483Z  INFO rockstream_runtime::client: Received FenceAck for ShardId(13224250654272404656): valid=true
2026-08-23T14:29:04.882272Z  INFO rockstream_runtime::client: Received FenceAck for ShardId(13224250654272404656): valid=true
2026-08-23T14:29:04.884555Z  INFO rockstream_runtime::client: Received FenceAck for ShardId(13224250654272404656): valid=true
2026-08-23T14:29:05.088983Z  INFO rockstream_runtime::client: Received FenceAck for ShardId(13224250654272404656): valid=true
2026-08-23T14:29:05.090308Z  INFO rockstream_runtime::client: Received FenceAck for ShardId(13224250654272404656): valid=true
2026-08-23T14:29:05.290870Z  INFO rockstream_runtime::client: Received FenceAck for ShardId(13224250654272404656): valid=true
2026-08-23T14:29:05.293165Z  INFO rockstream_runtime::client: Received FenceAck for ShardId(13224250654272404656): valid=true
2026-08-23T14:29:05.495755Z  INFO rockstream_runtime::client: Received FenceAck for ShardId(13224250654272404656): valid=true
2026-08-23T14:29:05.496447Z  INFO rockstream_runtime::client: Received FenceAck for ShardId(13224250654272404656): valid=true
2026-08-23T14:29:05.698102Z  INFO rockstream_runtime::client: Received FenceAck for ShardId(13224250654272404656): valid=true
2026-08-23T14:29:05.698556Z  INFO rockstream_runtime::client: Received FenceAck for ShardId(13224250654272404656): valid=true
2026-08-23T14:29:05.911679Z  INFO rockstream_runtime::client: Received FenceAck for ShardId(13224250654272404656): valid=true
2026-08-23T14:29:05.913097Z  INFO rockstream_runtime::client: Received FenceAck for ShardId(13224250654272404656): valid=true
2026-08-23T14:29:06.114524Z  INFO rockstream_runtime::client: Received FenceAck for ShardId(13224250654272404656): valid=true
2026-08-23T14:29:06.116009Z  INFO rockstream_runtime::client: Received FenceAck for ShardId(13224250654272404656): valid=true
2026-08-23T14:29:06.318164Z  INFO rockstream_runtime::client: Received FenceAck for ShardId(13224250654272404656): valid=true
2026-08-23T14:29:06.319375Z  INFO rockstream_runtime::client: Received FenceAck for ShardId(13224250654272404656): valid=true
2026-08-23T14:29:06.520928Z  INFO rockstream_runtime::client: Received FenceAck for ShardId(13224250654272404656): valid=true
2026-08-23T14:29:06.521637Z  INFO rockstream_runtime::client: Received FenceAck for ShardId(13224250654272404656): valid=true
2026-08-23T14:29:06.722611Z  INFO rockstream_runtime::client: Received FenceAck for ShardId(13224250654272404656): valid=true
2026-08-23T14:29:06.723019Z  INFO rockstream_runtime::client: Received FenceAck for ShardId(13224250654272404656): valid=true
2026-08-23T14:29:06.931623Z  INFO rockstream_runtime::client: Received FenceAck for ShardId(13224250654272404656): valid=true
2026-08-23T14:29:06.932804Z  INFO rockstream_runtime::client: Received FenceAck for ShardId(13224250654272404656): valid=true
2026-08-23T14:29:07.139255Z  INFO rockstream_runtime::client: Received FenceAck for ShardId(13224250654272404656): valid=true
2026-08-23T14:29:07.140897Z  INFO rockstream_runtime::client: Received FenceAck for ShardId(13224250654272404656): valid=true
2026-08-23T14:29:07.340708Z  INFO rockstream_runtime::client: Received FenceAck for ShardId(13224250654272404656): valid=true
2026-08-23T14:29:07.341937Z  INFO rockstream_runtime::client: Received FenceAck for ShardId(13224250654272404656): valid=true
2026-08-23T14:29:07.541859Z  INFO rockstream_runtime::client: Received FenceAck for ShardId(13224250654272404656): valid=true
2026-08-23T14:29:07.542329Z  INFO rockstream_runtime::client: Received FenceAck for ShardId(13224250654272404656): valid=true
2026-08-23T14:29:07.745355Z  INFO rockstream_runtime::client: Received FenceAck for ShardId(13224250654272404656): valid=true
2026-08-23T14:29:07.745795Z  INFO rockstream_runtime::client: Received FenceAck for ShardId(13224250654272404656): valid=true
2026-08-23T14:29:07.956907Z  INFO rockstream_runtime::client: Received FenceAck for ShardId(13224250654272404656): valid=true
2026-08-23T14:29:07.958509Z  INFO rockstream_runtime::client: Received FenceAck for ShardId(13224250654272404656): valid=true
2026-08-23T14:29:08.162629Z  INFO rockstream_runtime::client: Received FenceAck for ShardId(13224250654272404656): valid=true
2026-08-23T14:29:08.164356Z  INFO rockstream_runtime::client: Received FenceAck for ShardId(13224250654272404656): valid=true
2026-08-23T14:29:08.367991Z  INFO rockstream_runtime::client: Received FenceAck for ShardId(13224250654272404656): valid=true
2026-08-23T14:29:08.369063Z  INFO rockstream_runtime::client: Received FenceAck for ShardId(13224250654272404656): valid=true
2026-08-23T14:29:08.573322Z  INFO rockstream_runtime::client: Received FenceAck for ShardId(13224250654272404656): valid=true
2026-08-23T14:29:08.574505Z  INFO rockstream_runtime::client: Received FenceAck for ShardId(13224250654272404656): valid=true
2026-08-23T14:29:08.775033Z  INFO rockstream_runtime::client: Received FenceAck for ShardId(13224250654272404656): valid=true
2026-08-23T14:29:08.775567Z  INFO rockstream_runtime::client: Received FenceAck for ShardId(13224250654272404656): valid=true
2026-08-23T14:29:08.985028Z  INFO rockstream_runtime::client: Received FenceAck for ShardId(13224250654272404656): valid=true
2026-08-23T14:29:08.986212Z  INFO rockstream_runtime::client: Received FenceAck for ShardId(13224250654272404656): valid=true
2026-08-23T14:29:09.192053Z  INFO rockstream_runtime::client: Received FenceAck for ShardId(13224250654272404656): valid=true
2026-08-23T14:29:09.193707Z  INFO rockstream_runtime::client: Received FenceAck for ShardId(13224250654272404656): valid=true
2026-08-23T14:29:09.394550Z  INFO rockstream_runtime::client: Received FenceAck for ShardId(13224250654272404656): valid=true
2026-08-23T14:29:09.395508Z  INFO rockstream_runtime::client: Received FenceAck for ShardId(13224250654272404656): valid=true
2026-08-23T14:29:09.598024Z  INFO rockstream_runtime::client: Received FenceAck for ShardId(13224250654272404656): valid=true
2026-08-23T14:29:09.598958Z  INFO rockstream_runtime::client: Received FenceAck for ShardId(13224250654272404656): valid=true
2026-08-23T14:29:09.802732Z  INFO rockstream_runtime::client: Received FenceAck for ShardId(13224250654272404656): valid=true
2026-08-23T14:29:09.803329Z  INFO rockstream_runtime::client: Received FenceAck for ShardId(13224250654272404656): valid=true
2026-08-23T14:29:10.017811Z  INFO rockstream_runtime::client: Received FenceAck for ShardId(13224250654272404656): valid=true
2026-08-23T14:29:10.019728Z  INFO rockstream_runtime::client: Received FenceAck for ShardId(13224250654272404656): valid=true
2026-08-23T14:29:10.216993Z  INFO rockstream_runtime::client: Received FenceAck for ShardId(13224250654272404656): valid=true
2026-08-23T14:29:10.218119Z  INFO rockstream_runtime::client: Received FenceAck for ShardId(13224250654272404656): valid=true
2026-08-23T14:29:10.422185Z  INFO rockstream_runtime::client: Received FenceAck for ShardId(13224250654272404656): valid=true
2026-08-23T14:29:10.424366Z  INFO rockstream_runtime::client: Received FenceAck for ShardId(13224250654272404656): valid=true
2026-08-23T14:29:10.625940Z  INFO rockstream_runtime::client: Received FenceAck for ShardId(13224250654272404656): valid=true
2026-08-23T14:29:10.627306Z  INFO rockstream_runtime::client: Received FenceAck for ShardId(13224250654272404656): valid=true
2026-08-23T14:29:10.825590Z  INFO rockstream_runtime::client: Received FenceAck for ShardId(13224250654272404656): valid=true
2026-08-23T14:29:10.825994Z  INFO rockstream_runtime::client: Received FenceAck for ShardId(13224250654272404656): valid=true
2026-08-23T14:29:11.038329Z  INFO rockstream_runtime::client: Received FenceAck for ShardId(13224250654272404656): valid=true
2026-08-23T14:29:11.039216Z  INFO rockstream_runtime::client: Received FenceAck for ShardId(13224250654272404656): valid=true
2026-08-23T14:29:11.239911Z  INFO rockstream_runtime::client: Received FenceAck for ShardId(13224250654272404656): valid=true
2026-08-23T14:29:11.241019Z  INFO rockstream_runtime::client: Received FenceAck for ShardId(13224250654272404656): valid=true
2026-08-23T14:29:11.446357Z  INFO rockstream_runtime::client: Received FenceAck for ShardId(13224250654272404656): valid=true
2026-08-23T14:29:11.447477Z  INFO rockstream_runtime::client: Received FenceAck for ShardId(13224250654272404656): valid=true
2026-08-23T14:29:11.645826Z  INFO rockstream_runtime::client: Received FenceAck for ShardId(13224250654272404656): valid=true
2026-08-23T14:29:11.646363Z  INFO rockstream_runtime::client: Received FenceAck for ShardId(13224250654272404656): valid=true
2026-08-23T14:29:11.850672Z  INFO rockstream_runtime::client: Received FenceAck for ShardId(13224250654272404656): valid=true
2026-08-23T14:29:11.851110Z  INFO rockstream_runtime::client: Received FenceAck for ShardId(13224250654272404656): valid=true
2026-08-23T14:29:12.061198Z  INFO rockstream_runtime::client: Received FenceAck for ShardId(13224250654272404656): valid=true
2026-08-23T14:29:12.062180Z  INFO rockstream_runtime::client: Received FenceAck for ShardId(13224250654272404656): valid=true
2026-08-23T14:29:12.267440Z  INFO rockstream_runtime::client: Received FenceAck for ShardId(13224250654272404656): valid=true
2026-08-23T14:29:12.268630Z  INFO rockstream_runtime::client: Received FenceAck for ShardId(13224250654272404656): valid=true
2026-08-23T14:29:12.474210Z  INFO rockstream_runtime::client: Received FenceAck for ShardId(13224250654272404656): valid=true
2026-08-23T14:29:12.475840Z  INFO rockstream_runtime::client: Received FenceAck for ShardId(13224250654272404656): valid=true
2026-08-23T14:29:12.671913Z  INFO rockstream_runtime::client: Received FenceAck for ShardId(13224250654272404656): valid=true
2026-08-23T14:29:12.672411Z  INFO rockstream_runtime::client: Received FenceAck for ShardId(13224250654272404656): valid=true
2026-08-23T14:29:12.878832Z  INFO rockstream_runtime::client: Received FenceAck for ShardId(13224250654272404656): valid=true
2026-08-23T14:29:12.879485Z  INFO rockstream_runtime::client: Received FenceAck for ShardId(13224250654272404656): valid=true
2026-08-23T14:29:13.083091Z  INFO rockstream_runtime::client: Received FenceAck for ShardId(13224250654272404656): valid=true
2026-08-23T14:29:13.083863Z  INFO rockstream_runtime::client: Received FenceAck for ShardId(13224250654272404656): valid=true
2026-08-23T14:29:13.289868Z  INFO rockstream_runtime::client: Received FenceAck for ShardId(13224250654272404656): valid=true
2026-08-23T14:29:13.291199Z  INFO rockstream_runtime::client: Received FenceAck for ShardId(13224250654272404656): valid=true
2026-08-23T14:29:13.492171Z  INFO rockstream_runtime::client: Received FenceAck for ShardId(13224250654272404656): valid=true
2026-08-23T14:29:13.493585Z  INFO rockstream_runtime::client: Received FenceAck for ShardId(13224250654272404656): valid=true
2026-08-23T14:29:13.692943Z  INFO rockstream_runtime::client: Received FenceAck for ShardId(13224250654272404656): valid=true
2026-08-23T14:29:13.693333Z  INFO rockstream_runtime::client: Received FenceAck for ShardId(13224250654272404656): valid=true
2026-08-23T14:29:13.903986Z  INFO rockstream_runtime::client: Received FenceAck for ShardId(13224250654272404656): valid=true
2026-08-23T14:29:13.905304Z  INFO rockstream_runtime::client: Received FenceAck for ShardId(13224250654272404656): valid=true
2026-08-23T14:29:14.107568Z  INFO rockstream_runtime::client: Received FenceAck for ShardId(13224250654272404656): valid=true
2026-08-23T14:29:14.109341Z  INFO rockstream_runtime::client: Received FenceAck for ShardId(13224250654272404656): valid=true
2026-08-23T14:29:14.315431Z  INFO rockstream_runtime::client: Received FenceAck for ShardId(13224250654272404656): valid=true
2026-08-23T14:29:14.316966Z  INFO rockstream_runtime::client: Received FenceAck for ShardId(13224250654272404656): valid=true
2026-08-23T14:29:14.520044Z  INFO rockstream_runtime::client: Received FenceAck for ShardId(13224250654272404656): valid=true
2026-08-23T14:29:14.521769Z  INFO rockstream_runtime::client: Received FenceAck for ShardId(13224250654272404656): valid=true
2026-08-23T14:29:14.718769Z  INFO rockstream_runtime::client: Received FenceAck for ShardId(13224250654272404656): valid=true
2026-08-23T14:29:14.719207Z  INFO rockstream_runtime::client: Received FenceAck for ShardId(13224250654272404656): valid=true
2026-08-23T14:29:14.926774Z  INFO rockstream_runtime::client: Received FenceAck for ShardId(13224250654272404656): valid=true
2026-08-23T14:29:14.927755Z  INFO rockstream_runtime::client: Received FenceAck for ShardId(13224250654272404656): valid=true
2026-08-23T14:29:15.131558Z  INFO rockstream_runtime::client: Received FenceAck for ShardId(13224250654272404656): valid=true
2026-08-23T14:29:15.132454Z  INFO rockstream_runtime::client: Received FenceAck for ShardId(13224250654272404656): valid=true
2026-08-23T14:29:15.337825Z  INFO rockstream_runtime::client: Received FenceAck for ShardId(13224250654272404656): valid=true
2026-08-23T14:29:15.338539Z  INFO rockstream_runtime::client: Received FenceAck for ShardId(13224250654272404656): valid=true
2026-08-23T14:29:15.546582Z  INFO rockstream_runtime::client: Received FenceAck for ShardId(13224250654272404656): valid=true
2026-08-23T14:29:15.548335Z  INFO rockstream_runtime::client: Received FenceAck for ShardId(13224250654272404656): valid=true
2026-08-23T14:29:15.745275Z  INFO rockstream_runtime::client: Received FenceAck for ShardId(13224250654272404656): valid=true
2026-08-23T14:29:15.745749Z  INFO rockstream_runtime::client: Received FenceAck for ShardId(13224250654272404656): valid=true
2026-08-23T14:29:15.955038Z  INFO rockstream_runtime::client: Received FenceAck for ShardId(13224250654272404656): valid=true
2026-08-23T14:29:15.955986Z  INFO rockstream_runtime::client: Received FenceAck for ShardId(13224250654272404656): valid=true
2026-08-23T14:29:16.161514Z  INFO rockstream_runtime::client: Received FenceAck for ShardId(13224250654272404656): valid=true
2026-08-23T14:29:16.162921Z  INFO rockstream_runtime::client: Received FenceAck for ShardId(13224250654272404656): valid=true
2026-08-23T14:29:16.364643Z  INFO rockstream_runtime::client: Received FenceAck for ShardId(13224250654272404656): valid=true
2026-08-23T14:29:16.365590Z  INFO rockstream_runtime::client: Received FenceAck for ShardId(13224250654272404656): valid=true
2026-08-23T14:29:16.574072Z  INFO rockstream_runtime::client: Received FenceAck for ShardId(13224250654272404656): valid=true
2026-08-23T14:29:16.575131Z  INFO rockstream_runtime::client: Received FenceAck for ShardId(13224250654272404656): valid=true
2026-08-23T14:29:16.774316Z  INFO rockstream_runtime::client: Received FenceAck for ShardId(13224250654272404656): valid=true
2026-08-23T14:29:16.774651Z  INFO rockstream_runtime::client: Received FenceAck for ShardId(13224250654272404656): valid=true
2026-08-23T14:29:16.984878Z  INFO rockstream_runtime::client: Received FenceAck for ShardId(13224250654272404656): valid=true
2026-08-23T14:29:16.986114Z  INFO rockstream_runtime::client: Received FenceAck for ShardId(13224250654272404656): valid=true
2026-08-23T14:29:17.187738Z  INFO rockstream_runtime::client: Received FenceAck for ShardId(13224250654272404656): valid=true
2026-08-23T14:29:17.188607Z  INFO rockstream_runtime::client: Received FenceAck for ShardId(13224250654272404656): valid=true
2026-08-23T14:29:17.395621Z  INFO rockstream_runtime::client: Received FenceAck for ShardId(13224250654272404656): valid=true
2026-08-23T14:29:17.396805Z  INFO rockstream_runtime::client: Received FenceAck for ShardId(13224250654272404656): valid=true
2026-08-23T14:29:17.598687Z  INFO rockstream_runtime::client: Received FenceAck for ShardId(13224250654272404656): valid=true
2026-08-23T14:29:17.599196Z  INFO rockstream_runtime::client: Received FenceAck for ShardId(13224250654272404656): valid=true
2026-08-23T14:29:17.805342Z  INFO rockstream_runtime::client: Received FenceAck for ShardId(13224250654272404656): valid=true
2026-08-23T14:29:17.806085Z  INFO rockstream_runtime::client: Received FenceAck for ShardId(13224250654272404656): valid=true
2026-08-23T14:29:18.015009Z  INFO rockstream_runtime::client: Received FenceAck for ShardId(13224250654272404656): valid=true
2026-08-23T14:29:18.016415Z  INFO rockstream_runtime::client: Received FenceAck for ShardId(13224250654272404656): valid=true
2026-08-23T14:29:18.216260Z  INFO rockstream_runtime::client: Received FenceAck for ShardId(13224250654272404656): valid=true
2026-08-23T14:29:18.216970Z  INFO rockstream_runtime::client: Received FenceAck for ShardId(13224250654272404656): valid=true
2026-08-23T14:29:18.425345Z  INFO rockstream_runtime::client: Received FenceAck for ShardId(13224250654272404656): valid=true
2026-08-23T14:29:18.427520Z  INFO rockstream_runtime::client: Received FenceAck for ShardId(13224250654272404656): valid=true
2026-08-23T14:29:18.630597Z  INFO rockstream_runtime::client: Received FenceAck for ShardId(13224250654272404656): valid=true
2026-08-23T14:29:18.632007Z  INFO rockstream_runtime::client: Received FenceAck for ShardId(13224250654272404656): valid=true
2026-08-23T14:29:18.832513Z  INFO rockstream_runtime::client: Received FenceAck for ShardId(13224250654272404656): valid=true
2026-08-23T14:29:18.833319Z  INFO rockstream_runtime::client: Received FenceAck for ShardId(13224250654272404656): valid=true
2026-08-23T14:29:19.042045Z  INFO rockstream_runtime::client: Received FenceAck for ShardId(13224250654272404656): valid=true
2026-08-23T14:29:19.043170Z  INFO rockstream_runtime::client: Received FenceAck for ShardId(13224250654272404656): valid=true
2026-08-23T14:29:19.248604Z  INFO rockstream_runtime::client: Received FenceAck for ShardId(13224250654272404656): valid=true
2026-08-23T14:29:19.249276Z  INFO rockstream_runtime::client: Received FenceAck for ShardId(13224250654272404656): valid=true
2026-08-23T14:29:19.449772Z  INFO rockstream_runtime::client: Received FenceAck for ShardId(13224250654272404656): valid=true
2026-08-23T14:29:19.450977Z  INFO rockstream_runtime::client: Received FenceAck for ShardId(13224250654272404656): valid=true
2026-08-23T14:29:19.652429Z  INFO rockstream_runtime::client: Received FenceAck for ShardId(13224250654272404656): valid=true
2026-08-23T14:29:19.653206Z  INFO rockstream_runtime::client: Received FenceAck for ShardId(13224250654272404656): valid=true
2026-08-23T14:29:19.864106Z  INFO rockstream_runtime::client: Received FenceAck for ShardId(13224250654272404656): valid=true
2026-08-23T14:29:19.865197Z  INFO rockstream_runtime::client: Received FenceAck for ShardId(13224250654272404656): valid=true
2026-08-23T14:29:20.069974Z  INFO rockstream_runtime::client: Received FenceAck for ShardId(13224250654272404656): valid=true
2026-08-23T14:29:20.073932Z  INFO rockstream_runtime::client: Received FenceAck for ShardId(13224250654272404656): valid=true
2026-08-23T14:29:20.275560Z  INFO rockstream_runtime::client: Received FenceAck for ShardId(13224250654272404656): valid=true
2026-08-23T14:29:20.277198Z  INFO rockstream_runtime::client: Received FenceAck for ShardId(13224250654272404656): valid=true
2026-08-23T14:29:20.480065Z  INFO rockstream_runtime::client: Received FenceAck for ShardId(13224250654272404656): valid=true
2026-08-23T14:29:20.481474Z  INFO rockstream_runtime::client: Received FenceAck for ShardId(13224250654272404656): valid=true
2026-08-23T14:29:20.681026Z  INFO rockstream_runtime::client: Received FenceAck for ShardId(13224250654272404656): valid=true
2026-08-23T14:29:20.681486Z  INFO rockstream_runtime::client: Received FenceAck for ShardId(13224250654272404656): valid=true
2026-08-23T14:29:20.888633Z  INFO rockstream_runtime::client: Received FenceAck for ShardId(13224250654272404656): valid=true
2026-08-23T14:29:20.889718Z  INFO rockstream_runtime::client: Received FenceAck for ShardId(13224250654272404656): valid=true
2026-08-23T14:29:21.093336Z  INFO rockstream_runtime::client: Received FenceAck for ShardId(13224250654272404656): valid=true
2026-08-23T14:29:21.094570Z  INFO rockstream_runtime::client: Received FenceAck for ShardId(13224250654272404656): valid=true
2026-08-23T14:29:21.300853Z  INFO rockstream_runtime::client: Received FenceAck for ShardId(13224250654272404656): valid=true
2026-08-23T14:29:21.302518Z  INFO rockstream_runtime::client: Received FenceAck for ShardId(13224250654272404656): valid=true
2026-08-23T14:29:21.506119Z  INFO rockstream_runtime::client: Received FenceAck for ShardId(13224250654272404656): valid=true
2026-08-23T14:29:21.507689Z  INFO rockstream_runtime::client: Received FenceAck for ShardId(13224250654272404656): valid=true
2026-08-23T14:29:21.705598Z  INFO rockstream_runtime::client: Received FenceAck for ShardId(13224250654272404656): valid=true
2026-08-23T14:29:21.706046Z  INFO rockstream_runtime::client: Received FenceAck for ShardId(13224250654272404656): valid=true
2026-08-23T14:29:21.911960Z  INFO rockstream_runtime::client: Received FenceAck for ShardId(13224250654272404656): valid=true
2026-08-23T14:29:21.912645Z  INFO rockstream_runtime::client: Received FenceAck for ShardId(13224250654272404656): valid=true
2026-08-23T14:29:22.124441Z  INFO rockstream_runtime::client: Received FenceAck for ShardId(13224250654272404656): valid=true
2026-08-23T14:29:22.125194Z  INFO rockstream_runtime::client: Received FenceAck for ShardId(13224250654272404656): valid=true
2026-08-23T14:29:22.328896Z  INFO rockstream_runtime::client: Received FenceAck for ShardId(13224250654272404656): valid=true
2026-08-23T14:29:22.330351Z  INFO rockstream_runtime::client: Received FenceAck for ShardId(13224250654272404656): valid=true
2026-08-23T14:29:22.533929Z  INFO rockstream_runtime::client: Received FenceAck for ShardId(13224250654272404656): valid=true
2026-08-23T14:29:22.535678Z  INFO rockstream_runtime::client: Received FenceAck for ShardId(13224250654272404656): valid=true
2026-08-23T14:29:22.732453Z  INFO rockstream_runtime::client: Received FenceAck for ShardId(13224250654272404656): valid=true
2026-08-23T14:29:22.732994Z  INFO rockstream_runtime::client: Received FenceAck for ShardId(13224250654272404656): valid=true
2026-08-23T14:29:22.940642Z  INFO rockstream_runtime::client: Received FenceAck for ShardId(13224250654272404656): valid=true
2026-08-23T14:29:22.941780Z  INFO rockstream_runtime::client: Received FenceAck for ShardId(13224250654272404656): valid=true
2026-08-23T14:29:23.147908Z  INFO rockstream_runtime::client: Received FenceAck for ShardId(13224250654272404656): valid=true
2026-08-23T14:29:23.148895Z  INFO rockstream_runtime::client: Received FenceAck for ShardId(13224250654272404656): valid=true
2026-08-23T14:29:23.352238Z  INFO rockstream_runtime::client: Received FenceAck for ShardId(13224250654272404656): valid=true
2026-08-23T14:29:23.353200Z  INFO rockstream_runtime::client: Received FenceAck for ShardId(13224250654272404656): valid=true
2026-08-23T14:29:23.558732Z  INFO rockstream_runtime::client: Received FenceAck for ShardId(13224250654272404656): valid=true
2026-08-23T14:29:23.560514Z  INFO rockstream_runtime::client: Received FenceAck for ShardId(13224250654272404656): valid=true
2026-08-23T14:29:23.757063Z  INFO rockstream_runtime::client: Received FenceAck for ShardId(13224250654272404656): valid=true
2026-08-23T14:29:23.757524Z  INFO rockstream_runtime::client: Received FenceAck for ShardId(13224250654272404656): valid=true
2026-08-23T14:29:23.966033Z  INFO rockstream_runtime::client: Received FenceAck for ShardId(13224250654272404656): valid=true
2026-08-23T14:29:23.967183Z  INFO rockstream_runtime::client: Received FenceAck for ShardId(13224250654272404656): valid=true
2026-08-23T14:29:24.171059Z  INFO rockstream_runtime::client: Received FenceAck for ShardId(13224250654272404656): valid=true
2026-08-23T14:29:24.172098Z  INFO rockstream_runtime::client: Received FenceAck for ShardId(13224250654272404656): valid=true
2026-08-23T14:29:24.378837Z  INFO rockstream_runtime::client: Received FenceAck for ShardId(13224250654272404656): valid=true
2026-08-23T14:29:24.380209Z  INFO rockstream_runtime::client: Received FenceAck for ShardId(13224250654272404656): valid=true
2026-08-23T14:29:24.584614Z  INFO rockstream_runtime::client: Received FenceAck for ShardId(13224250654272404656): valid=true
2026-08-23T14:29:24.585816Z  INFO rockstream_runtime::client: Received FenceAck for ShardId(13224250654272404656): valid=true
2026-08-23T14:29:24.782520Z  INFO rockstream_runtime::client: Received FenceAck for ShardId(13224250654272404656): valid=true
2026-08-23T14:29:24.783097Z  INFO rockstream_runtime::client: Received FenceAck for ShardId(13224250654272404656): valid=true
2026-08-23T14:29:24.992772Z  INFO rockstream_runtime::client: Received FenceAck for ShardId(13224250654272404656): valid=true
2026-08-23T14:29:24.994141Z  INFO rockstream_runtime::client: Received FenceAck for ShardId(13224250654272404656): valid=true
2026-08-23T14:29:25.195302Z  INFO rockstream_runtime::client: Received FenceAck for ShardId(13224250654272404656): valid=true
2026-08-23T14:29:25.196265Z  INFO rockstream_runtime::client: Received FenceAck for ShardId(13224250654272404656): valid=true
2026-08-23T14:29:25.401894Z  INFO rockstream_runtime::client: Received FenceAck for ShardId(13224250654272404656): valid=true
2026-08-23T14:29:25.402934Z  INFO rockstream_runtime::client: Received FenceAck for ShardId(13224250654272404656): valid=true
2026-08-23T14:29:25.610718Z  INFO rockstream_runtime::client: Received FenceAck for ShardId(13224250654272404656): valid=true
2026-08-23T14:29:25.612652Z  INFO rockstream_runtime::client: Received FenceAck for ShardId(13224250654272404656): valid=true
2026-08-23T14:29:25.811602Z  INFO rockstream_runtime::client: Received FenceAck for ShardId(13224250654272404656): valid=true
2026-08-23T14:29:25.812350Z  INFO rockstream_runtime::client: Received FenceAck for ShardId(13224250654272404656): valid=true
2026-08-23T14:29:26.019034Z  INFO rockstream_runtime::client: Received FenceAck for ShardId(13224250654272404656): valid=true
2026-08-23T14:29:26.020284Z  INFO rockstream_runtime::client: Received FenceAck for ShardId(13224250654272404656): valid=true
2026-08-23T14:29:26.222470Z  INFO rockstream_runtime::client: Received FenceAck for ShardId(13224250654272404656): valid=true
2026-08-23T14:29:26.223672Z  INFO rockstream_runtime::client: Received FenceAck for ShardId(13224250654272404656): valid=true
2026-08-23T14:29:26.430201Z  INFO rockstream_runtime::client: Received FenceAck for ShardId(13224250654272404656): valid=true
2026-08-23T14:29:26.431347Z  INFO rockstream_runtime::client: Received FenceAck for ShardId(13224250654272404656): valid=true
2026-08-23T14:29:26.635329Z  INFO rockstream_runtime::client: Received FenceAck for ShardId(13224250654272404656): valid=true
2026-08-23T14:29:26.636946Z  INFO rockstream_runtime::client: Received FenceAck for ShardId(13224250654272404656): valid=true
2026-08-23T14:29:26.834649Z  INFO rockstream_runtime::client: Received FenceAck for ShardId(13224250654272404656): valid=true
2026-08-23T14:29:26.835078Z  INFO rockstream_runtime::client: Received FenceAck for ShardId(13224250654272404656): valid=true
2026-08-23T14:29:27.045297Z  INFO rockstream_runtime::client: Received FenceAck for ShardId(13224250654272404656): valid=true
2026-08-23T14:29:27.046651Z  INFO rockstream_runtime::client: Received FenceAck for ShardId(13224250654272404656): valid=true
2026-08-23T14:29:27.249710Z  INFO rockstream_runtime::client: Received FenceAck for ShardId(13224250654272404656): valid=true
2026-08-23T14:29:27.250927Z  INFO rockstream_runtime::client: Received FenceAck for ShardId(13224250654272404656): valid=true
2026-08-23T14:29:27.450161Z  INFO rockstream_runtime::client: Received FenceAck for ShardId(13224250654272404656): valid=true
2026-08-23T14:29:27.450630Z  INFO rockstream_runtime::client: Received FenceAck for ShardId(13224250654272404656): valid=true
2026-08-23T14:29:27.662480Z  INFO rockstream_runtime::client: Received FenceAck for ShardId(13224250654272404656): valid=true
2026-08-23T14:29:27.663786Z  INFO rockstream_runtime::client: Received FenceAck for ShardId(13224250654272404656): valid=true
2026-08-23T14:29:27.866888Z  INFO rockstream_runtime::client: Received FenceAck for ShardId(13224250654272404656): valid=true
2026-08-23T14:29:27.867643Z  INFO rockstream_runtime::client: Received FenceAck for ShardId(13224250654272404656): valid=true
2026-08-23T14:29:28.069071Z  INFO rockstream_runtime::client: Received FenceAck for ShardId(13224250654272404656): valid=true
2026-08-23T14:29:28.070300Z  INFO rockstream_runtime::client: Received FenceAck for ShardId(13224250654272404656): valid=true
2026-08-23T14:29:28.276119Z  INFO rockstream_runtime::client: Received FenceAck for ShardId(13224250654272404656): valid=true
2026-08-23T14:29:28.277379Z  INFO rockstream_runtime::client: Received FenceAck for ShardId(13224250654272404656): valid=true
2026-08-23T14:29:28.479895Z  INFO rockstream_runtime::client: Received FenceAck for ShardId(13224250654272404656): valid=true
2026-08-23T14:29:28.480880Z  INFO rockstream_runtime::client: Received FenceAck for ShardId(13224250654272404656): valid=true
2026-08-23T14:29:28.685787Z  INFO rockstream_runtime::client: Received FenceAck for ShardId(13224250654272404656): valid=true
2026-08-23T14:29:28.686634Z  INFO rockstream_runtime::client: Received FenceAck for ShardId(13224250654272404656): valid=true
2026-08-23T14:29:28.892191Z  INFO rockstream_runtime::client: Received FenceAck for ShardId(13224250654272404656): valid=true
2026-08-23T14:29:28.893591Z  INFO rockstream_runtime::client: Received FenceAck for ShardId(13224250654272404656): valid=true
2026-08-23T14:29:29.101881Z  INFO rockstream_runtime::client: Received FenceAck for ShardId(13224250654272404656): valid=true
2026-08-23T14:29:29.104449Z  INFO rockstream_runtime::client: Received FenceAck for ShardId(13224250654272404656): valid=true
2026-08-23T14:29:29.304128Z  INFO rockstream_runtime::client: Received FenceAck for ShardId(13224250654272404656): valid=true
2026-08-23T14:29:29.304858Z  INFO rockstream_runtime::client: Received FenceAck for ShardId(13224250654272404656): valid=true
2026-08-23T14:29:29.509798Z  INFO rockstream_runtime::client: Received FenceAck for ShardId(13224250654272404656): valid=true
2026-08-23T14:29:29.511010Z  INFO rockstream_runtime::client: Received FenceAck for ShardId(13224250654272404656): valid=true
2026-08-23T14:29:29.713079Z  INFO rockstream_runtime::client: Received FenceAck for ShardId(13224250654272404656): valid=true
2026-08-23T14:29:29.713661Z  INFO rockstream_runtime::client: Received FenceAck for ShardId(13224250654272404656): valid=true
2026-08-23T14:29:29.921464Z  INFO rockstream_runtime::client: Received FenceAck for ShardId(13224250654272404656): valid=true
2026-08-23T14:29:29.923248Z  INFO rockstream_runtime::client: Received FenceAck for ShardId(13224250654272404656): valid=true
2026-08-23T14:29:30.131591Z  INFO rockstream_runtime::client: Received FenceAck for ShardId(13224250654272404656): valid=true
2026-08-23T14:29:30.132998Z  INFO rockstream_runtime::client: Received FenceAck for ShardId(13224250654272404656): valid=true
2026-08-23T14:29:30.330536Z  INFO rockstream_runtime::client: Received FenceAck for ShardId(13224250654272404656): valid=true
2026-08-23T14:29:30.332207Z  INFO rockstream_runtime::client: Received FenceAck for ShardId(13224250654272404656): valid=true
2026-08-23T14:29:30.536876Z  INFO rockstream_runtime::client: Received FenceAck for ShardId(13224250654272404656): valid=true
2026-08-23T14:29:30.538149Z  INFO rockstream_runtime::client: Received FenceAck for ShardId(13224250654272404656): valid=true
2026-08-23T14:29:30.738816Z  INFO rockstream_runtime::client: Received FenceAck for ShardId(13224250654272404656): valid=true
2026-08-23T14:29:30.739198Z  INFO rockstream_runtime::client: Received FenceAck for ShardId(13224250654272404656): valid=true
2026-08-23T14:29:30.955240Z  INFO rockstream_runtime::client: Received FenceAck for ShardId(13224250654272404656): valid=true
2026-08-23T14:29:30.956554Z  INFO rockstream_runtime::client: Received FenceAck for ShardId(13224250654272404656): valid=true
2026-08-23T14:29:31.155506Z  INFO rockstream_runtime::client: Received FenceAck for ShardId(13224250654272404656): valid=true
2026-08-23T14:29:31.157209Z  INFO rockstream_runtime::client: Received FenceAck for ShardId(13224250654272404656): valid=true
2026-08-23T14:29:31.358777Z  INFO rockstream_runtime::client: Received FenceAck for ShardId(13224250654272404656): valid=true
2026-08-23T14:29:31.360195Z  INFO rockstream_runtime::client: Received FenceAck for ShardId(13224250654272404656): valid=true
2026-08-23T14:29:31.559573Z  INFO rockstream_runtime::client: Received FenceAck for ShardId(13224250654272404656): valid=true
2026-08-23T14:29:31.560820Z  INFO rockstream_runtime::client: Received FenceAck for ShardId(13224250654272404656): valid=true
2026-08-23T14:29:31.760821Z  INFO rockstream_runtime::client: Received FenceAck for ShardId(13224250654272404656): valid=true
2026-08-23T14:29:31.761148Z  INFO rockstream_runtime::client: Received FenceAck for ShardId(13224250654272404656): valid=true
2026-08-23T14:29:31.968354Z  INFO rockstream_runtime::client: Received FenceAck for ShardId(13224250654272404656): valid=true
2026-08-23T14:29:31.969057Z  INFO rockstream_runtime::client: Received FenceAck for ShardId(13224250654272404656): valid=true
2026-08-23T14:29:32.177872Z  INFO rockstream_runtime::client: Received FenceAck for ShardId(13224250654272404656): valid=true
2026-08-23T14:29:32.179336Z  INFO rockstream_runtime::client: Received FenceAck for ShardId(13224250654272404656): valid=true
2026-08-23T14:29:32.384389Z  INFO rockstream_runtime::client: Received FenceAck for ShardId(13224250654272404656): valid=true
2026-08-23T14:29:32.386159Z  INFO rockstream_runtime::client: Received FenceAck for ShardId(13224250654272404656): valid=true
2026-08-23T14:29:32.586394Z  INFO rockstream_runtime::client: Received FenceAck for ShardId(13224250654272404656): valid=true
2026-08-23T14:29:32.588195Z  INFO rockstream_runtime::client: Received FenceAck for ShardId(13224250654272404656): valid=true
2026-08-23T14:29:32.784412Z  INFO rockstream_runtime::client: Received FenceAck for ShardId(13224250654272404656): valid=true
2026-08-23T14:29:32.784834Z  INFO rockstream_runtime::client: Received FenceAck for ShardId(13224250654272404656): valid=true
2026-08-23T14:29:32.993556Z  INFO rockstream_runtime::client: Received FenceAck for ShardId(13224250654272404656): valid=true
2026-08-23T14:29:32.994286Z  INFO rockstream_runtime::client: Received FenceAck for ShardId(13224250654272404656): valid=true
2026-08-23T14:29:33.202935Z  INFO rockstream_runtime::client: Received FenceAck for ShardId(13224250654272404656): valid=true
2026-08-23T14:29:33.205573Z  INFO rockstream_runtime::client: Received FenceAck for ShardId(13224250654272404656): valid=true
2026-08-23T14:29:33.409278Z  INFO rockstream_runtime::client: Received FenceAck for ShardId(13224250654272404656): valid=true
2026-08-23T14:29:33.410573Z  INFO rockstream_runtime::client: Received FenceAck for ShardId(13224250654272404656): valid=true
2026-08-23T14:29:33.608505Z  INFO rockstream_runtime::client: Received FenceAck for ShardId(13224250654272404656): valid=true
2026-08-23T14:29:33.609699Z  INFO rockstream_runtime::client: Received FenceAck for ShardId(13224250654272404656): valid=true
2026-08-23T14:29:33.812533Z  INFO rockstream_runtime::client: Received FenceAck for ShardId(13224250654272404656): valid=true
2026-08-23T14:29:33.813014Z  INFO rockstream_runtime::client: Received FenceAck for ShardId(13224250654272404656): valid=true
2026-08-23T14:29:34.020642Z  INFO rockstream_runtime::client: Received FenceAck for ShardId(13224250654272404656): valid=true
2026-08-23T14:29:34.021534Z  INFO rockstream_runtime::client: Received FenceAck for ShardId(13224250654272404656): valid=true
2026-08-23T14:29:34.230400Z  INFO rockstream_runtime::client: Received FenceAck for ShardId(13224250654272404656): valid=true
2026-08-23T14:29:34.231417Z  INFO rockstream_runtime::client: Received FenceAck for ShardId(13224250654272404656): valid=true
2026-08-23T14:29:34.442514Z  INFO rockstream_runtime::client: Received FenceAck for ShardId(13224250654272404656): valid=true
2026-08-23T14:29:34.443158Z  INFO rockstream_runtime::client: Received FenceAck for ShardId(13224250654272404656): valid=true
2026-08-23T14:29:34.649764Z  INFO rockstream_runtime::client: Received FenceAck for ShardId(13224250654272404656): valid=true
2026-08-23T14:29:34.651318Z  INFO rockstream_runtime::client: Received FenceAck for ShardId(13224250654272404656): valid=true
2026-08-23T14:29:34.846001Z  INFO rockstream_runtime::client: Received FenceAck for ShardId(13224250654272404656): valid=true
2026-08-23T14:29:34.846673Z  INFO rockstream_runtime::client: Received FenceAck for ShardId(13224250654272404656): valid=true
2026-08-23T14:29:35.054044Z  INFO rockstream_runtime::client: Received FenceAck for ShardId(13224250654272404656): valid=true
2026-08-23T14:29:35.055307Z  INFO rockstream_runtime::client: Received FenceAck for ShardId(13224250654272404656): valid=true
2026-08-23T14:29:35.259202Z  INFO rockstream_runtime::client: Received FenceAck for ShardId(13224250654272404656): valid=true
2026-08-23T14:29:35.261355Z  INFO rockstream_runtime::client: Received FenceAck for ShardId(13224250654272404656): valid=true
2026-08-23T14:29:35.466743Z  INFO rockstream_runtime::client: Received FenceAck for ShardId(13224250654272404656): valid=true
2026-08-23T14:29:35.468187Z  INFO rockstream_runtime::client: Received FenceAck for ShardId(13224250654272404656): valid=true
2026-08-23T14:29:35.671937Z  INFO rockstream_runtime::client: Received FenceAck for ShardId(13224250654272404656): valid=true
2026-08-23T14:29:35.673588Z  INFO rockstream_runtime::client: Received FenceAck for ShardId(13224250654272404656): valid=true
2026-08-23T14:29:35.874208Z  INFO rockstream_runtime::client: Received FenceAck for ShardId(13224250654272404656): valid=true
2026-08-23T14:29:35.874940Z  INFO rockstream_runtime::client: Received FenceAck for ShardId(13224250654272404656): valid=true
2026-08-23T14:29:36.084294Z  INFO rockstream_runtime::client: Received FenceAck for ShardId(13224250654272404656): valid=true
2026-08-23T14:29:36.085431Z  INFO rockstream_runtime::client: Received FenceAck for ShardId(13224250654272404656): valid=true
2026-08-23T14:29:36.284109Z  INFO rockstream_runtime::client: Received FenceAck for ShardId(13224250654272404656): valid=true
2026-08-23T14:29:36.284520Z  INFO rockstream_runtime::client: Received FenceAck for ShardId(13224250654272404656): valid=true
2026-08-23T14:29:36.489578Z  INFO rockstream_runtime::client: Received FenceAck for ShardId(13224250654272404656): valid=true
2026-08-23T14:29:36.489906Z  INFO rockstream_runtime::client: Received FenceAck for ShardId(13224250654272404656): valid=true
2026-08-23T14:29:36.693632Z  INFO rockstream_runtime::client: Received FenceAck for ShardId(13224250654272404656): valid=true
2026-08-23T14:29:36.694011Z  INFO rockstream_runtime::client: Received FenceAck for ShardId(13224250654272404656): valid=true
2026-08-23T14:29:36.899974Z  INFO rockstream_runtime::client: Received FenceAck for ShardId(13224250654272404656): valid=true
2026-08-23T14:29:36.900537Z  INFO rockstream_runtime::client: Received FenceAck for ShardId(13224250654272404656): valid=true
2026-08-23T14:29:37.110203Z  INFO rockstream_runtime::client: Received FenceAck for ShardId(13224250654272404656): valid=true
2026-08-23T14:29:37.111552Z  INFO rockstream_runtime::client: Received FenceAck for ShardId(13224250654272404656): valid=true
2026-08-23T14:29:37.313462Z  INFO rockstream_runtime::client: Received FenceAck for ShardId(13224250654272404656): valid=true
2026-08-23T14:29:37.314474Z  INFO rockstream_runtime::client: Received FenceAck for ShardId(13224250654272404656): valid=true
2026-08-23T14:29:37.515102Z  INFO rockstream_runtime::client: Received FenceAck for ShardId(13224250654272404656): valid=true
2026-08-23T14:29:37.515454Z  INFO rockstream_runtime::client: Received FenceAck for ShardId(13224250654272404656): valid=true
2026-08-23T14:29:37.722216Z  INFO rockstream_runtime::client: Received FenceAck for ShardId(13224250654272404656): valid=true
2026-08-23T14:29:37.722861Z  INFO rockstream_runtime::client: Received FenceAck for ShardId(13224250654272404656): valid=true
2026-08-23T14:29:37.930457Z  INFO rockstream_runtime::client: Received FenceAck for ShardId(13224250654272404656): valid=true
2026-08-23T14:29:37.931563Z  INFO rockstream_runtime::client: Received FenceAck for ShardId(13224250654272404656): valid=true
2026-08-23T14:29:38.132778Z  INFO rockstream_runtime::client: Received FenceAck for ShardId(13224250654272404656): valid=true
2026-08-23T14:29:38.133746Z  INFO rockstream_runtime::client: Received FenceAck for ShardId(13224250654272404656): valid=true
2026-08-23T14:29:38.334275Z  INFO rockstream_runtime::client: Received FenceAck for ShardId(13224250654272404656): valid=true
2026-08-23T14:29:38.335113Z  INFO rockstream_runtime::client: Received FenceAck for ShardId(13224250654272404656): valid=true
2026-08-23T14:29:38.541969Z  INFO rockstream_runtime::client: Received FenceAck for ShardId(13224250654272404656): valid=true
2026-08-23T14:29:38.542523Z  INFO rockstream_runtime::client: Received FenceAck for ShardId(13224250654272404656): valid=true
2026-08-23T14:29:38.743274Z  INFO rockstream_runtime::client: Received FenceAck for ShardId(13224250654272404656): valid=true
2026-08-23T14:29:38.743684Z  INFO rockstream_runtime::client: Received FenceAck for ShardId(13224250654272404656): valid=true
2026-08-23T14:29:38.956798Z  INFO rockstream_runtime::client: Received FenceAck for ShardId(13224250654272404656): valid=true
2026-08-23T14:29:38.958553Z  INFO rockstream_runtime::client: Received FenceAck for ShardId(13224250654272404656): valid=true
2026-08-23T14:29:39.160267Z  INFO rockstream_runtime::client: Received FenceAck for ShardId(13224250654272404656): valid=true
2026-08-23T14:29:39.161497Z  INFO rockstream_runtime::client: Received FenceAck for ShardId(13224250654272404656): valid=true
2026-08-23T14:29:39.362550Z  INFO rockstream_runtime::client: Received FenceAck for ShardId(13224250654272404656): valid=true
2026-08-23T14:29:39.363265Z  INFO rockstream_runtime::client: Received FenceAck for ShardId(13224250654272404656): valid=true
2026-08-23T14:29:39.566146Z  INFO rockstream_runtime::client: Received FenceAck for ShardId(13224250654272404656): valid=true
2026-08-23T14:29:39.566770Z  INFO rockstream_runtime::client: Received FenceAck for ShardId(13224250654272404656): valid=true
2026-08-23T14:29:39.769607Z  INFO rockstream_runtime::client: Received FenceAck for ShardId(13224250654272404656): valid=true
2026-08-23T14:29:39.770002Z  INFO rockstream_runtime::client: Received FenceAck for ShardId(13224250654272404656): valid=true
2026-08-23T14:29:39.980079Z  INFO rockstream_runtime::client: Received FenceAck for ShardId(13224250654272404656): valid=true
2026-08-23T14:29:39.981268Z  INFO rockstream_runtime::client: Received FenceAck for ShardId(13224250654272404656): valid=true
2026-08-23T14:29:40.184824Z  INFO rockstream_runtime::client: Received FenceAck for ShardId(13224250654272404656): valid=true
2026-08-23T14:29:40.186042Z  INFO rockstream_runtime::client: Received FenceAck for ShardId(13224250654272404656): valid=true
2026-08-23T14:29:40.390667Z  INFO rockstream_runtime::client: Received FenceAck for ShardId(13224250654272404656): valid=true
2026-08-23T14:29:40.392011Z  INFO rockstream_runtime::client: Received FenceAck for ShardId(13224250654272404656): valid=true
2026-08-23T14:29:40.596559Z  INFO rockstream_runtime::client: Received FenceAck for ShardId(13224250654272404656): valid=true
2026-08-23T14:29:40.597757Z  INFO rockstream_runtime::client: Received FenceAck for ShardId(13224250654272404656): valid=true
2026-08-23T14:29:40.799646Z  INFO rockstream_runtime::client: Received FenceAck for ShardId(13224250654272404656): valid=true
2026-08-23T14:29:40.800141Z  INFO rockstream_runtime::client: Received FenceAck for ShardId(13224250654272404656): valid=true
2026-08-23T14:29:41.011293Z  INFO rockstream_runtime::client: Received FenceAck for ShardId(13224250654272404656): valid=true
2026-08-23T14:29:41.013260Z  INFO rockstream_runtime::client: Received FenceAck for ShardId(13224250654272404656): valid=true
2026-08-23T14:29:41.217650Z  INFO rockstream_runtime::client: Received FenceAck for ShardId(13224250654272404656): valid=true
2026-08-23T14:29:41.219335Z  INFO rockstream_runtime::client: Received FenceAck for ShardId(13224250654272404656): valid=true
2026-08-23T14:29:41.421065Z  INFO rockstream_runtime::client: Received FenceAck for ShardId(13224250654272404656): valid=true
2026-08-23T14:29:41.422307Z  INFO rockstream_runtime::client: Received FenceAck for ShardId(13224250654272404656): valid=true
2026-08-23T14:29:41.625457Z  INFO rockstream_runtime::client: Received FenceAck for ShardId(13224250654272404656): valid=true
2026-08-23T14:29:41.626334Z  INFO rockstream_runtime::client: Received FenceAck for ShardId(13224250654272404656): valid=true
2026-08-23T14:29:41.826582Z  INFO rockstream_runtime::client: Received FenceAck for ShardId(13224250654272404656): valid=true
2026-08-23T14:29:41.827130Z  INFO rockstream_runtime::client: Received FenceAck for ShardId(13224250654272404656): valid=true
2026-08-23T14:29:42.037920Z  INFO rockstream_runtime::client: Received FenceAck for ShardId(13224250654272404656): valid=true
2026-08-23T14:29:42.039714Z  INFO rockstream_runtime::client: Received FenceAck for ShardId(13224250654272404656): valid=true
2026-08-23T14:29:42.242219Z  INFO rockstream_runtime::client: Received FenceAck for ShardId(13224250654272404656): valid=true
2026-08-23T14:29:42.244422Z  INFO rockstream_runtime::client: Received FenceAck for ShardId(13224250654272404656): valid=true
2026-08-23T14:29:42.449730Z  INFO rockstream_runtime::client: Received FenceAck for ShardId(13224250654272404656): valid=true
2026-08-23T14:29:42.451272Z  INFO rockstream_runtime::client: Received FenceAck for ShardId(13224250654272404656): valid=true
2026-08-23T14:29:42.658427Z  INFO rockstream_runtime::client: Received FenceAck for ShardId(13224250654272404656): valid=true
2026-08-23T14:29:42.659840Z  INFO rockstream_runtime::client: Received FenceAck for ShardId(13224250654272404656): valid=true
2026-08-23T14:29:42.854695Z  INFO rockstream_runtime::client: Received FenceAck for ShardId(13224250654272404656): valid=true
2026-08-23T14:29:42.855116Z  INFO rockstream_runtime::client: Received FenceAck for ShardId(13224250654272404656): valid=true
2026-08-23T14:29:43.068526Z  INFO rockstream_runtime::client: Received FenceAck for ShardId(13224250654272404656): valid=true
2026-08-23T14:29:43.074795Z  INFO rockstream_runtime::client: Received FenceAck for ShardId(13224250654272404656): valid=true
2026-08-23T14:29:43.268691Z  INFO rockstream_runtime::client: Received FenceAck for ShardId(13224250654272404656): valid=true
2026-08-23T14:29:43.270767Z  INFO rockstream_runtime::client: Received FenceAck for ShardId(13224250654272404656): valid=true
2026-08-23T14:29:43.473280Z  INFO rockstream_runtime::client: Received FenceAck for ShardId(13224250654272404656): valid=true
2026-08-23T14:29:43.474742Z  INFO rockstream_runtime::client: Received FenceAck for ShardId(13224250654272404656): valid=true
2026-08-23T14:29:43.677828Z  INFO rockstream_runtime::client: Received FenceAck for ShardId(13224250654272404656): valid=true
2026-08-23T14:29:43.679035Z  INFO rockstream_runtime::client: Received FenceAck for ShardId(13224250654272404656): valid=true
2026-08-23T14:29:43.880030Z  INFO rockstream_runtime::client: Received FenceAck for ShardId(13224250654272404656): valid=true
2026-08-23T14:29:43.880626Z  INFO rockstream_runtime::client: Received FenceAck for ShardId(13224250654272404656): valid=true
2026-08-23T14:29:44.088584Z  INFO rockstream_runtime::client: Received FenceAck for ShardId(13224250654272404656): valid=true
2026-08-23T14:29:44.090031Z  INFO rockstream_runtime::client: Received FenceAck for ShardId(13224250654272404656): valid=true
2026-08-23T14:29:44.294439Z  INFO rockstream_runtime::client: Received FenceAck for ShardId(13224250654272404656): valid=true
2026-08-23T14:29:44.296119Z  INFO rockstream_runtime::client: Received FenceAck for ShardId(13224250654272404656): valid=true
2026-08-23T14:29:44.500108Z  INFO rockstream_runtime::client: Received FenceAck for ShardId(13224250654272404656): valid=true
2026-08-23T14:29:44.501582Z  INFO rockstream_runtime::client: Received FenceAck for ShardId(13224250654272404656): valid=true
2026-08-23T14:29:44.702356Z  INFO rockstream_runtime::client: Received FenceAck for ShardId(13224250654272404656): valid=true
2026-08-23T14:29:44.703204Z  INFO rockstream_runtime::client: Received FenceAck for ShardId(13224250654272404656): valid=true
2026-08-23T14:29:44.901441Z  INFO rockstream_runtime::client: Received FenceAck for ShardId(13224250654272404656): valid=true
2026-08-23T14:29:44.902061Z  INFO rockstream_runtime::client: Received FenceAck for ShardId(13224250654272404656): valid=true
2026-08-23T14:29:45.108147Z  INFO rockstream_runtime::client: Received FenceAck for ShardId(13224250654272404656): valid=true
2026-08-23T14:29:45.108900Z  INFO rockstream_runtime::client: Received FenceAck for ShardId(13224250654272404656): valid=true
2026-08-23T14:29:45.319701Z  INFO rockstream_runtime::client: Received FenceAck for ShardId(13224250654272404656): valid=true
2026-08-23T14:29:45.321437Z  INFO rockstream_runtime::client: Received FenceAck for ShardId(13224250654272404656): valid=true
2026-08-23T14:29:45.523647Z  INFO rockstream_runtime::client: Received FenceAck for ShardId(13224250654272404656): valid=true
2026-08-23T14:29:45.525042Z  INFO rockstream_runtime::client: Received FenceAck for ShardId(13224250654272404656): valid=true
2026-08-23T14:29:45.726511Z  INFO rockstream_runtime::client: Received FenceAck for ShardId(13224250654272404656): valid=true
2026-08-23T14:29:45.727352Z  INFO rockstream_runtime::client: Received FenceAck for ShardId(13224250654272404656): valid=true
2026-08-23T14:29:45.931331Z  INFO rockstream_runtime::client: Received FenceAck for ShardId(13224250654272404656): valid=true
2026-08-23T14:29:45.932315Z  INFO rockstream_runtime::client: Received FenceAck for ShardId(13224250654272404656): valid=true
2026-08-23T14:29:46.133924Z  INFO rockstream_runtime::client: Received FenceAck for ShardId(13224250654272404656): valid=true
2026-08-23T14:29:46.135126Z  INFO rockstream_runtime::client: Received FenceAck for ShardId(13224250654272404656): valid=true
2026-08-23T14:29:46.346706Z  INFO rockstream_runtime::client: Received FenceAck for ShardId(13224250654272404656): valid=true
2026-08-23T14:29:46.347826Z  INFO rockstream_runtime::client: Received FenceAck for ShardId(13224250654272404656): valid=true
2026-08-23T14:29:46.545481Z  INFO rockstream_runtime::client: Received FenceAck for ShardId(13224250654272404656): valid=true
2026-08-23T14:29:46.546890Z  INFO rockstream_runtime::client: Received FenceAck for ShardId(13224250654272404656): valid=true
2026-08-23T14:29:46.743621Z  INFO rockstream_runtime::client: Received FenceAck for ShardId(13224250654272404656): valid=true
2026-08-23T14:29:46.744065Z  INFO rockstream_runtime::client: Received FenceAck for ShardId(13224250654272404656): valid=true
2026-08-23T14:29:46.950994Z  INFO rockstream_runtime::client: Received FenceAck for ShardId(13224250654272404656): valid=true
2026-08-23T14:29:46.951791Z  INFO rockstream_runtime::client: Received FenceAck for ShardId(13224250654272404656): valid=true
2026-08-23T14:29:47.157697Z  INFO rockstream_runtime::client: Received FenceAck for ShardId(13224250654272404656): valid=true
2026-08-23T14:29:47.159188Z  INFO rockstream_runtime::client: Received FenceAck for ShardId(13224250654272404656): valid=true
2026-08-23T14:29:47.363401Z  INFO rockstream_runtime::client: Received FenceAck for ShardId(13224250654272404656): valid=true
2026-08-23T14:29:47.364723Z  INFO rockstream_runtime::client: Received FenceAck for ShardId(13224250654272404656): valid=true
2026-08-23T14:29:47.564585Z  INFO rockstream_runtime::client: Received FenceAck for ShardId(13224250654272404656): valid=true
2026-08-23T14:29:47.565074Z  INFO rockstream_runtime::client: Received FenceAck for ShardId(13224250654272404656): valid=true
2026-08-23T14:29:47.770431Z  INFO rockstream_runtime::client: Received FenceAck for ShardId(13224250654272404656): valid=true
2026-08-23T14:29:47.770857Z  INFO rockstream_runtime::client: Received FenceAck for ShardId(13224250654272404656): valid=true
2026-08-23T14:29:47.978567Z  INFO rockstream_runtime::client: Received FenceAck for ShardId(13224250654272404656): valid=true
2026-08-23T14:29:47.979576Z  INFO rockstream_runtime::client: Received FenceAck for ShardId(13224250654272404656): valid=true
2026-08-23T14:29:48.184912Z  INFO rockstream_runtime::client: Received FenceAck for ShardId(13224250654272404656): valid=true
2026-08-23T14:29:48.186328Z  INFO rockstream_runtime::client: Received FenceAck for ShardId(13224250654272404656): valid=true
2026-08-23T14:29:48.389599Z  INFO rockstream_runtime::client: Received FenceAck for ShardId(13224250654272404656): valid=true
2026-08-23T14:29:48.390551Z  INFO rockstream_runtime::client: Received FenceAck for ShardId(13224250654272404656): valid=true
2026-08-23T14:29:48.599101Z  INFO rockstream_runtime::client: Received FenceAck for ShardId(13224250654272404656): valid=true
2026-08-23T14:29:48.601592Z  INFO rockstream_runtime::client: Received FenceAck for ShardId(13224250654272404656): valid=true
2026-08-23T14:29:48.797722Z  INFO rockstream_runtime::client: Received FenceAck for ShardId(13224250654272404656): valid=true
2026-08-23T14:29:48.798141Z  INFO rockstream_runtime::client: Received FenceAck for ShardId(13224250654272404656): valid=true
2026-08-23T14:29:49.013865Z  INFO rockstream_runtime::client: Received FenceAck for ShardId(13224250654272404656): valid=true
2026-08-23T14:29:49.015855Z  INFO rockstream_runtime::client: Received FenceAck for ShardId(13224250654272404656): valid=true
2026-08-23T14:29:49.213191Z  INFO rockstream_runtime::client: Received FenceAck for ShardId(13224250654272404656): valid=true
2026-08-23T14:29:49.214411Z  INFO rockstream_runtime::client: Received FenceAck for ShardId(13224250654272404656): valid=true
2026-08-23T14:29:49.417903Z  INFO rockstream_runtime::client: Received FenceAck for ShardId(13224250654272404656): valid=true
2026-08-23T14:29:49.419143Z  INFO rockstream_runtime::client: Received FenceAck for ShardId(13224250654272404656): valid=true
2026-08-23T14:29:49.624019Z  INFO rockstream_runtime::client: Received FenceAck for ShardId(13224250654272404656): valid=true
2026-08-23T14:29:49.625358Z  INFO rockstream_runtime::client: Received FenceAck for ShardId(13224250654272404656): valid=true
2026-08-23T14:29:49.833750Z  INFO rockstream_runtime::client: Received FenceAck for ShardId(13224250654272404656): valid=true
2026-08-23T14:29:49.836568Z  INFO rockstream_runtime::client: Received FenceAck for ShardId(13224250654272404656): valid=true
2026-08-23T14:29:50.035621Z  INFO rockstream_runtime::client: Received FenceAck for ShardId(13224250654272404656): valid=true
2026-08-23T14:29:50.037051Z  INFO rockstream_runtime::client: Received FenceAck for ShardId(13224250654272404656): valid=true
2026-08-23T14:29:50.240811Z  INFO rockstream_runtime::client: Received FenceAck for ShardId(13224250654272404656): valid=true
2026-08-23T14:29:50.242194Z  INFO rockstream_runtime::client: Received FenceAck for ShardId(13224250654272404656): valid=true
2026-08-23T14:29:50.449732Z  INFO rockstream_runtime::client: Received FenceAck for ShardId(13224250654272404656): valid=true
2026-08-23T14:29:50.451583Z  INFO rockstream_runtime::client: Received FenceAck for ShardId(13224250654272404656): valid=true
2026-08-23T14:29:50.654350Z  INFO rockstream_runtime::client: Received FenceAck for ShardId(13224250654272404656): valid=true
2026-08-23T14:29:50.655764Z  INFO rockstream_runtime::client: Received FenceAck for ShardId(13224250654272404656): valid=true
2026-08-23T14:29:50.853843Z  INFO rockstream_runtime::client: Received FenceAck for ShardId(13224250654272404656): valid=true
2026-08-23T14:29:50.854434Z  INFO rockstream_runtime::client: Received FenceAck for ShardId(13224250654272404656): valid=true
2026-08-23T14:29:51.067739Z  INFO rockstream_runtime::client: Received FenceAck for ShardId(13224250654272404656): valid=true
2026-08-23T14:29:51.069501Z  INFO rockstream_runtime::client: Received FenceAck for ShardId(13224250654272404656): valid=true
2026-08-23T14:29:51.265019Z  INFO rockstream_runtime::client: Received FenceAck for ShardId(13224250654272404656): valid=true
2026-08-23T14:29:51.265824Z  INFO rockstream_runtime::client: Received FenceAck for ShardId(13224250654272404656): valid=true
2026-08-23T14:29:51.473521Z  INFO rockstream_runtime::client: Received FenceAck for ShardId(13224250654272404656): valid=true
2026-08-23T14:29:51.474730Z  INFO rockstream_runtime::client: Received FenceAck for ShardId(13224250654272404656): valid=true
2026-08-23T14:29:51.678870Z  INFO rockstream_runtime::client: Received FenceAck for ShardId(13224250654272404656): valid=true
2026-08-23T14:29:51.680093Z  INFO rockstream_runtime::client: Received FenceAck for ShardId(13224250654272404656): valid=true
2026-08-23T14:29:51.877957Z  INFO rockstream_runtime::client: Received FenceAck for ShardId(13224250654272404656): valid=true
2026-08-23T14:29:51.878522Z  INFO rockstream_runtime::client: Received FenceAck for ShardId(13224250654272404656): valid=true
2026-08-23T14:29:52.090618Z  INFO rockstream_runtime::client: Received FenceAck for ShardId(13224250654272404656): valid=true
2026-08-23T14:29:52.092220Z  INFO rockstream_runtime::client: Received FenceAck for ShardId(13224250654272404656): valid=true
2026-08-23T14:29:52.293306Z  INFO rockstream_runtime::client: Received FenceAck for ShardId(13224250654272404656): valid=true
2026-08-23T14:29:52.294535Z  INFO rockstream_runtime::client: Received FenceAck for ShardId(13224250654272404656): valid=true
2026-08-23T14:29:52.500416Z  INFO rockstream_runtime::client: Received FenceAck for ShardId(13224250654272404656): valid=true
2026-08-23T14:29:52.501765Z  INFO rockstream_runtime::client: Received FenceAck for ShardId(13224250654272404656): valid=true
2026-08-23T14:29:52.705720Z  INFO rockstream_runtime::client: Received FenceAck for ShardId(13224250654272404656): valid=true
2026-08-23T14:29:52.706874Z  INFO rockstream_runtime::client: Received FenceAck for ShardId(13224250654272404656): valid=true
2026-08-23T14:29:52.906137Z  INFO rockstream_runtime::client: Received FenceAck for ShardId(13224250654272404656): valid=true
2026-08-23T14:29:52.906626Z  INFO rockstream_runtime::client: Received FenceAck for ShardId(13224250654272404656): valid=true
2026-08-23T14:29:53.116937Z  INFO rockstream_runtime::client: Received FenceAck for ShardId(13224250654272404656): valid=true
2026-08-23T14:29:53.118643Z  INFO rockstream_runtime::client: Received FenceAck for ShardId(13224250654272404656): valid=true
2026-08-23T14:29:53.321679Z  INFO rockstream_runtime::client: Received FenceAck for ShardId(13224250654272404656): valid=true
2026-08-23T14:29:53.323043Z  INFO rockstream_runtime::client: Received FenceAck for ShardId(13224250654272404656): valid=true
2026-08-23T14:29:53.522454Z  INFO rockstream_runtime::client: Received FenceAck for ShardId(13224250654272404656): valid=true
2026-08-23T14:29:53.523450Z  INFO rockstream_runtime::client: Received FenceAck for ShardId(13224250654272404656): valid=true
2026-08-23T14:29:53.729103Z  INFO rockstream_runtime::client: Received FenceAck for ShardId(13224250654272404656): valid=true
2026-08-23T14:29:53.730423Z  INFO rockstream_runtime::client: Received FenceAck for ShardId(13224250654272404656): valid=true
2026-08-23T14:29:53.929929Z  INFO rockstream_runtime::client: Received FenceAck for ShardId(13224250654272404656): valid=true
2026-08-23T14:29:53.930826Z  INFO rockstream_runtime::client: Received FenceAck for ShardId(13224250654272404656): valid=true
2026-08-23T14:29:54.134656Z  INFO rockstream_runtime::client: Received FenceAck for ShardId(13224250654272404656): valid=true
2026-08-23T14:29:54.135895Z  INFO rockstream_runtime::client: Received FenceAck for ShardId(13224250654272404656): valid=true
2026-08-23T14:29:54.343116Z  INFO rockstream_runtime::client: Received FenceAck for ShardId(13224250654272404656): valid=true
2026-08-23T14:29:54.344493Z  INFO rockstream_runtime::client: Received FenceAck for ShardId(13224250654272404656): valid=true
2026-08-23T14:29:54.545750Z  INFO rockstream_runtime::client: Received FenceAck for ShardId(13224250654272404656): valid=true
2026-08-23T14:29:54.547003Z  INFO rockstream_runtime::client: Received FenceAck for ShardId(13224250654272404656): valid=true
2026-08-23T14:29:54.744939Z  INFO rockstream_runtime::client: Received FenceAck for ShardId(13224250654272404656): valid=true
2026-08-23T14:29:54.745483Z  INFO rockstream_runtime::client: Received FenceAck for ShardId(13224250654272404656): valid=true
2026-08-23T14:29:54.953661Z  INFO rockstream_runtime::client: Received FenceAck for ShardId(13224250654272404656): valid=true
2026-08-23T14:29:54.954591Z  INFO rockstream_runtime::client: Received FenceAck for ShardId(13224250654272404656): valid=true
2026-08-23T14:29:55.161570Z  INFO rockstream_runtime::client: Received FenceAck for ShardId(13224250654272404656): valid=true
2026-08-23T14:29:55.163119Z  INFO rockstream_runtime::client: Received FenceAck for ShardId(13224250654272404656): valid=true
2026-08-23T14:29:55.366861Z  INFO rockstream_runtime::client: Received FenceAck for ShardId(13224250654272404656): valid=true
2026-08-23T14:29:55.368282Z  INFO rockstream_runtime::client: Received FenceAck for ShardId(13224250654272404656): valid=true
2026-08-23T14:29:55.569748Z  INFO rockstream_runtime::client: Received FenceAck for ShardId(13224250654272404656): valid=true
2026-08-23T14:29:55.571491Z  INFO rockstream_runtime::client: Received FenceAck for ShardId(13224250654272404656): valid=true
2026-08-23T14:29:55.769703Z  INFO rockstream_runtime::client: Received FenceAck for ShardId(13224250654272404656): valid=true
2026-08-23T14:29:55.770296Z  INFO rockstream_runtime::client: Received FenceAck for ShardId(13224250654272404656): valid=true
2026-08-23T14:29:55.977711Z  INFO rockstream_runtime::client: Received FenceAck for ShardId(13224250654272404656): valid=true
2026-08-23T14:29:55.978694Z  INFO rockstream_runtime::client: Received FenceAck for ShardId(13224250654272404656): valid=true
2026-08-23T14:29:56.185968Z  INFO rockstream_runtime::client: Received FenceAck for ShardId(13224250654272404656): valid=true
2026-08-23T14:29:56.187084Z  INFO rockstream_runtime::client: Received FenceAck for ShardId(13224250654272404656): valid=true
2026-08-23T14:29:56.392698Z  INFO rockstream_runtime::client: Received FenceAck for ShardId(13224250654272404656): valid=true
2026-08-23T14:29:56.394455Z  INFO rockstream_runtime::client: Received FenceAck for ShardId(13224250654272404656): valid=true
2026-08-23T14:29:56.597781Z  INFO rockstream_runtime::client: Received FenceAck for ShardId(13224250654272404656): valid=true
2026-08-23T14:29:56.599730Z  INFO rockstream_runtime::client: Received FenceAck for ShardId(13224250654272404656): valid=true
2026-08-23T14:29:56.796271Z  INFO rockstream_runtime::client: Received FenceAck for ShardId(13224250654272404656): valid=true
2026-08-23T14:29:56.796696Z  INFO rockstream_runtime::client: Received FenceAck for ShardId(13224250654272404656): valid=true
2026-08-23T14:29:57.004770Z  INFO rockstream_runtime::client: Received FenceAck for ShardId(13224250654272404656): valid=true
2026-08-23T14:29:57.005656Z  INFO rockstream_runtime::client: Received FenceAck for ShardId(13224250654272404656): valid=true
2026-08-23T14:29:57.212367Z  INFO rockstream_runtime::client: Received FenceAck for ShardId(13224250654272404656): valid=true
2026-08-23T14:29:57.213559Z  INFO rockstream_runtime::client: Received FenceAck for ShardId(13224250654272404656): valid=true
2026-08-23T14:29:57.417115Z  INFO rockstream_runtime::client: Received FenceAck for ShardId(13224250654272404656): valid=true
2026-08-23T14:29:57.418647Z  INFO rockstream_runtime::client: Received FenceAck for ShardId(13224250654272404656): valid=true
2026-08-23T14:29:57.620465Z  INFO rockstream_runtime::client: Received FenceAck for ShardId(13224250654272404656): valid=true
2026-08-23T14:29:57.621473Z  INFO rockstream_runtime::client: Received FenceAck for ShardId(13224250654272404656): valid=true
2026-08-23T14:29:57.822081Z  INFO rockstream_runtime::client: Received FenceAck for ShardId(13224250654272404656): valid=true
2026-08-23T14:29:57.822443Z  INFO rockstream_runtime::client: Received FenceAck for ShardId(13224250654272404656): valid=true
2026-08-23T14:29:58.030254Z  INFO rockstream_runtime::client: Received FenceAck for ShardId(13224250654272404656): valid=true
2026-08-23T14:29:58.031492Z  INFO rockstream_runtime::client: Received FenceAck for ShardId(13224250654272404656): valid=true
2026-08-23T14:29:58.231789Z  INFO rockstream_runtime::client: Received FenceAck for ShardId(13224250654272404656): valid=true
2026-08-23T14:29:58.232388Z  INFO rockstream_runtime::client: Received FenceAck for ShardId(13224250654272404656): valid=true
2026-08-23T14:29:58.446661Z  INFO rockstream_runtime::client: Received FenceAck for ShardId(13224250654272404656): valid=true
2026-08-23T14:29:58.448191Z  INFO rockstream_runtime::client: Received FenceAck for ShardId(13224250654272404656): valid=true
2026-08-23T14:29:58.648550Z  INFO rockstream_runtime::client: Received FenceAck for ShardId(13224250654272404656): valid=true
2026-08-23T14:29:58.650195Z  INFO rockstream_runtime::client: Received FenceAck for ShardId(13224250654272404656): valid=true
2026-08-23T14:29:58.848718Z  INFO rockstream_runtime::client: Received FenceAck for ShardId(13224250654272404656): valid=true
2026-08-23T14:29:58.849172Z  INFO rockstream_runtime::client: Received FenceAck for ShardId(13224250654272404656): valid=true
2026-08-23T14:29:59.057668Z  INFO rockstream_runtime::client: Received FenceAck for ShardId(13224250654272404656): valid=true
2026-08-23T14:29:59.059341Z  INFO rockstream_runtime::client: Received FenceAck for ShardId(13224250654272404656): valid=true
2026-08-23T14:29:59.259757Z  INFO rockstream_runtime::client: Received FenceAck for ShardId(13224250654272404656): valid=true
2026-08-23T14:29:59.260943Z  INFO rockstream_runtime::client: Received FenceAck for ShardId(13224250654272404656): valid=true
2026-08-23T14:29:59.474155Z  INFO rockstream_runtime::client: Received FenceAck for ShardId(13224250654272404656): valid=true
2026-08-23T14:29:59.475200Z  INFO rockstream_runtime::client: Received FenceAck for ShardId(13224250654272404656): valid=true
2026-08-23T14:29:59.672159Z  INFO rockstream_runtime::client: Received FenceAck for ShardId(13224250654272404656): valid=true
2026-08-23T14:29:59.673937Z  INFO rockstream_runtime::client: Received FenceAck for ShardId(13224250654272404656): valid=true
2026-08-23T14:29:59.869242Z  INFO rockstream_runtime::client: Received FenceAck for ShardId(13224250654272404656): valid=true
2026-08-23T14:29:59.869788Z  INFO rockstream_runtime::client: Received FenceAck for ShardId(13224250654272404656): valid=true
2026-08-23T14:30:00.078140Z  INFO rockstream_runtime::client: Received FenceAck for ShardId(13224250654272404656): valid=true
2026-08-23T14:30:00.079466Z  INFO rockstream_runtime::client: Received FenceAck for ShardId(13224250654272404656): valid=true
2026-08-23T14:30:00.281949Z  INFO rockstream_runtime::client: Received FenceAck for ShardId(13224250654272404656): valid=true
2026-08-23T14:30:00.282654Z  INFO rockstream_runtime::client: Received FenceAck for ShardId(13224250654272404656): valid=true
2026-08-23T14:30:00.487977Z  INFO rockstream_runtime::client: Received FenceAck for ShardId(13224250654272404656): valid=true
2026-08-23T14:30:00.488890Z  INFO rockstream_runtime::client: Received FenceAck for ShardId(13224250654272404656): valid=true
2026-08-23T14:30:00.700433Z  INFO rockstream_runtime::client: Received FenceAck for ShardId(13224250654272404656): valid=true
2026-08-23T14:30:00.701944Z  INFO rockstream_runtime::client: Received FenceAck for ShardId(13224250654272404656): valid=true
2026-08-23T14:30:00.899222Z  INFO rockstream_runtime::client: Received FenceAck for ShardId(13224250654272404656): valid=true
2026-08-23T14:30:00.900030Z  INFO rockstream_runtime::client: Received FenceAck for ShardId(13224250654272404656): valid=true
2026-08-23T14:30:01.107845Z  INFO rockstream_runtime::client: Received FenceAck for ShardId(13224250654272404656): valid=true
2026-08-23T14:30:01.109018Z  INFO rockstream_runtime::client: Received FenceAck for ShardId(13224250654272404656): valid=true
2026-08-23T14:30:01.307634Z  INFO rockstream_runtime::client: Received FenceAck for ShardId(13224250654272404656): valid=true
2026-08-23T14:30:01.308413Z  INFO rockstream_runtime::client: Received FenceAck for ShardId(13224250654272404656): valid=true
2026-08-23T14:30:01.512719Z  INFO rockstream_runtime::client: Received FenceAck for ShardId(13224250654272404656): valid=true
2026-08-23T14:30:01.513379Z  INFO rockstream_runtime::client: Received FenceAck for ShardId(13224250654272404656): valid=true
2026-08-23T14:30:01.727466Z  INFO rockstream_runtime::client: Received FenceAck for ShardId(13224250654272404656): valid=true
2026-08-23T14:30:01.733691Z  INFO rockstream_runtime::client: Received FenceAck for ShardId(13224250654272404656): valid=true
2026-08-23T14:30:01.923322Z  INFO rockstream_runtime::client: Received FenceAck for ShardId(13224250654272404656): valid=true
2026-08-23T14:30:01.923877Z  INFO rockstream_runtime::client: Received FenceAck for ShardId(13224250654272404656): valid=true
2026-08-23T14:30:02.128911Z  INFO rockstream_runtime::client: Received FenceAck for ShardId(13224250654272404656): valid=true
2026-08-23T14:30:02.129864Z  INFO rockstream_runtime::client: Received FenceAck for ShardId(13224250654272404656): valid=true
2026-08-23T14:30:02.335320Z  INFO rockstream_runtime::client: Received FenceAck for ShardId(13224250654272404656): valid=true
2026-08-23T14:30:02.336665Z  INFO rockstream_runtime::client: Received FenceAck for ShardId(13224250654272404656): valid=true
2026-08-23T14:30:02.541478Z  INFO rockstream_runtime::client: Received FenceAck for ShardId(13224250654272404656): valid=true
2026-08-23T14:30:02.542470Z  INFO rockstream_runtime::client: Received FenceAck for ShardId(13224250654272404656): valid=true
2026-08-23T14:30:02.753341Z  INFO rockstream_runtime::client: Received FenceAck for ShardId(13224250654272404656): valid=true
2026-08-23T14:30:02.754363Z  INFO rockstream_runtime::client: Received FenceAck for ShardId(13224250654272404656): valid=true
2026-08-23T14:30:02.950975Z  INFO rockstream_runtime::client: Received FenceAck for ShardId(13224250654272404656): valid=true
2026-08-23T14:30:02.951898Z  INFO rockstream_runtime::client: Received FenceAck for ShardId(13224250654272404656): valid=true
2026-08-23T14:30:03.155823Z  INFO rockstream_runtime::client: Received FenceAck for ShardId(13224250654272404656): valid=true
2026-08-23T14:30:03.156608Z  INFO rockstream_runtime::client: Received FenceAck for ShardId(13224250654272404656): valid=true
2026-08-23T14:30:03.365974Z  INFO rockstream_runtime::client: Received FenceAck for ShardId(13224250654272404656): valid=true
2026-08-23T14:30:03.367098Z  INFO rockstream_runtime::client: Received FenceAck for ShardId(13224250654272404656): valid=true
2026-08-23T14:30:03.568172Z  INFO rockstream_runtime::client: Received FenceAck for ShardId(13224250654272404656): valid=true
2026-08-23T14:30:03.569437Z  INFO rockstream_runtime::client: Received FenceAck for ShardId(13224250654272404656): valid=true
2026-08-23T14:30:03.770815Z  INFO rockstream_runtime::client: Received FenceAck for ShardId(13224250654272404656): valid=true
2026-08-23T14:30:03.771499Z  INFO rockstream_runtime::client: Received FenceAck for ShardId(13224250654272404656): valid=true
2026-08-23T14:30:03.978209Z  INFO rockstream_runtime::client: Received FenceAck for ShardId(13224250654272404656): valid=true
2026-08-23T14:30:03.979461Z  INFO rockstream_runtime::client: Received FenceAck for ShardId(13224250654272404656): valid=true
2026-08-23T14:30:04.187078Z  INFO rockstream_runtime::client: Received FenceAck for ShardId(13224250654272404656): valid=true
2026-08-23T14:30:04.188786Z  INFO rockstream_runtime::client: Received FenceAck for ShardId(13224250654272404656): valid=true
2026-08-23T14:30:04.389667Z  INFO rockstream_runtime::client: Received FenceAck for ShardId(13224250654272404656): valid=true
2026-08-23T14:30:04.390968Z  INFO rockstream_runtime::client: Received FenceAck for ShardId(13224250654272404656): valid=true
2026-08-23T14:30:04.596660Z  INFO rockstream_runtime::client: Received FenceAck for ShardId(13224250654272404656): valid=true
2026-08-23T14:30:04.597515Z  INFO rockstream_runtime::client: Received FenceAck for ShardId(13224250654272404656): valid=true
2026-08-23T14:30:04.799832Z  INFO rockstream_runtime::client: Received FenceAck for ShardId(13224250654272404656): valid=true
2026-08-23T14:30:04.800221Z  INFO rockstream_runtime::client: Received FenceAck for ShardId(13224250654272404656): valid=true
2026-08-23T14:30:05.017129Z  INFO rockstream_runtime::client: Received FenceAck for ShardId(13224250654272404656): valid=true
2026-08-23T14:30:05.017926Z  INFO rockstream_runtime::client: Received FenceAck for ShardId(13224250654272404656): valid=true
2026-08-23T14:30:05.217170Z  INFO rockstream_runtime::client: Received FenceAck for ShardId(13224250654272404656): valid=true
2026-08-23T14:30:05.218940Z  INFO rockstream_runtime::client: Received FenceAck for ShardId(13224250654272404656): valid=true
2026-08-23T14:30:05.424242Z  INFO rockstream_runtime::client: Received FenceAck for ShardId(13224250654272404656): valid=true
2026-08-23T14:30:05.425727Z  INFO rockstream_runtime::client: Received FenceAck for ShardId(13224250654272404656): valid=true
2026-08-23T14:30:05.630009Z  INFO rockstream_runtime::client: Received FenceAck for ShardId(13224250654272404656): valid=true
2026-08-23T14:30:05.631048Z  INFO rockstream_runtime::client: Received FenceAck for ShardId(13224250654272404656): valid=true
2026-08-23T14:30:05.831045Z  INFO rockstream_runtime::client: Received FenceAck for ShardId(13224250654272404656): valid=true
2026-08-23T14:30:05.831477Z  INFO rockstream_runtime::client: Received FenceAck for ShardId(13224250654272404656): valid=true
2026-08-23T14:30:06.043601Z  INFO rockstream_runtime::client: Received FenceAck for ShardId(13224250654272404656): valid=true
2026-08-23T14:30:06.044795Z  INFO rockstream_runtime::client: Received FenceAck for ShardId(13224250654272404656): valid=true
2026-08-23T14:30:06.247315Z  INFO rockstream_runtime::client: Received FenceAck for ShardId(13224250654272404656): valid=true
2026-08-23T14:30:06.249179Z  INFO rockstream_runtime::client: Received FenceAck for ShardId(13224250654272404656): valid=true
2026-08-23T14:30:06.452518Z  INFO rockstream_runtime::client: Received FenceAck for ShardId(13224250654272404656): valid=true
2026-08-23T14:30:06.454396Z  INFO rockstream_runtime::client: Received FenceAck for ShardId(13224250654272404656): valid=true
2026-08-23T14:30:06.655686Z  INFO rockstream_runtime::client: Received FenceAck for ShardId(13224250654272404656): valid=true
2026-08-23T14:30:06.657838Z  INFO rockstream_runtime::client: Received FenceAck for ShardId(13224250654272404656): valid=true
2026-08-23T14:30:06.855838Z  INFO rockstream_runtime::client: Received FenceAck for ShardId(13224250654272404656): valid=true
2026-08-23T14:30:06.856255Z  INFO rockstream_runtime::client: Received FenceAck for ShardId(13224250654272404656): valid=true
2026-08-23T14:30:07.066228Z  INFO rockstream_runtime::client: Received FenceAck for ShardId(13224250654272404656): valid=true
2026-08-23T14:30:07.067543Z  INFO rockstream_runtime::client: Received FenceAck for ShardId(13224250654272404656): valid=true
2026-08-23T14:30:07.272499Z  INFO rockstream_runtime::client: Received FenceAck for ShardId(13224250654272404656): valid=true
2026-08-23T14:30:07.273749Z  INFO rockstream_runtime::client: Received FenceAck for ShardId(13224250654272404656): valid=true
2026-08-23T14:30:07.470531Z  INFO rockstream_runtime::client: Received FenceAck for ShardId(13224250654272404656): valid=true
2026-08-23T14:30:07.471316Z  INFO rockstream_runtime::client: Received FenceAck for ShardId(13224250654272404656): valid=true
2026-08-23T14:30:07.677515Z  INFO rockstream_runtime::client: Received FenceAck for ShardId(13224250654272404656): valid=true
2026-08-23T14:30:07.678711Z  INFO rockstream_runtime::client: Received FenceAck for ShardId(13224250654272404656): valid=true
2026-08-23T14:30:07.879124Z  INFO rockstream_runtime::client: Received FenceAck for ShardId(13224250654272404656): valid=true
2026-08-23T14:30:07.879615Z  INFO rockstream_runtime::client: Received FenceAck for ShardId(13224250654272404656): valid=true
2026-08-23T14:30:08.087114Z  INFO rockstream_runtime::client: Received FenceAck for ShardId(13224250654272404656): valid=true
2026-08-23T14:30:08.088011Z  INFO rockstream_runtime::client: Received FenceAck for ShardId(13224250654272404656): valid=true
2026-08-23T14:30:08.294687Z  INFO rockstream_runtime::client: Received FenceAck for ShardId(13224250654272404656): valid=true
2026-08-23T14:30:08.296769Z  INFO rockstream_runtime::client: Received FenceAck for ShardId(13224250654272404656): valid=true
2026-08-23T14:30:08.499285Z  INFO rockstream_runtime::client: Received FenceAck for ShardId(13224250654272404656): valid=true
2026-08-23T14:30:08.500895Z  INFO rockstream_runtime::client: Received FenceAck for ShardId(13224250654272404656): valid=true
2026-08-23T14:30:08.704502Z  INFO rockstream_runtime::client: Received FenceAck for ShardId(13224250654272404656): valid=true
2026-08-23T14:30:08.706258Z  INFO rockstream_runtime::client: Received FenceAck for ShardId(13224250654272404656): valid=true
2026-08-23T14:30:08.902840Z  INFO rockstream_runtime::client: Received FenceAck for ShardId(13224250654272404656): valid=true
2026-08-23T14:30:08.903417Z  INFO rockstream_runtime::client: Received FenceAck for ShardId(13224250654272404656): valid=true
2026-08-23T14:30:09.113354Z  INFO rockstream_runtime::client: Received FenceAck for ShardId(13224250654272404656): valid=true
2026-08-23T14:30:09.114646Z  INFO rockstream_runtime::client: Received FenceAck for ShardId(13224250654272404656): valid=true
2026-08-23T14:30:09.319013Z  INFO rockstream_runtime::client: Received FenceAck for ShardId(13224250654272404656): valid=true
2026-08-23T14:30:09.320428Z  INFO rockstream_runtime::client: Received FenceAck for ShardId(13224250654272404656): valid=true
2026-08-23T14:30:09.524596Z  INFO rockstream_runtime::client: Received FenceAck for ShardId(13224250654272404656): valid=true
2026-08-23T14:30:09.527187Z  INFO rockstream_runtime::client: Received FenceAck for ShardId(13224250654272404656): valid=true
2026-08-23T14:30:09.727710Z  INFO rockstream_runtime::client: Received FenceAck for ShardId(13224250654272404656): valid=true
2026-08-23T14:30:09.729620Z  INFO rockstream_runtime::client: Received FenceAck for ShardId(13224250654272404656): valid=true
2026-08-23T14:30:09.928025Z  INFO rockstream_runtime::client: Received FenceAck for ShardId(13224250654272404656): valid=true
2026-08-23T14:30:09.928695Z  INFO rockstream_runtime::client: Received FenceAck for ShardId(13224250654272404656): valid=true
2026-08-23T14:30:10.137350Z  INFO rockstream_runtime::client: Received FenceAck for ShardId(13224250654272404656): valid=true
2026-08-23T14:30:10.138610Z  INFO rockstream_runtime::client: Received FenceAck for ShardId(13224250654272404656): valid=true
2026-08-23T14:30:10.340169Z  INFO rockstream_runtime::client: Received FenceAck for ShardId(13224250654272404656): valid=true
2026-08-23T14:30:10.341075Z  INFO rockstream_runtime::client: Received FenceAck for ShardId(13224250654272404656): valid=true
2026-08-23T14:30:10.547666Z  INFO rockstream_runtime::client: Received FenceAck for ShardId(13224250654272404656): valid=true
2026-08-23T14:30:10.549145Z  INFO rockstream_runtime::client: Received FenceAck for ShardId(13224250654272404656): valid=true
2026-08-23T14:30:10.756179Z  INFO rockstream_runtime::client: Received FenceAck for ShardId(13224250654272404656): valid=true
2026-08-23T14:30:10.757613Z  INFO rockstream_runtime::client: Received FenceAck for ShardId(13224250654272404656): valid=true
2026-08-23T14:30:10.951171Z  INFO rockstream_runtime::client: Received FenceAck for ShardId(13224250654272404656): valid=true
2026-08-23T14:30:10.951976Z  INFO rockstream_runtime::client: Received FenceAck for ShardId(13224250654272404656): valid=true
2026-08-23T14:30:11.159113Z  INFO rockstream_runtime::client: Received FenceAck for ShardId(13224250654272404656): valid=true
2026-08-23T14:30:11.160279Z  INFO rockstream_runtime::client: Received FenceAck for ShardId(13224250654272404656): valid=true
2026-08-23T14:30:11.365469Z  INFO rockstream_runtime::client: Received FenceAck for ShardId(13224250654272404656): valid=true
2026-08-23T14:30:11.366393Z  INFO rockstream_runtime::client: Received FenceAck for ShardId(13224250654272404656): valid=true
2026-08-23T14:30:11.570560Z  INFO rockstream_runtime::client: Received FenceAck for ShardId(13224250654272404656): valid=true
2026-08-23T14:30:11.571937Z  INFO rockstream_runtime::client: Received FenceAck for ShardId(13224250654272404656): valid=true
2026-08-23T14:30:11.770585Z  INFO rockstream_runtime::client: Received FenceAck for ShardId(13224250654272404656): valid=true
2026-08-23T14:30:11.771073Z  INFO rockstream_runtime::client: Received FenceAck for ShardId(13224250654272404656): valid=true
2026-08-23T14:30:11.975750Z  INFO rockstream_runtime::client: Received FenceAck for ShardId(13224250654272404656): valid=true
2026-08-23T14:30:11.976414Z  INFO rockstream_runtime::client: Received FenceAck for ShardId(13224250654272404656): valid=true
2026-08-23T14:30:12.180763Z  INFO rockstream_runtime::client: Received FenceAck for ShardId(13224250654272404656): valid=true
2026-08-23T14:30:12.181729Z  INFO rockstream_runtime::client: Received FenceAck for ShardId(13224250654272404656): valid=true
2026-08-23T14:30:12.387181Z  INFO rockstream_runtime::client: Received FenceAck for ShardId(13224250654272404656): valid=true
2026-08-23T14:30:12.388117Z  INFO rockstream_runtime::client: Received FenceAck for ShardId(13224250654272404656): valid=true
2026-08-23T14:30:12.596508Z  INFO rockstream_runtime::client: Received FenceAck for ShardId(13224250654272404656): valid=true
2026-08-23T14:30:12.597886Z  INFO rockstream_runtime::client: Received FenceAck for ShardId(13224250654272404656): valid=true
2026-08-23T14:30:12.795853Z  INFO rockstream_runtime::client: Received FenceAck for ShardId(13224250654272404656): valid=true
2026-08-23T14:30:12.796642Z  INFO rockstream_runtime::client: Received FenceAck for ShardId(13224250654272404656): valid=true
2026-08-23T14:30:13.000782Z  INFO rockstream_runtime::client: Received FenceAck for ShardId(13224250654272404656): valid=true
2026-08-23T14:30:13.001428Z  INFO rockstream_runtime::client: Received FenceAck for ShardId(13224250654272404656): valid=true
2026-08-23T14:30:43.356482Z  INFO rockstream_runtime::client: Received FenceAck for ShardId(13224250654272404656): valid=true
2026-08-23T14:30:43.356967Z  INFO rockstream_runtime::client: Received FenceAck for ShardId(13224250654272404656): valid=true
2026-08-23T14:30:43.561919Z  INFO rockstream_runtime::client: Received FenceAck for ShardId(13224250654272404656): valid=true
2026-08-23T14:30:43.562308Z  INFO rockstream_runtime::client: Received FenceAck for ShardId(13224250654272404656): valid=true
2026-08-23T14:30:43.767346Z  INFO rockstream_runtime::client: Received FenceAck for ShardId(13224250654272404656): valid=true
2026-08-23T14:30:43.767726Z  INFO rockstream_runtime::client: Received FenceAck for ShardId(13224250654272404656): valid=true
2026-08-23T14:30:43.972643Z  INFO rockstream_runtime::client: Received FenceAck for ShardId(13224250654272404656): valid=true
2026-08-23T14:30:43.973030Z  INFO rockstream_runtime::client: Received FenceAck for ShardId(13224250654272404656): valid=true
2026-08-23T14:30:44.176334Z  INFO rockstream_runtime::client: Received FenceAck for ShardId(13224250654272404656): valid=true
2026-08-23T14:30:44.176707Z  INFO rockstream_runtime::client: Received FenceAck for ShardId(13224250654272404656): valid=true
2026-08-23T14:30:44.383067Z  INFO rockstream_runtime::client: Received FenceAck for ShardId(13224250654272404656): valid=true
2026-08-23T14:30:44.383443Z  INFO rockstream_runtime::client: Received FenceAck for ShardId(13224250654272404656): valid=true
2026-08-23T14:30:44.589219Z  INFO rockstream_runtime::client: Received FenceAck for ShardId(13224250654272404656): valid=true
2026-08-23T14:30:44.589610Z  INFO rockstream_runtime::client: Received FenceAck for ShardId(13224250654272404656): valid=true
2026-08-23T14:30:44.794709Z  INFO rockstream_runtime::client: Received FenceAck for ShardId(13224250654272404656): valid=true
2026-08-23T14:30:44.795113Z  INFO rockstream_runtime::client: Received FenceAck for ShardId(13224250654272404656): valid=true
2026-08-23T14:30:44.999290Z  INFO rockstream_runtime::client: Received FenceAck for ShardId(13224250654272404656): valid=true
2026-08-23T14:30:44.999687Z  INFO rockstream_runtime::client: Received FenceAck for ShardId(13224250654272404656): valid=true
2026-08-23T14:30:45.205824Z  INFO rockstream_runtime::client: Received FenceAck for ShardId(13224250654272404656): valid=true
2026-08-23T14:30:45.206211Z  INFO rockstream_runtime::client: Received FenceAck for ShardId(13224250654272404656): valid=true
2026-08-23T14:30:45.410480Z  INFO rockstream_runtime::client: Received FenceAck for ShardId(13224250654272404656): valid=true
2026-08-23T14:30:45.410879Z  INFO rockstream_runtime::client: Received FenceAck for ShardId(13224250654272404656): valid=true
2026-08-23T14:30:45.616352Z  INFO rockstream_runtime::client: Received FenceAck for ShardId(13224250654272404656): valid=true
2026-08-23T14:30:45.616658Z  INFO rockstream_runtime::client: Received FenceAck for ShardId(13224250654272404656): valid=true
2026-08-23T14:30:45.821255Z  INFO rockstream_runtime::client: Received FenceAck for ShardId(13224250654272404656): valid=true
2026-08-23T14:30:45.821641Z  INFO rockstream_runtime::client: Received FenceAck for ShardId(13224250654272404656): valid=true
2026-08-23T14:30:46.024507Z  INFO rockstream_runtime::client: Received FenceAck for ShardId(13224250654272404656): valid=true
2026-08-23T14:30:46.024891Z  INFO rockstream_runtime::client: Received FenceAck for ShardId(13224250654272404656): valid=true
2026-08-23T14:30:46.231197Z  INFO rockstream_runtime::client: Received FenceAck for ShardId(13224250654272404656): valid=true
2026-08-23T14:30:46.231621Z  INFO rockstream_runtime::client: Received FenceAck for ShardId(13224250654272404656): valid=true
2026-08-23T14:30:46.436021Z  INFO rockstream_runtime::client: Received FenceAck for ShardId(13224250654272404656): valid=true
2026-08-23T14:30:46.436398Z  INFO rockstream_runtime::client: Received FenceAck for ShardId(13224250654272404656): valid=true
2026-08-23T14:30:46.641516Z  INFO rockstream_runtime::client: Received FenceAck for ShardId(13224250654272404656): valid=true
2026-08-23T14:30:46.641911Z  INFO rockstream_runtime::client: Received FenceAck for ShardId(13224250654272404656): valid=true
2026-08-23T14:30:46.847420Z  INFO rockstream_runtime::client: Received FenceAck for ShardId(13224250654272404656): valid=true
2026-08-23T14:30:46.847753Z  INFO rockstream_runtime::client: Received FenceAck for ShardId(13224250654272404656): valid=true
2026-08-23T14:30:47.257371Z  INFO rockstream_runtime::client: Received FenceAck for ShardId(13224250654272404656): valid=true
2026-08-23T14:30:47.257642Z  INFO rockstream_runtime::client: Received FenceAck for ShardId(13224250654272404656): valid=true
2026-08-23T14:30:47.564780Z  INFO rockstream_runtime::client: Received FenceAck for ShardId(13224250654272404656): valid=true
2026-08-23T14:30:47.565149Z  INFO rockstream_runtime::client: Received FenceAck for ShardId(13224250654272404656): valid=true
2026-08-23T14:31:45.199851Z  INFO rockstream_cli: shutdown signal received — stopping daemon
2026-08-23T14:31:45.206591Z  INFO slatedb::retrying_object_store: retrying object store operation [error=JoinError { source: JoinError::Cancelled(Id(2066)) }, duration=100ms]
2026-08-23T14:31:45.229077Z  INFO rockstream: rockstream: node stopped cleanly audit=/var/folders/vq/593qxcm57l90w1dlpywl_7nw0000gn/T/rockstream-r1-local-ik0ZVp/worker-1/audit.jsonl bundle=/var/folders/vq/593qxcm57l90w1dlpywl_7nw0000gn/T/rockstream-r1-local-ik0ZVp/worker-1/support-bundle-1787495505202.json events=5
