2026-08-23T16:22:50.812777Z  INFO rockstream_cli: metrics server started metrics_addr=127.0.0.1:57760
2026-08-23T16:22:50.813044Z  INFO rockstream_cli: node running in daemon mode — blocking until shutdown signal role=worker
2026-08-23T16:22:50.813657Z  INFO rockstream_runtime::client: Worker client registered successfully as WorkerId(1)
2026-08-23T16:22:50.854995Z  INFO rockstream_runtime::client: Received ShardAssigned lease for ShardId(13224250654272404656)
2026-08-23T16:22:50.855459Z  INFO slatedb::db::builder: opening SlateDB database [path=db, settings={"flush_interval":"100ms","manifest_poll_interval":"1s","manifest_update_timeout":"300s","min_filter_keys":1000,"l0_sst_size_bytes":67108864,"max_wal_flushes_before_l0_flush":4096,"l0_max_ssts":8,"l0_max_ssts_per_key":8,"l0_flush_parallelism":4,"max_unflushed_bytes":1073741824,"compactor_options":{"poll_interval":"5s","manifest_update_timeout":"300s","max_sst_size":268435456,"max_concurrent_compactions":4,"max_fetch_tasks":4,"scheduler_options":{}},"compression_codec":null,"object_store_cache_options":{"root_folder":null,"max_cache_size_bytes":17179869184,"part_size_bytes":4194304,"cache_puts":false,"preload_disk_cache_on_startup":null,"scan_interval":"3600s","max_open_file_handles":1000},"garbage_collector_options":{"manifest_options":{"interval":"60s","min_age":"300s"},"wal_options":{"interval":"60s","min_age":"300s"},"compacted_options":{"interval":"60s","min_age":"300s"},"compactions_options":{"interval":"60s","min_age":"300s"},"detach_options":{"interval":"60s"}},"default_ttl":null}]
2026-08-23T16:22:50.858022Z  INFO slatedb::compactor_state_protocols: creating new compactions file [compactor_epoch=0]
2026-08-23T16:22:50.963236Z  INFO slatedb::db::builder: opening SlateDB database [path=db, settings={"flush_interval":"100ms","manifest_poll_interval":"1s","manifest_update_timeout":"300s","min_filter_keys":1000,"l0_sst_size_bytes":67108864,"max_wal_flushes_before_l0_flush":4096,"l0_max_ssts":8,"l0_max_ssts_per_key":8,"l0_flush_parallelism":4,"max_unflushed_bytes":1073741824,"compactor_options":{"poll_interval":"5s","manifest_update_timeout":"300s","max_sst_size":268435456,"max_concurrent_compactions":4,"max_fetch_tasks":4,"scheduler_options":{}},"compression_codec":null,"object_store_cache_options":{"root_folder":null,"max_cache_size_bytes":17179869184,"part_size_bytes":4194304,"cache_puts":false,"preload_disk_cache_on_startup":null,"scan_interval":"3600s","max_open_file_handles":1000},"garbage_collector_options":{"manifest_options":{"interval":"60s","min_age":"300s"},"wal_options":{"interval":"60s","min_age":"300s"},"compacted_options":{"interval":"60s","min_age":"300s"},"compactions_options":{"interval":"60s","min_age":"300s"},"detach_options":{"interval":"60s"}},"default_ttl":null}]
2026-08-23T16:22:50.966593Z  INFO slatedb::compactor_state_protocols: creating new compactions file [compactor_epoch=0]
2026-08-23T16:22:50.973622Z  INFO slatedb::garbage_collector: garbage collector shutdown
2026-08-23T16:22:50.973662Z  INFO slatedb::db: db closed
2026-08-23T16:22:51.152926Z  INFO rockstream_runtime::client: Received FenceAck for ShardId(13224250654272404656): valid=true
2026-08-23T16:22:51.153997Z  INFO rockstream_runtime::client: Received FenceAck for ShardId(13224250654272404656): valid=true
2026-08-23T16:22:51.353900Z  INFO rockstream_runtime::client: Received FenceAck for ShardId(13224250654272404656): valid=true
2026-08-23T16:22:51.354291Z  INFO rockstream_runtime::client: Received FenceAck for ShardId(13224250654272404656): valid=true
2026-08-23T16:22:51.559919Z  INFO rockstream_runtime::client: Received FenceAck for ShardId(13224250654272404656): valid=true
2026-08-23T16:22:51.560617Z  INFO rockstream_runtime::client: Received FenceAck for ShardId(13224250654272404656): valid=true
2026-08-23T16:22:51.765964Z  INFO rockstream_runtime::client: Received FenceAck for ShardId(13224250654272404656): valid=true
2026-08-23T16:22:51.766630Z  INFO rockstream_runtime::client: Received FenceAck for ShardId(13224250654272404656): valid=true
2026-08-23T16:22:51.969897Z  INFO rockstream_runtime::client: Received FenceAck for ShardId(13224250654272404656): valid=true
2026-08-23T16:22:51.970602Z  INFO rockstream_runtime::client: Received FenceAck for ShardId(13224250654272404656): valid=true
2026-08-23T16:22:52.181812Z  INFO rockstream_runtime::client: Received FenceAck for ShardId(13224250654272404656): valid=true
2026-08-23T16:22:52.182426Z  INFO rockstream_runtime::client: Received FenceAck for ShardId(13224250654272404656): valid=true
2026-08-23T16:22:52.377015Z  INFO rockstream_runtime::client: Received FenceAck for ShardId(13224250654272404656): valid=true
2026-08-23T16:22:52.377416Z  INFO rockstream_runtime::client: Received FenceAck for ShardId(13224250654272404656): valid=true
2026-08-23T16:22:52.583578Z  INFO rockstream_runtime::client: Received FenceAck for ShardId(13224250654272404656): valid=true
2026-08-23T16:22:52.584458Z  INFO rockstream_runtime::client: Received FenceAck for ShardId(13224250654272404656): valid=true
2026-08-23T16:22:52.786130Z  INFO rockstream_runtime::client: Received FenceAck for ShardId(13224250654272404656): valid=true
2026-08-23T16:22:52.786721Z  INFO rockstream_runtime::client: Received FenceAck for ShardId(13224250654272404656): valid=true
2026-08-23T16:22:52.990836Z  INFO rockstream_runtime::client: Received FenceAck for ShardId(13224250654272404656): valid=true
2026-08-23T16:22:52.991680Z  INFO rockstream_runtime::client: Received FenceAck for ShardId(13224250654272404656): valid=true
2026-08-23T16:22:53.194946Z  INFO rockstream_runtime::client: Received FenceAck for ShardId(13224250654272404656): valid=true
2026-08-23T16:22:53.195710Z  INFO rockstream_runtime::client: Received FenceAck for ShardId(13224250654272404656): valid=true
2026-08-23T16:22:53.396123Z  INFO rockstream_runtime::client: Received FenceAck for ShardId(13224250654272404656): valid=true
2026-08-23T16:22:53.396551Z  INFO rockstream_runtime::client: Received FenceAck for ShardId(13224250654272404656): valid=true
2026-08-23T16:22:53.603642Z  INFO rockstream_runtime::client: Received FenceAck for ShardId(13224250654272404656): valid=true
2026-08-23T16:22:53.604457Z  INFO rockstream_runtime::client: Received FenceAck for ShardId(13224250654272404656): valid=true
2026-08-23T16:22:53.804189Z  INFO rockstream_runtime::client: Received FenceAck for ShardId(13224250654272404656): valid=true
2026-08-23T16:22:53.804760Z  INFO rockstream_runtime::client: Received FenceAck for ShardId(13224250654272404656): valid=true
2026-08-23T16:22:54.011181Z  INFO rockstream_runtime::client: Received FenceAck for ShardId(13224250654272404656): valid=true
2026-08-23T16:22:54.011969Z  INFO rockstream_runtime::client: Received FenceAck for ShardId(13224250654272404656): valid=true
2026-08-23T16:22:54.214002Z  INFO rockstream_runtime::client: Received FenceAck for ShardId(13224250654272404656): valid=true
2026-08-23T16:22:54.214684Z  INFO rockstream_runtime::client: Received FenceAck for ShardId(13224250654272404656): valid=true
2026-08-23T16:22:54.415903Z  INFO rockstream_runtime::client: Received FenceAck for ShardId(13224250654272404656): valid=true
2026-08-23T16:22:54.416332Z  INFO rockstream_runtime::client: Received FenceAck for ShardId(13224250654272404656): valid=true
2026-08-23T16:22:54.621032Z  INFO rockstream_runtime::client: Received FenceAck for ShardId(13224250654272404656): valid=true
2026-08-23T16:22:54.621750Z  INFO rockstream_runtime::client: Received FenceAck for ShardId(13224250654272404656): valid=true
2026-08-23T16:22:54.823579Z  INFO rockstream_runtime::client: Received FenceAck for ShardId(13224250654272404656): valid=true
2026-08-23T16:22:54.824208Z  INFO rockstream_runtime::client: Received FenceAck for ShardId(13224250654272404656): valid=true
2026-08-23T16:22:55.026702Z  INFO rockstream_runtime::client: Received FenceAck for ShardId(13224250654272404656): valid=true
2026-08-23T16:22:55.027219Z  INFO rockstream_runtime::client: Received FenceAck for ShardId(13224250654272404656): valid=true
2026-08-23T16:22:55.234187Z  INFO rockstream_runtime::client: Received FenceAck for ShardId(13224250654272404656): valid=true
2026-08-23T16:22:55.234921Z  INFO rockstream_runtime::client: Received FenceAck for ShardId(13224250654272404656): valid=true
2026-08-23T16:22:55.436037Z  INFO rockstream_runtime::client: Received FenceAck for ShardId(13224250654272404656): valid=true
2026-08-23T16:22:55.436502Z  INFO rockstream_runtime::client: Received FenceAck for ShardId(13224250654272404656): valid=true
2026-08-23T16:22:55.642471Z  INFO rockstream_runtime::client: Received FenceAck for ShardId(13224250654272404656): valid=true
2026-08-23T16:22:55.643267Z  INFO rockstream_runtime::client: Received FenceAck for ShardId(13224250654272404656): valid=true
2026-08-23T16:22:55.843815Z  INFO rockstream_runtime::client: Received FenceAck for ShardId(13224250654272404656): valid=true
2026-08-23T16:22:55.844509Z  INFO rockstream_runtime::client: Received FenceAck for ShardId(13224250654272404656): valid=true
2026-08-23T16:22:56.049714Z  INFO rockstream_runtime::client: Received FenceAck for ShardId(13224250654272404656): valid=true
2026-08-23T16:22:56.050383Z  INFO rockstream_runtime::client: Received FenceAck for ShardId(13224250654272404656): valid=true
2026-08-23T16:22:56.253473Z  INFO rockstream_runtime::client: Received FenceAck for ShardId(13224250654272404656): valid=true
2026-08-23T16:22:56.253955Z  INFO rockstream_runtime::client: Received FenceAck for ShardId(13224250654272404656): valid=true
2026-08-23T16:22:56.454684Z  INFO rockstream_runtime::client: Received FenceAck for ShardId(13224250654272404656): valid=true
2026-08-23T16:22:56.455299Z  INFO rockstream_runtime::client: Received FenceAck for ShardId(13224250654272404656): valid=true
2026-08-23T16:22:56.663652Z  INFO rockstream_runtime::client: Received FenceAck for ShardId(13224250654272404656): valid=true
2026-08-23T16:22:56.664522Z  INFO rockstream_runtime::client: Received FenceAck for ShardId(13224250654272404656): valid=true
2026-08-23T16:22:56.864772Z  INFO rockstream_runtime::client: Received FenceAck for ShardId(13224250654272404656): valid=true
2026-08-23T16:22:56.865517Z  INFO rockstream_runtime::client: Received FenceAck for ShardId(13224250654272404656): valid=true
2026-08-23T16:22:57.072355Z  INFO rockstream_runtime::client: Received FenceAck for ShardId(13224250654272404656): valid=true
2026-08-23T16:22:57.073512Z  INFO rockstream_runtime::client: Received FenceAck for ShardId(13224250654272404656): valid=true
2026-08-23T16:22:57.271595Z  INFO rockstream_runtime::client: Received FenceAck for ShardId(13224250654272404656): valid=true
2026-08-23T16:22:57.271919Z  INFO rockstream_runtime::client: Received FenceAck for ShardId(13224250654272404656): valid=true
2026-08-23T16:22:57.474611Z  INFO rockstream_runtime::client: Received FenceAck for ShardId(13224250654272404656): valid=true
2026-08-23T16:22:57.474906Z  INFO rockstream_runtime::client: Received FenceAck for ShardId(13224250654272404656): valid=true
2026-08-23T16:22:57.678305Z  INFO rockstream_runtime::client: Received FenceAck for ShardId(13224250654272404656): valid=true
2026-08-23T16:22:57.678683Z  INFO rockstream_runtime::client: Received FenceAck for ShardId(13224250654272404656): valid=true
2026-08-23T16:22:57.882198Z  INFO rockstream_runtime::client: Received FenceAck for ShardId(13224250654272404656): valid=true
2026-08-23T16:22:57.882660Z  INFO rockstream_runtime::client: Received FenceAck for ShardId(13224250654272404656): valid=true
2026-08-23T16:22:58.087566Z  INFO rockstream_runtime::client: Received FenceAck for ShardId(13224250654272404656): valid=true
2026-08-23T16:22:58.087877Z  INFO rockstream_runtime::client: Received FenceAck for ShardId(13224250654272404656): valid=true
2026-08-23T16:22:58.289936Z  INFO rockstream_runtime::client: Received FenceAck for ShardId(13224250654272404656): valid=true
2026-08-23T16:22:58.290387Z  INFO rockstream_runtime::client: Received FenceAck for ShardId(13224250654272404656): valid=true
2026-08-23T16:22:58.496050Z  INFO rockstream_runtime::client: Received FenceAck for ShardId(13224250654272404656): valid=true
2026-08-23T16:22:58.496841Z  INFO rockstream_runtime::client: Received FenceAck for ShardId(13224250654272404656): valid=true
2026-08-23T16:22:58.697920Z  INFO rockstream_runtime::client: Received FenceAck for ShardId(13224250654272404656): valid=true
2026-08-23T16:22:58.698563Z  INFO rockstream_runtime::client: Received FenceAck for ShardId(13224250654272404656): valid=true
2026-08-23T16:22:58.900577Z  INFO rockstream_runtime::client: Received FenceAck for ShardId(13224250654272404656): valid=true
2026-08-23T16:22:58.901238Z  INFO rockstream_runtime::client: Received FenceAck for ShardId(13224250654272404656): valid=true
2026-08-23T16:22:59.103240Z  INFO rockstream_runtime::client: Received FenceAck for ShardId(13224250654272404656): valid=true
2026-08-23T16:22:59.103583Z  INFO rockstream_runtime::client: Received FenceAck for ShardId(13224250654272404656): valid=true
2026-08-23T16:22:59.307573Z  INFO rockstream_runtime::client: Received FenceAck for ShardId(13224250654272404656): valid=true
2026-08-23T16:22:59.307952Z  INFO rockstream_runtime::client: Received FenceAck for ShardId(13224250654272404656): valid=true
2026-08-23T16:22:59.511612Z  INFO rockstream_runtime::client: Received FenceAck for ShardId(13224250654272404656): valid=true
2026-08-23T16:22:59.512071Z  INFO rockstream_runtime::client: Received FenceAck for ShardId(13224250654272404656): valid=true
2026-08-23T16:22:59.720204Z  INFO rockstream_runtime::client: Received FenceAck for ShardId(13224250654272404656): valid=true
2026-08-23T16:22:59.721107Z  INFO rockstream_runtime::client: Received FenceAck for ShardId(13224250654272404656): valid=true
2026-08-23T16:22:59.919420Z  INFO rockstream_runtime::client: Received FenceAck for ShardId(13224250654272404656): valid=true
2026-08-23T16:22:59.919864Z  INFO rockstream_runtime::client: Received FenceAck for ShardId(13224250654272404656): valid=true
2026-08-23T16:23:00.124731Z  INFO rockstream_runtime::client: Received FenceAck for ShardId(13224250654272404656): valid=true
2026-08-23T16:23:00.125459Z  INFO rockstream_runtime::client: Received FenceAck for ShardId(13224250654272404656): valid=true
2026-08-23T16:23:00.326919Z  INFO rockstream_runtime::client: Received FenceAck for ShardId(13224250654272404656): valid=true
2026-08-23T16:23:00.327275Z  INFO rockstream_runtime::client: Received FenceAck for ShardId(13224250654272404656): valid=true
2026-08-23T16:23:00.531077Z  INFO rockstream_runtime::client: Received FenceAck for ShardId(13224250654272404656): valid=true
2026-08-23T16:23:00.531659Z  INFO rockstream_runtime::client: Received FenceAck for ShardId(13224250654272404656): valid=true
2026-08-23T16:23:00.736747Z  INFO rockstream_runtime::client: Received FenceAck for ShardId(13224250654272404656): valid=true
2026-08-23T16:23:00.737566Z  INFO rockstream_runtime::client: Received FenceAck for ShardId(13224250654272404656): valid=true
2026-08-23T16:23:00.938679Z  INFO rockstream_runtime::client: Received FenceAck for ShardId(13224250654272404656): valid=true
2026-08-23T16:23:00.939125Z  INFO rockstream_runtime::client: Received FenceAck for ShardId(13224250654272404656): valid=true
2026-08-23T16:23:01.146164Z  INFO rockstream_runtime::client: Received FenceAck for ShardId(13224250654272404656): valid=true
2026-08-23T16:23:01.146715Z  INFO rockstream_runtime::client: Received FenceAck for ShardId(13224250654272404656): valid=true
2026-08-23T16:23:01.345175Z  INFO rockstream_runtime::client: Received FenceAck for ShardId(13224250654272404656): valid=true
2026-08-23T16:23:01.345529Z  INFO rockstream_runtime::client: Received FenceAck for ShardId(13224250654272404656): valid=true
2026-08-23T16:23:01.547846Z  INFO rockstream_runtime::client: Received FenceAck for ShardId(13224250654272404656): valid=true
2026-08-23T16:23:01.548216Z  INFO rockstream_runtime::client: Received FenceAck for ShardId(13224250654272404656): valid=true
2026-08-23T16:23:01.751858Z  INFO rockstream_runtime::client: Received FenceAck for ShardId(13224250654272404656): valid=true
2026-08-23T16:23:01.752275Z  INFO rockstream_runtime::client: Received FenceAck for ShardId(13224250654272404656): valid=true
2026-08-23T16:23:01.955676Z  INFO rockstream_runtime::client: Received FenceAck for ShardId(13224250654272404656): valid=true
2026-08-23T16:23:01.956156Z  INFO rockstream_runtime::client: Received FenceAck for ShardId(13224250654272404656): valid=true
2026-08-23T16:23:02.164398Z  INFO rockstream_runtime::client: Received FenceAck for ShardId(13224250654272404656): valid=true
2026-08-23T16:23:02.165252Z  INFO rockstream_runtime::client: Received FenceAck for ShardId(13224250654272404656): valid=true
2026-08-23T16:23:02.364266Z  INFO rockstream_runtime::client: Received FenceAck for ShardId(13224250654272404656): valid=true
2026-08-23T16:23:02.364634Z  INFO rockstream_runtime::client: Received FenceAck for ShardId(13224250654272404656): valid=true
2026-08-23T16:23:02.569109Z  INFO rockstream_runtime::client: Received FenceAck for ShardId(13224250654272404656): valid=true
2026-08-23T16:23:02.569428Z  INFO rockstream_runtime::client: Received FenceAck for ShardId(13224250654272404656): valid=true
2026-08-23T16:23:02.775092Z  INFO rockstream_runtime::client: Received FenceAck for ShardId(13224250654272404656): valid=true
2026-08-23T16:23:02.775548Z  INFO rockstream_runtime::client: Received FenceAck for ShardId(13224250654272404656): valid=true
2026-08-23T16:23:02.976928Z  INFO rockstream_runtime::client: Received FenceAck for ShardId(13224250654272404656): valid=true
2026-08-23T16:23:02.977446Z  INFO rockstream_runtime::client: Received FenceAck for ShardId(13224250654272404656): valid=true
2026-08-23T16:23:03.182862Z  INFO rockstream_runtime::client: Received FenceAck for ShardId(13224250654272404656): valid=true
2026-08-23T16:23:03.183669Z  INFO rockstream_runtime::client: Received FenceAck for ShardId(13224250654272404656): valid=true
2026-08-23T16:23:03.384218Z  INFO rockstream_runtime::client: Received FenceAck for ShardId(13224250654272404656): valid=true
2026-08-23T16:23:03.384979Z  INFO rockstream_runtime::client: Received FenceAck for ShardId(13224250654272404656): valid=true
2026-08-23T16:23:03.592255Z  INFO rockstream_runtime::client: Received FenceAck for ShardId(13224250654272404656): valid=true
2026-08-23T16:23:03.592801Z  INFO rockstream_runtime::client: Received FenceAck for ShardId(13224250654272404656): valid=true
2026-08-23T16:23:03.792529Z  INFO rockstream_runtime::client: Received FenceAck for ShardId(13224250654272404656): valid=true
2026-08-23T16:23:03.792921Z  INFO rockstream_runtime::client: Received FenceAck for ShardId(13224250654272404656): valid=true
2026-08-23T16:23:04.005477Z  INFO rockstream_runtime::client: Received FenceAck for ShardId(13224250654272404656): valid=true
2026-08-23T16:23:04.006866Z  INFO rockstream_runtime::client: Received FenceAck for ShardId(13224250654272404656): valid=true
2026-08-23T16:23:04.204429Z  INFO rockstream_runtime::client: Received FenceAck for ShardId(13224250654272404656): valid=true
2026-08-23T16:23:04.205264Z  INFO rockstream_runtime::client: Received FenceAck for ShardId(13224250654272404656): valid=true
2026-08-23T16:23:04.404054Z  INFO rockstream_runtime::client: Received FenceAck for ShardId(13224250654272404656): valid=true
2026-08-23T16:23:04.404475Z  INFO rockstream_runtime::client: Received FenceAck for ShardId(13224250654272404656): valid=true
2026-08-23T16:23:04.672197Z  INFO rockstream_runtime::client: Received FenceAck for ShardId(13224250654272404656): valid=true
2026-08-23T16:23:04.673241Z  INFO rockstream_runtime::client: Received FenceAck for ShardId(13224250654272404656): valid=true
2026-08-23T16:23:04.911913Z  INFO rockstream_runtime::client: Received FenceAck for ShardId(13224250654272404656): valid=true
2026-08-23T16:23:04.912297Z  INFO rockstream_runtime::client: Received FenceAck for ShardId(13224250654272404656): valid=true
2026-08-23T16:23:05.115976Z  INFO rockstream_runtime::client: Received FenceAck for ShardId(13224250654272404656): valid=true
2026-08-23T16:23:05.116348Z  INFO rockstream_runtime::client: Received FenceAck for ShardId(13224250654272404656): valid=true
2026-08-23T16:23:05.320349Z  INFO rockstream_runtime::client: Received FenceAck for ShardId(13224250654272404656): valid=true
2026-08-23T16:23:05.320792Z  INFO rockstream_runtime::client: Received FenceAck for ShardId(13224250654272404656): valid=true
2026-08-23T16:23:05.526814Z  INFO rockstream_runtime::client: Received FenceAck for ShardId(13224250654272404656): valid=true
2026-08-23T16:23:05.527475Z  INFO rockstream_runtime::client: Received FenceAck for ShardId(13224250654272404656): valid=true
2026-08-23T16:23:05.728888Z  INFO rockstream_runtime::client: Received FenceAck for ShardId(13224250654272404656): valid=true
2026-08-23T16:23:05.729594Z  INFO rockstream_runtime::client: Received FenceAck for ShardId(13224250654272404656): valid=true
2026-08-23T16:23:05.936531Z  INFO rockstream_runtime::client: Received FenceAck for ShardId(13224250654272404656): valid=true
2026-08-23T16:23:05.937334Z  INFO rockstream_runtime::client: Received FenceAck for ShardId(13224250654272404656): valid=true
2026-08-23T16:23:06.140287Z  INFO rockstream_runtime::client: Received FenceAck for ShardId(13224250654272404656): valid=true
2026-08-23T16:23:06.140725Z  INFO rockstream_runtime::client: Received FenceAck for ShardId(13224250654272404656): valid=true
2026-08-23T16:23:06.340274Z  INFO rockstream_runtime::client: Received FenceAck for ShardId(13224250654272404656): valid=true
2026-08-23T16:23:06.340598Z  INFO rockstream_runtime::client: Received FenceAck for ShardId(13224250654272404656): valid=true
2026-08-23T16:23:06.544526Z  INFO rockstream_runtime::client: Received FenceAck for ShardId(13224250654272404656): valid=true
2026-08-23T16:23:06.544870Z  INFO rockstream_runtime::client: Received FenceAck for ShardId(13224250654272404656): valid=true
2026-08-23T16:23:06.749850Z  INFO rockstream_runtime::client: Received FenceAck for ShardId(13224250654272404656): valid=true
2026-08-23T16:23:06.750510Z  INFO rockstream_runtime::client: Received FenceAck for ShardId(13224250654272404656): valid=true
2026-08-23T16:23:06.954035Z  INFO rockstream_runtime::client: Received FenceAck for ShardId(13224250654272404656): valid=true
2026-08-23T16:23:06.954693Z  INFO rockstream_runtime::client: Received FenceAck for ShardId(13224250654272404656): valid=true
2026-08-23T16:23:07.162886Z  INFO rockstream_runtime::client: Received FenceAck for ShardId(13224250654272404656): valid=true
2026-08-23T16:23:07.163247Z  INFO rockstream_runtime::client: Received FenceAck for ShardId(13224250654272404656): valid=true
2026-08-23T16:23:07.366385Z  INFO rockstream_runtime::client: Received FenceAck for ShardId(13224250654272404656): valid=true
2026-08-23T16:23:07.366901Z  INFO rockstream_runtime::client: Received FenceAck for ShardId(13224250654272404656): valid=true
2026-08-23T16:23:07.571018Z  INFO rockstream_runtime::client: Received FenceAck for ShardId(13224250654272404656): valid=true
2026-08-23T16:23:07.571500Z  INFO rockstream_runtime::client: Received FenceAck for ShardId(13224250654272404656): valid=true
2026-08-23T16:23:07.777543Z  INFO rockstream_runtime::client: Received FenceAck for ShardId(13224250654272404656): valid=true
2026-08-23T16:23:07.778210Z  INFO rockstream_runtime::client: Received FenceAck for ShardId(13224250654272404656): valid=true
2026-08-23T16:23:07.979245Z  INFO rockstream_runtime::client: Received FenceAck for ShardId(13224250654272404656): valid=true
2026-08-23T16:23:07.979913Z  INFO rockstream_runtime::client: Received FenceAck for ShardId(13224250654272404656): valid=true
2026-08-23T16:23:08.181087Z  INFO rockstream_runtime::client: Received FenceAck for ShardId(13224250654272404656): valid=true
2026-08-23T16:23:08.181382Z  INFO rockstream_runtime::client: Received FenceAck for ShardId(13224250654272404656): valid=true
2026-08-23T16:23:08.384218Z  INFO rockstream_runtime::client: Received FenceAck for ShardId(13224250654272404656): valid=true
2026-08-23T16:23:08.384605Z  INFO rockstream_runtime::client: Received FenceAck for ShardId(13224250654272404656): valid=true
2026-08-23T16:23:08.588693Z  INFO rockstream_runtime::client: Received FenceAck for ShardId(13224250654272404656): valid=true
2026-08-23T16:23:08.589015Z  INFO rockstream_runtime::client: Received FenceAck for ShardId(13224250654272404656): valid=true
2026-08-23T16:23:08.792529Z  INFO rockstream_runtime::client: Received FenceAck for ShardId(13224250654272404656): valid=true
2026-08-23T16:23:08.793042Z  INFO rockstream_runtime::client: Received FenceAck for ShardId(13224250654272404656): valid=true
2026-08-23T16:23:08.996956Z  INFO rockstream_runtime::client: Received FenceAck for ShardId(13224250654272404656): valid=true
2026-08-23T16:23:08.997347Z  INFO rockstream_runtime::client: Received FenceAck for ShardId(13224250654272404656): valid=true
2026-08-23T16:23:09.201200Z  INFO rockstream_runtime::client: Received FenceAck for ShardId(13224250654272404656): valid=true
2026-08-23T16:23:09.201692Z  INFO rockstream_runtime::client: Received FenceAck for ShardId(13224250654272404656): valid=true
2026-08-23T16:23:09.402821Z  INFO rockstream_runtime::client: Received FenceAck for ShardId(13224250654272404656): valid=true
2026-08-23T16:23:09.403218Z  INFO rockstream_runtime::client: Received FenceAck for ShardId(13224250654272404656): valid=true
2026-08-23T16:23:09.610148Z  INFO rockstream_runtime::client: Received FenceAck for ShardId(13224250654272404656): valid=true
2026-08-23T16:23:09.610888Z  INFO rockstream_runtime::client: Received FenceAck for ShardId(13224250654272404656): valid=true
2026-08-23T16:23:09.814859Z  INFO rockstream_runtime::client: Received FenceAck for ShardId(13224250654272404656): valid=true
2026-08-23T16:23:09.815256Z  INFO rockstream_runtime::client: Received FenceAck for ShardId(13224250654272404656): valid=true
2026-08-23T16:23:10.015055Z  INFO rockstream_runtime::client: Received FenceAck for ShardId(13224250654272404656): valid=true
2026-08-23T16:23:10.015522Z  INFO rockstream_runtime::client: Received FenceAck for ShardId(13224250654272404656): valid=true
2026-08-23T16:23:10.222477Z  INFO rockstream_runtime::client: Received FenceAck for ShardId(13224250654272404656): valid=true
2026-08-23T16:23:10.223349Z  INFO rockstream_runtime::client: Received FenceAck for ShardId(13224250654272404656): valid=true
2026-08-23T16:23:10.422558Z  INFO rockstream_runtime::client: Received FenceAck for ShardId(13224250654272404656): valid=true
2026-08-23T16:23:10.422866Z  INFO rockstream_runtime::client: Received FenceAck for ShardId(13224250654272404656): valid=true
2026-08-23T16:23:10.626605Z  INFO rockstream_runtime::client: Received FenceAck for ShardId(13224250654272404656): valid=true
2026-08-23T16:23:10.627061Z  INFO rockstream_runtime::client: Received FenceAck for ShardId(13224250654272404656): valid=true
2026-08-23T16:23:10.830774Z  INFO rockstream_runtime::client: Received FenceAck for ShardId(13224250654272404656): valid=true
2026-08-23T16:23:10.831279Z  INFO rockstream_runtime::client: Received FenceAck for ShardId(13224250654272404656): valid=true
2026-08-23T16:23:11.034865Z  INFO rockstream_runtime::client: Received FenceAck for ShardId(13224250654272404656): valid=true
2026-08-23T16:23:11.035335Z  INFO rockstream_runtime::client: Received FenceAck for ShardId(13224250654272404656): valid=true
2026-08-23T16:23:11.239394Z  INFO rockstream_runtime::client: Received FenceAck for ShardId(13224250654272404656): valid=true
2026-08-23T16:23:11.240079Z  INFO rockstream_runtime::client: Received FenceAck for ShardId(13224250654272404656): valid=true
2026-08-23T16:23:11.441510Z  INFO rockstream_runtime::client: Received FenceAck for ShardId(13224250654272404656): valid=true
2026-08-23T16:23:11.441916Z  INFO rockstream_runtime::client: Received FenceAck for ShardId(13224250654272404656): valid=true
2026-08-23T16:23:11.645502Z  INFO rockstream_runtime::client: Received FenceAck for ShardId(13224250654272404656): valid=true
2026-08-23T16:23:11.646035Z  INFO rockstream_runtime::client: Received FenceAck for ShardId(13224250654272404656): valid=true
2026-08-23T16:23:11.849270Z  INFO rockstream_runtime::client: Received FenceAck for ShardId(13224250654272404656): valid=true
2026-08-23T16:23:11.849759Z  INFO rockstream_runtime::client: Received FenceAck for ShardId(13224250654272404656): valid=true
2026-08-23T16:23:12.053097Z  INFO rockstream_runtime::client: Received FenceAck for ShardId(13224250654272404656): valid=true
2026-08-23T16:23:12.053608Z  INFO rockstream_runtime::client: Received FenceAck for ShardId(13224250654272404656): valid=true
2026-08-23T16:23:12.260733Z  INFO rockstream_runtime::client: Received FenceAck for ShardId(13224250654272404656): valid=true
2026-08-23T16:23:12.261391Z  INFO rockstream_runtime::client: Received FenceAck for ShardId(13224250654272404656): valid=true
2026-08-23T16:23:12.461167Z  INFO rockstream_runtime::client: Received FenceAck for ShardId(13224250654272404656): valid=true
2026-08-23T16:23:12.461589Z  INFO rockstream_runtime::client: Received FenceAck for ShardId(13224250654272404656): valid=true
2026-08-23T16:23:12.664015Z  INFO rockstream_runtime::client: Received FenceAck for ShardId(13224250654272404656): valid=true
2026-08-23T16:23:12.664446Z  INFO rockstream_runtime::client: Received FenceAck for ShardId(13224250654272404656): valid=true
2026-08-23T16:23:12.868168Z  INFO rockstream_runtime::client: Received FenceAck for ShardId(13224250654272404656): valid=true
2026-08-23T16:23:12.868692Z  INFO rockstream_runtime::client: Received FenceAck for ShardId(13224250654272404656): valid=true
2026-08-23T16:23:13.072963Z  INFO rockstream_runtime::client: Received FenceAck for ShardId(13224250654272404656): valid=true
2026-08-23T16:23:13.073658Z  INFO rockstream_runtime::client: Received FenceAck for ShardId(13224250654272404656): valid=true
2026-08-23T16:23:13.277563Z  INFO rockstream_runtime::client: Received FenceAck for ShardId(13224250654272404656): valid=true
2026-08-23T16:23:13.278208Z  INFO rockstream_runtime::client: Received FenceAck for ShardId(13224250654272404656): valid=true
2026-08-23T16:23:13.479632Z  INFO rockstream_runtime::client: Received FenceAck for ShardId(13224250654272404656): valid=true
2026-08-23T16:23:13.480074Z  INFO rockstream_runtime::client: Received FenceAck for ShardId(13224250654272404656): valid=true
2026-08-23T16:23:13.685341Z  INFO rockstream_runtime::client: Received FenceAck for ShardId(13224250654272404656): valid=true
2026-08-23T16:23:13.685971Z  INFO rockstream_runtime::client: Received FenceAck for ShardId(13224250654272404656): valid=true
2026-08-23T16:23:13.888506Z  INFO rockstream_runtime::client: Received FenceAck for ShardId(13224250654272404656): valid=true
2026-08-23T16:23:13.889091Z  INFO rockstream_runtime::client: Received FenceAck for ShardId(13224250654272404656): valid=true
2026-08-23T16:23:14.094168Z  INFO rockstream_runtime::client: Received FenceAck for ShardId(13224250654272404656): valid=true
2026-08-23T16:23:14.094832Z  INFO rockstream_runtime::client: Received FenceAck for ShardId(13224250654272404656): valid=true
2026-08-23T16:23:14.298144Z  INFO rockstream_runtime::client: Received FenceAck for ShardId(13224250654272404656): valid=true
2026-08-23T16:23:14.298862Z  INFO rockstream_runtime::client: Received FenceAck for ShardId(13224250654272404656): valid=true
2026-08-23T16:23:14.498645Z  INFO rockstream_runtime::client: Received FenceAck for ShardId(13224250654272404656): valid=true
2026-08-23T16:23:14.499159Z  INFO rockstream_runtime::client: Received FenceAck for ShardId(13224250654272404656): valid=true
2026-08-23T16:23:14.704167Z  INFO rockstream_runtime::client: Received FenceAck for ShardId(13224250654272404656): valid=true
2026-08-23T16:23:14.704787Z  INFO rockstream_runtime::client: Received FenceAck for ShardId(13224250654272404656): valid=true
2026-08-23T16:23:14.905606Z  INFO rockstream_runtime::client: Received FenceAck for ShardId(13224250654272404656): valid=true
2026-08-23T16:23:14.905950Z  INFO rockstream_runtime::client: Received FenceAck for ShardId(13224250654272404656): valid=true
2026-08-23T16:23:15.109071Z  INFO rockstream_runtime::client: Received FenceAck for ShardId(13224250654272404656): valid=true
2026-08-23T16:23:15.109533Z  INFO rockstream_runtime::client: Received FenceAck for ShardId(13224250654272404656): valid=true
2026-08-23T16:23:15.313841Z  INFO rockstream_runtime::client: Received FenceAck for ShardId(13224250654272404656): valid=true
2026-08-23T16:23:15.314373Z  INFO rockstream_runtime::client: Received FenceAck for ShardId(13224250654272404656): valid=true
2026-08-23T16:23:15.516354Z  INFO rockstream_runtime::client: Received FenceAck for ShardId(13224250654272404656): valid=true
2026-08-23T16:23:15.516856Z  INFO rockstream_runtime::client: Received FenceAck for ShardId(13224250654272404656): valid=true
2026-08-23T16:23:15.722303Z  INFO rockstream_runtime::client: Received FenceAck for ShardId(13224250654272404656): valid=true
2026-08-23T16:23:15.722982Z  INFO rockstream_runtime::client: Received FenceAck for ShardId(13224250654272404656): valid=true
2026-08-23T16:23:15.924204Z  INFO rockstream_runtime::client: Received FenceAck for ShardId(13224250654272404656): valid=true
2026-08-23T16:23:15.924770Z  INFO rockstream_runtime::client: Received FenceAck for ShardId(13224250654272404656): valid=true
2026-08-23T16:23:16.127979Z  INFO rockstream_runtime::client: Received FenceAck for ShardId(13224250654272404656): valid=true
2026-08-23T16:23:16.128476Z  INFO rockstream_runtime::client: Received FenceAck for ShardId(13224250654272404656): valid=true
2026-08-23T16:23:16.332326Z  INFO rockstream_runtime::client: Received FenceAck for ShardId(13224250654272404656): valid=true
2026-08-23T16:23:16.332813Z  INFO rockstream_runtime::client: Received FenceAck for ShardId(13224250654272404656): valid=true
2026-08-23T16:23:16.534417Z  INFO rockstream_runtime::client: Received FenceAck for ShardId(13224250654272404656): valid=true
2026-08-23T16:23:16.534890Z  INFO rockstream_runtime::client: Received FenceAck for ShardId(13224250654272404656): valid=true
2026-08-23T16:23:16.741675Z  INFO rockstream_runtime::client: Received FenceAck for ShardId(13224250654272404656): valid=true
2026-08-23T16:23:16.742275Z  INFO rockstream_runtime::client: Received FenceAck for ShardId(13224250654272404656): valid=true
2026-08-23T16:23:16.942784Z  INFO rockstream_runtime::client: Received FenceAck for ShardId(13224250654272404656): valid=true
2026-08-23T16:23:16.943328Z  INFO rockstream_runtime::client: Received FenceAck for ShardId(13224250654272404656): valid=true
2026-08-23T16:23:17.144347Z  INFO rockstream_runtime::client: Received FenceAck for ShardId(13224250654272404656): valid=true
2026-08-23T16:23:17.144879Z  INFO rockstream_runtime::client: Received FenceAck for ShardId(13224250654272404656): valid=true
2026-08-23T16:23:17.347490Z  INFO rockstream_runtime::client: Received FenceAck for ShardId(13224250654272404656): valid=true
2026-08-23T16:23:17.347910Z  INFO rockstream_runtime::client: Received FenceAck for ShardId(13224250654272404656): valid=true
2026-08-23T16:23:17.552271Z  INFO rockstream_runtime::client: Received FenceAck for ShardId(13224250654272404656): valid=true
2026-08-23T16:23:17.552851Z  INFO rockstream_runtime::client: Received FenceAck for ShardId(13224250654272404656): valid=true
2026-08-23T16:23:17.755048Z  INFO rockstream_runtime::client: Received FenceAck for ShardId(13224250654272404656): valid=true
2026-08-23T16:23:17.755552Z  INFO rockstream_runtime::client: Received FenceAck for ShardId(13224250654272404656): valid=true
2026-08-23T16:23:17.958896Z  INFO rockstream_runtime::client: Received FenceAck for ShardId(13224250654272404656): valid=true
2026-08-23T16:23:17.959458Z  INFO rockstream_runtime::client: Received FenceAck for ShardId(13224250654272404656): valid=true
2026-08-23T16:23:18.165283Z  INFO rockstream_runtime::client: Received FenceAck for ShardId(13224250654272404656): valid=true
2026-08-23T16:23:18.166968Z  INFO rockstream_runtime::client: Received FenceAck for ShardId(13224250654272404656): valid=true
2026-08-23T16:23:18.365421Z  INFO rockstream_runtime::client: Received FenceAck for ShardId(13224250654272404656): valid=true
2026-08-23T16:23:18.365762Z  INFO rockstream_runtime::client: Received FenceAck for ShardId(13224250654272404656): valid=true
2026-08-23T16:23:18.569873Z  INFO rockstream_runtime::client: Received FenceAck for ShardId(13224250654272404656): valid=true
2026-08-23T16:23:18.570422Z  INFO rockstream_runtime::client: Received FenceAck for ShardId(13224250654272404656): valid=true
2026-08-23T16:23:18.774812Z  INFO rockstream_runtime::client: Received FenceAck for ShardId(13224250654272404656): valid=true
2026-08-23T16:23:18.775410Z  INFO rockstream_runtime::client: Received FenceAck for ShardId(13224250654272404656): valid=true
2026-08-23T16:23:18.978518Z  INFO rockstream_runtime::client: Received FenceAck for ShardId(13224250654272404656): valid=true
2026-08-23T16:23:18.979463Z  INFO rockstream_runtime::client: Received FenceAck for ShardId(13224250654272404656): valid=true
2026-08-23T16:23:19.181025Z  INFO rockstream_runtime::client: Received FenceAck for ShardId(13224250654272404656): valid=true
2026-08-23T16:23:19.181444Z  INFO rockstream_runtime::client: Received FenceAck for ShardId(13224250654272404656): valid=true
2026-08-23T16:23:19.384338Z  INFO rockstream_runtime::client: Received FenceAck for ShardId(13224250654272404656): valid=true
2026-08-23T16:23:19.384699Z  INFO rockstream_runtime::client: Received FenceAck for ShardId(13224250654272404656): valid=true
2026-08-23T16:23:19.589543Z  INFO rockstream_runtime::client: Received FenceAck for ShardId(13224250654272404656): valid=true
2026-08-23T16:23:19.590109Z  INFO rockstream_runtime::client: Received FenceAck for ShardId(13224250654272404656): valid=true
2026-08-23T16:23:19.793357Z  INFO rockstream_runtime::client: Received FenceAck for ShardId(13224250654272404656): valid=true
2026-08-23T16:23:19.793954Z  INFO rockstream_runtime::client: Received FenceAck for ShardId(13224250654272404656): valid=true
2026-08-23T16:23:19.995416Z  INFO rockstream_runtime::client: Received FenceAck for ShardId(13224250654272404656): valid=true
2026-08-23T16:23:19.995834Z  INFO rockstream_runtime::client: Received FenceAck for ShardId(13224250654272404656): valid=true
2026-08-23T16:23:20.200146Z  INFO rockstream_runtime::client: Received FenceAck for ShardId(13224250654272404656): valid=true
2026-08-23T16:23:20.200707Z  INFO rockstream_runtime::client: Received FenceAck for ShardId(13224250654272404656): valid=true
2026-08-23T16:23:20.403733Z  INFO rockstream_runtime::client: Received FenceAck for ShardId(13224250654272404656): valid=true
2026-08-23T16:23:20.404107Z  INFO rockstream_runtime::client: Received FenceAck for ShardId(13224250654272404656): valid=true
2026-08-23T16:23:20.608900Z  INFO rockstream_runtime::client: Received FenceAck for ShardId(13224250654272404656): valid=true
2026-08-23T16:23:20.609579Z  INFO rockstream_runtime::client: Received FenceAck for ShardId(13224250654272404656): valid=true
2026-08-23T16:23:20.813325Z  INFO rockstream_runtime::client: Received FenceAck for ShardId(13224250654272404656): valid=true
2026-08-23T16:23:20.813951Z  INFO rockstream_runtime::client: Received FenceAck for ShardId(13224250654272404656): valid=true
2026-08-23T16:23:21.016239Z  INFO rockstream_runtime::client: Received FenceAck for ShardId(13224250654272404656): valid=true
2026-08-23T16:23:21.016715Z  INFO rockstream_runtime::client: Received FenceAck for ShardId(13224250654272404656): valid=true
2026-08-23T16:23:21.221887Z  INFO rockstream_runtime::client: Received FenceAck for ShardId(13224250654272404656): valid=true
2026-08-23T16:23:21.222597Z  INFO rockstream_runtime::client: Received FenceAck for ShardId(13224250654272404656): valid=true
2026-08-23T16:23:21.425644Z  INFO rockstream_runtime::client: Received FenceAck for ShardId(13224250654272404656): valid=true
2026-08-23T16:23:21.426035Z  INFO rockstream_runtime::client: Received FenceAck for ShardId(13224250654272404656): valid=true
2026-08-23T16:23:21.630035Z  INFO rockstream_runtime::client: Received FenceAck for ShardId(13224250654272404656): valid=true
2026-08-23T16:23:21.630534Z  INFO rockstream_runtime::client: Received FenceAck for ShardId(13224250654272404656): valid=true
2026-08-23T16:23:21.835028Z  INFO rockstream_runtime::client: Received FenceAck for ShardId(13224250654272404656): valid=true
2026-08-23T16:23:21.835626Z  INFO rockstream_runtime::client: Received FenceAck for ShardId(13224250654272404656): valid=true
2026-08-23T16:23:22.039591Z  INFO rockstream_runtime::client: Received FenceAck for ShardId(13224250654272404656): valid=true
2026-08-23T16:23:22.040306Z  INFO rockstream_runtime::client: Received FenceAck for ShardId(13224250654272404656): valid=true
2026-08-23T16:23:22.241009Z  INFO rockstream_runtime::client: Received FenceAck for ShardId(13224250654272404656): valid=true
2026-08-23T16:23:22.241523Z  INFO rockstream_runtime::client: Received FenceAck for ShardId(13224250654272404656): valid=true
2026-08-23T16:23:22.444936Z  INFO rockstream_runtime::client: Received FenceAck for ShardId(13224250654272404656): valid=true
2026-08-23T16:23:22.445355Z  INFO rockstream_runtime::client: Received FenceAck for ShardId(13224250654272404656): valid=true
2026-08-23T16:23:22.648544Z  INFO rockstream_runtime::client: Received FenceAck for ShardId(13224250654272404656): valid=true
2026-08-23T16:23:22.649063Z  INFO rockstream_runtime::client: Received FenceAck for ShardId(13224250654272404656): valid=true
2026-08-23T16:23:22.854042Z  INFO rockstream_runtime::client: Received FenceAck for ShardId(13224250654272404656): valid=true
2026-08-23T16:23:22.854635Z  INFO rockstream_runtime::client: Received FenceAck for ShardId(13224250654272404656): valid=true
2026-08-23T16:23:23.057841Z  INFO rockstream_runtime::client: Received FenceAck for ShardId(13224250654272404656): valid=true
2026-08-23T16:23:23.058587Z  INFO rockstream_runtime::client: Received FenceAck for ShardId(13224250654272404656): valid=true
2026-08-23T16:23:23.261970Z  INFO rockstream_runtime::client: Received FenceAck for ShardId(13224250654272404656): valid=true
2026-08-23T16:23:23.262742Z  INFO rockstream_runtime::client: Received FenceAck for ShardId(13224250654272404656): valid=true
2026-08-23T16:23:23.463977Z  INFO rockstream_runtime::client: Received FenceAck for ShardId(13224250654272404656): valid=true
2026-08-23T16:23:23.464387Z  INFO rockstream_runtime::client: Received FenceAck for ShardId(13224250654272404656): valid=true
2026-08-23T16:23:23.668358Z  INFO rockstream_runtime::client: Received FenceAck for ShardId(13224250654272404656): valid=true
2026-08-23T16:23:23.668863Z  INFO rockstream_runtime::client: Received FenceAck for ShardId(13224250654272404656): valid=true
2026-08-23T16:23:23.873722Z  INFO rockstream_runtime::client: Received FenceAck for ShardId(13224250654272404656): valid=true
2026-08-23T16:23:23.874487Z  INFO rockstream_runtime::client: Received FenceAck for ShardId(13224250654272404656): valid=true
2026-08-23T16:23:24.078433Z  INFO rockstream_runtime::client: Received FenceAck for ShardId(13224250654272404656): valid=true
2026-08-23T16:23:24.079377Z  INFO rockstream_runtime::client: Received FenceAck for ShardId(13224250654272404656): valid=true
2026-08-23T16:23:24.282341Z  INFO rockstream_runtime::client: Received FenceAck for ShardId(13224250654272404656): valid=true
2026-08-23T16:23:24.283123Z  INFO rockstream_runtime::client: Received FenceAck for ShardId(13224250654272404656): valid=true
2026-08-23T16:23:24.483513Z  INFO rockstream_runtime::client: Received FenceAck for ShardId(13224250654272404656): valid=true
2026-08-23T16:23:24.483972Z  INFO rockstream_runtime::client: Received FenceAck for ShardId(13224250654272404656): valid=true
2026-08-23T16:23:24.688885Z  INFO rockstream_runtime::client: Received FenceAck for ShardId(13224250654272404656): valid=true
2026-08-23T16:23:24.689458Z  INFO rockstream_runtime::client: Received FenceAck for ShardId(13224250654272404656): valid=true
2026-08-23T16:23:24.891981Z  INFO rockstream_runtime::client: Received FenceAck for ShardId(13224250654272404656): valid=true
2026-08-23T16:23:24.892469Z  INFO rockstream_runtime::client: Received FenceAck for ShardId(13224250654272404656): valid=true
2026-08-23T16:23:25.095722Z  INFO rockstream_runtime::client: Received FenceAck for ShardId(13224250654272404656): valid=true
2026-08-23T16:23:25.096329Z  INFO rockstream_runtime::client: Received FenceAck for ShardId(13224250654272404656): valid=true
2026-08-23T16:23:25.298711Z  INFO rockstream_runtime::client: Received FenceAck for ShardId(13224250654272404656): valid=true
2026-08-23T16:23:25.299068Z  INFO rockstream_runtime::client: Received FenceAck for ShardId(13224250654272404656): valid=true
2026-08-23T16:23:25.503147Z  INFO rockstream_runtime::client: Received FenceAck for ShardId(13224250654272404656): valid=true
2026-08-23T16:23:25.503655Z  INFO rockstream_runtime::client: Received FenceAck for ShardId(13224250654272404656): valid=true
2026-08-23T16:23:25.706528Z  INFO rockstream_runtime::client: Received FenceAck for ShardId(13224250654272404656): valid=true
2026-08-23T16:23:25.706920Z  INFO rockstream_runtime::client: Received FenceAck for ShardId(13224250654272404656): valid=true
2026-08-23T16:23:25.909773Z  INFO rockstream_runtime::client: Received FenceAck for ShardId(13224250654272404656): valid=true
2026-08-23T16:23:25.910247Z  INFO rockstream_runtime::client: Received FenceAck for ShardId(13224250654272404656): valid=true
2026-08-23T16:23:26.115199Z  INFO rockstream_runtime::client: Received FenceAck for ShardId(13224250654272404656): valid=true
2026-08-23T16:23:26.115924Z  INFO rockstream_runtime::client: Received FenceAck for ShardId(13224250654272404656): valid=true
2026-08-23T16:23:26.319602Z  INFO rockstream_runtime::client: Received FenceAck for ShardId(13224250654272404656): valid=true
2026-08-23T16:23:26.320293Z  INFO rockstream_runtime::client: Received FenceAck for ShardId(13224250654272404656): valid=true
2026-08-23T16:23:26.520838Z  INFO rockstream_runtime::client: Received FenceAck for ShardId(13224250654272404656): valid=true
2026-08-23T16:23:26.521171Z  INFO rockstream_runtime::client: Received FenceAck for ShardId(13224250654272404656): valid=true
2026-08-23T16:23:26.725441Z  INFO rockstream_runtime::client: Received FenceAck for ShardId(13224250654272404656): valid=true
2026-08-23T16:23:26.725884Z  INFO rockstream_runtime::client: Received FenceAck for ShardId(13224250654272404656): valid=true
2026-08-23T16:23:26.930416Z  INFO rockstream_runtime::client: Received FenceAck for ShardId(13224250654272404656): valid=true
2026-08-23T16:23:26.930865Z  INFO rockstream_runtime::client: Received FenceAck for ShardId(13224250654272404656): valid=true
2026-08-23T16:23:27.135478Z  INFO rockstream_runtime::client: Received FenceAck for ShardId(13224250654272404656): valid=true
2026-08-23T16:23:27.136021Z  INFO rockstream_runtime::client: Received FenceAck for ShardId(13224250654272404656): valid=true
2026-08-23T16:23:27.339173Z  INFO rockstream_runtime::client: Received FenceAck for ShardId(13224250654272404656): valid=true
2026-08-23T16:23:27.339630Z  INFO rockstream_runtime::client: Received FenceAck for ShardId(13224250654272404656): valid=true
2026-08-23T16:23:27.542710Z  INFO rockstream_runtime::client: Received FenceAck for ShardId(13224250654272404656): valid=true
2026-08-23T16:23:27.543172Z  INFO rockstream_runtime::client: Received FenceAck for ShardId(13224250654272404656): valid=true
2026-08-23T16:23:27.747437Z  INFO rockstream_runtime::client: Received FenceAck for ShardId(13224250654272404656): valid=true
2026-08-23T16:23:27.747999Z  INFO rockstream_runtime::client: Received FenceAck for ShardId(13224250654272404656): valid=true
2026-08-23T16:23:27.950400Z  INFO rockstream_runtime::client: Received FenceAck for ShardId(13224250654272404656): valid=true
2026-08-23T16:23:27.950829Z  INFO rockstream_runtime::client: Received FenceAck for ShardId(13224250654272404656): valid=true
2026-08-23T16:23:28.154804Z  INFO rockstream_runtime::client: Received FenceAck for ShardId(13224250654272404656): valid=true
2026-08-23T16:23:28.155414Z  INFO rockstream_runtime::client: Received FenceAck for ShardId(13224250654272404656): valid=true
2026-08-23T16:23:28.357995Z  INFO rockstream_runtime::client: Received FenceAck for ShardId(13224250654272404656): valid=true
2026-08-23T16:23:28.358394Z  INFO rockstream_runtime::client: Received FenceAck for ShardId(13224250654272404656): valid=true
2026-08-23T16:23:28.562459Z  INFO rockstream_runtime::client: Received FenceAck for ShardId(13224250654272404656): valid=true
2026-08-23T16:23:28.562944Z  INFO rockstream_runtime::client: Received FenceAck for ShardId(13224250654272404656): valid=true
2026-08-23T16:23:28.766782Z  INFO rockstream_runtime::client: Received FenceAck for ShardId(13224250654272404656): valid=true
2026-08-23T16:23:28.767457Z  INFO rockstream_runtime::client: Received FenceAck for ShardId(13224250654272404656): valid=true
2026-08-23T16:23:28.969447Z  INFO rockstream_runtime::client: Received FenceAck for ShardId(13224250654272404656): valid=true
2026-08-23T16:23:28.970039Z  INFO rockstream_runtime::client: Received FenceAck for ShardId(13224250654272404656): valid=true
2026-08-23T16:23:29.172595Z  INFO rockstream_runtime::client: Received FenceAck for ShardId(13224250654272404656): valid=true
2026-08-23T16:23:29.172977Z  INFO rockstream_runtime::client: Received FenceAck for ShardId(13224250654272404656): valid=true
2026-08-23T16:23:29.377788Z  INFO rockstream_runtime::client: Received FenceAck for ShardId(13224250654272404656): valid=true
2026-08-23T16:23:29.378133Z  INFO rockstream_runtime::client: Received FenceAck for ShardId(13224250654272404656): valid=true
2026-08-23T16:23:29.581521Z  INFO rockstream_runtime::client: Received FenceAck for ShardId(13224250654272404656): valid=true
2026-08-23T16:23:29.581921Z  INFO rockstream_runtime::client: Received FenceAck for ShardId(13224250654272404656): valid=true
2026-08-23T16:23:29.786671Z  INFO rockstream_runtime::client: Received FenceAck for ShardId(13224250654272404656): valid=true
2026-08-23T16:23:29.787185Z  INFO rockstream_runtime::client: Received FenceAck for ShardId(13224250654272404656): valid=true
2026-08-23T16:23:29.990977Z  INFO rockstream_runtime::client: Received FenceAck for ShardId(13224250654272404656): valid=true
2026-08-23T16:23:29.991370Z  INFO rockstream_runtime::client: Received FenceAck for ShardId(13224250654272404656): valid=true
2026-08-23T16:23:30.195246Z  INFO rockstream_runtime::client: Received FenceAck for ShardId(13224250654272404656): valid=true
2026-08-23T16:23:30.195685Z  INFO rockstream_runtime::client: Received FenceAck for ShardId(13224250654272404656): valid=true
2026-08-23T16:23:30.500341Z  INFO rockstream_runtime::client: Received FenceAck for ShardId(13224250654272404656): valid=true
2026-08-23T16:23:30.500749Z  INFO rockstream_runtime::client: Received FenceAck for ShardId(13224250654272404656): valid=true
2026-08-23T16:23:30.808603Z  INFO rockstream_runtime::client: Received FenceAck for ShardId(13224250654272404656): valid=true
2026-08-23T16:23:30.809309Z  INFO rockstream_runtime::client: Received FenceAck for ShardId(13224250654272404656): valid=true
2026-08-23T16:23:31.113058Z  INFO rockstream_runtime::client: Received FenceAck for ShardId(13224250654272404656): valid=true
2026-08-23T16:23:31.113672Z  INFO rockstream_runtime::client: Received FenceAck for ShardId(13224250654272404656): valid=true
2026-08-23T16:23:31.416387Z  INFO rockstream_runtime::client: Received FenceAck for ShardId(13224250654272404656): valid=true
2026-08-23T16:23:31.416744Z  INFO rockstream_runtime::client: Received FenceAck for ShardId(13224250654272404656): valid=true
2026-08-23T16:23:31.722076Z  INFO rockstream_runtime::client: Received FenceAck for ShardId(13224250654272404656): valid=true
2026-08-23T16:23:31.722532Z  INFO rockstream_runtime::client: Received FenceAck for ShardId(13224250654272404656): valid=true
2026-08-23T16:23:32.028628Z  INFO rockstream_runtime::client: Received FenceAck for ShardId(13224250654272404656): valid=true
2026-08-23T16:23:32.029163Z  INFO rockstream_runtime::client: Received FenceAck for ShardId(13224250654272404656): valid=true
2026-08-23T16:23:32.335142Z  INFO rockstream_runtime::client: Received FenceAck for ShardId(13224250654272404656): valid=true
2026-08-23T16:23:32.335597Z  INFO rockstream_runtime::client: Received FenceAck for ShardId(13224250654272404656): valid=true
2026-08-23T16:23:32.639484Z  INFO rockstream_runtime::client: Received FenceAck for ShardId(13224250654272404656): valid=true
2026-08-23T16:23:32.639914Z  INFO rockstream_runtime::client: Received FenceAck for ShardId(13224250654272404656): valid=true
2026-08-23T16:23:32.947380Z  INFO rockstream_runtime::client: Received FenceAck for ShardId(13224250654272404656): valid=true
2026-08-23T16:23:32.948078Z  INFO rockstream_runtime::client: Received FenceAck for ShardId(13224250654272404656): valid=true
2026-08-23T16:23:33.252302Z  INFO rockstream_runtime::client: Received FenceAck for ShardId(13224250654272404656): valid=true
2026-08-23T16:23:33.252827Z  INFO rockstream_runtime::client: Received FenceAck for ShardId(13224250654272404656): valid=true
2026-08-23T16:23:33.555900Z  INFO rockstream_runtime::client: Received FenceAck for ShardId(13224250654272404656): valid=true
2026-08-23T16:23:33.556404Z  INFO rockstream_runtime::client: Received FenceAck for ShardId(13224250654272404656): valid=true
2026-08-23T16:23:33.862366Z  INFO rockstream_runtime::client: Received FenceAck for ShardId(13224250654272404656): valid=true
2026-08-23T16:23:33.863065Z  INFO rockstream_runtime::client: Received FenceAck for ShardId(13224250654272404656): valid=true
2026-08-23T16:23:34.168098Z  INFO rockstream_runtime::client: Received FenceAck for ShardId(13224250654272404656): valid=true
2026-08-23T16:23:34.168769Z  INFO rockstream_runtime::client: Received FenceAck for ShardId(13224250654272404656): valid=true
2026-08-23T16:23:34.471582Z  INFO rockstream_runtime::client: Received FenceAck for ShardId(13224250654272404656): valid=true
2026-08-23T16:23:34.471972Z  INFO rockstream_runtime::client: Received FenceAck for ShardId(13224250654272404656): valid=true
2026-08-23T16:23:34.776579Z  INFO rockstream_runtime::client: Received FenceAck for ShardId(13224250654272404656): valid=true
2026-08-23T16:23:34.777190Z  INFO rockstream_runtime::client: Received FenceAck for ShardId(13224250654272404656): valid=true
2026-08-23T16:23:35.080910Z  INFO rockstream_runtime::client: Received FenceAck for ShardId(13224250654272404656): valid=true
2026-08-23T16:23:35.081411Z  INFO rockstream_runtime::client: Received FenceAck for ShardId(13224250654272404656): valid=true
2026-08-23T16:23:35.385664Z  INFO rockstream_runtime::client: Received FenceAck for ShardId(13224250654272404656): valid=true
2026-08-23T16:23:35.386026Z  INFO rockstream_runtime::client: Received FenceAck for ShardId(13224250654272404656): valid=true
2026-08-23T16:23:35.691351Z  INFO rockstream_runtime::client: Received FenceAck for ShardId(13224250654272404656): valid=true
2026-08-23T16:23:35.691995Z  INFO rockstream_runtime::client: Received FenceAck for ShardId(13224250654272404656): valid=true
2026-08-23T16:23:35.993992Z  INFO rockstream_runtime::client: Received FenceAck for ShardId(13224250654272404656): valid=true
2026-08-23T16:23:35.994480Z  INFO rockstream_runtime::client: Received FenceAck for ShardId(13224250654272404656): valid=true
2026-08-23T16:23:36.199143Z  INFO rockstream_runtime::client: Received FenceAck for ShardId(13224250654272404656): valid=true
2026-08-23T16:23:36.199827Z  INFO rockstream_runtime::client: Received FenceAck for ShardId(13224250654272404656): valid=true
2026-08-23T16:23:36.502451Z  INFO rockstream_runtime::client: Received FenceAck for ShardId(13224250654272404656): valid=true
2026-08-23T16:23:36.502796Z  INFO rockstream_runtime::client: Received FenceAck for ShardId(13224250654272404656): valid=true
2026-08-23T16:23:36.707378Z  INFO rockstream_runtime::client: Received FenceAck for ShardId(13224250654272404656): valid=true
2026-08-23T16:23:36.708086Z  INFO rockstream_runtime::client: Received FenceAck for ShardId(13224250654272404656): valid=true
2026-08-23T16:23:37.012558Z  INFO rockstream_runtime::client: Received FenceAck for ShardId(13224250654272404656): valid=true
2026-08-23T16:23:37.012934Z  INFO rockstream_runtime::client: Received FenceAck for ShardId(13224250654272404656): valid=true
2026-08-23T16:23:37.317750Z  INFO rockstream_runtime::client: Received FenceAck for ShardId(13224250654272404656): valid=true
2026-08-23T16:23:37.318187Z  INFO rockstream_runtime::client: Received FenceAck for ShardId(13224250654272404656): valid=true
2026-08-23T16:23:37.623186Z  INFO rockstream_runtime::client: Received FenceAck for ShardId(13224250654272404656): valid=true
2026-08-23T16:23:37.623745Z  INFO rockstream_runtime::client: Received FenceAck for ShardId(13224250654272404656): valid=true
2026-08-23T16:23:37.929565Z  INFO rockstream_runtime::client: Received FenceAck for ShardId(13224250654272404656): valid=true
2026-08-23T16:23:37.929992Z  INFO rockstream_runtime::client: Received FenceAck for ShardId(13224250654272404656): valid=true
2026-08-23T16:23:38.235338Z  INFO rockstream_runtime::client: Received FenceAck for ShardId(13224250654272404656): valid=true
2026-08-23T16:23:38.235929Z  INFO rockstream_runtime::client: Received FenceAck for ShardId(13224250654272404656): valid=true
2026-08-23T16:23:38.541478Z  INFO rockstream_runtime::client: Received FenceAck for ShardId(13224250654272404656): valid=true
2026-08-23T16:23:38.541951Z  INFO rockstream_runtime::client: Received FenceAck for ShardId(13224250654272404656): valid=true
2026-08-23T16:23:38.847320Z  INFO rockstream_runtime::client: Received FenceAck for ShardId(13224250654272404656): valid=true
2026-08-23T16:23:38.847934Z  INFO rockstream_runtime::client: Received FenceAck for ShardId(13224250654272404656): valid=true
2026-08-23T16:23:39.153200Z  INFO rockstream_runtime::client: Received FenceAck for ShardId(13224250654272404656): valid=true
2026-08-23T16:23:39.153617Z  INFO rockstream_runtime::client: Received FenceAck for ShardId(13224250654272404656): valid=true
2026-08-23T16:23:39.457870Z  INFO rockstream_runtime::client: Received FenceAck for ShardId(13224250654272404656): valid=true
2026-08-23T16:23:39.458277Z  INFO rockstream_runtime::client: Received FenceAck for ShardId(13224250654272404656): valid=true
2026-08-23T16:23:39.764335Z  INFO rockstream_runtime::client: Received FenceAck for ShardId(13224250654272404656): valid=true
2026-08-23T16:23:39.764932Z  INFO rockstream_runtime::client: Received FenceAck for ShardId(13224250654272404656): valid=true
2026-08-23T16:23:40.068235Z  INFO rockstream_runtime::client: Received FenceAck for ShardId(13224250654272404656): valid=true
2026-08-23T16:23:40.068688Z  INFO rockstream_runtime::client: Received FenceAck for ShardId(13224250654272404656): valid=true
2026-08-23T16:23:40.373146Z  INFO rockstream_runtime::client: Received FenceAck for ShardId(13224250654272404656): valid=true
2026-08-23T16:23:40.373520Z  INFO rockstream_runtime::client: Received FenceAck for ShardId(13224250654272404656): valid=true
2026-08-23T16:23:40.678685Z  INFO rockstream_runtime::client: Received FenceAck for ShardId(13224250654272404656): valid=true
2026-08-23T16:23:40.679310Z  INFO rockstream_runtime::client: Received FenceAck for ShardId(13224250654272404656): valid=true
2026-08-23T16:23:40.984469Z  INFO rockstream_runtime::client: Received FenceAck for ShardId(13224250654272404656): valid=true
2026-08-23T16:23:40.985077Z  INFO rockstream_runtime::client: Received FenceAck for ShardId(13224250654272404656): valid=true
2026-08-23T16:23:41.290713Z  INFO rockstream_runtime::client: Received FenceAck for ShardId(13224250654272404656): valid=true
2026-08-23T16:23:41.291319Z  INFO rockstream_runtime::client: Received FenceAck for ShardId(13224250654272404656): valid=true
2026-08-23T16:23:41.594420Z  INFO rockstream_runtime::client: Received FenceAck for ShardId(13224250654272404656): valid=true
2026-08-23T16:23:41.594970Z  INFO rockstream_runtime::client: Received FenceAck for ShardId(13224250654272404656): valid=true
2026-08-23T16:23:41.903479Z  INFO rockstream_runtime::client: Received FenceAck for ShardId(13224250654272404656): valid=true
2026-08-23T16:23:41.904022Z  INFO rockstream_runtime::client: Received FenceAck for ShardId(13224250654272404656): valid=true
2026-08-23T16:23:42.208889Z  INFO rockstream_runtime::client: Received FenceAck for ShardId(13224250654272404656): valid=true
2026-08-23T16:23:42.209558Z  INFO rockstream_runtime::client: Received FenceAck for ShardId(13224250654272404656): valid=true
2026-08-23T16:23:42.511248Z  INFO rockstream_runtime::client: Received FenceAck for ShardId(13224250654272404656): valid=true
2026-08-23T16:23:42.511653Z  INFO rockstream_runtime::client: Received FenceAck for ShardId(13224250654272404656): valid=true
2026-08-23T16:23:42.817120Z  INFO rockstream_runtime::client: Received FenceAck for ShardId(13224250654272404656): valid=true
2026-08-23T16:23:42.817726Z  INFO rockstream_runtime::client: Received FenceAck for ShardId(13224250654272404656): valid=true
2026-08-23T16:23:43.124070Z  INFO rockstream_runtime::client: Received FenceAck for ShardId(13224250654272404656): valid=true
2026-08-23T16:23:43.124785Z  INFO rockstream_runtime::client: Received FenceAck for ShardId(13224250654272404656): valid=true
2026-08-23T16:23:43.427819Z  INFO rockstream_runtime::client: Received FenceAck for ShardId(13224250654272404656): valid=true
2026-08-23T16:23:43.428173Z  INFO rockstream_runtime::client: Received FenceAck for ShardId(13224250654272404656): valid=true
2026-08-23T16:23:43.733998Z  INFO rockstream_runtime::client: Received FenceAck for ShardId(13224250654272404656): valid=true
2026-08-23T16:23:43.734704Z  INFO rockstream_runtime::client: Received FenceAck for ShardId(13224250654272404656): valid=true
2026-08-23T16:23:44.040788Z  INFO rockstream_runtime::client: Received FenceAck for ShardId(13224250654272404656): valid=true
2026-08-23T16:23:44.041392Z  INFO rockstream_runtime::client: Received FenceAck for ShardId(13224250654272404656): valid=true
2026-08-23T16:23:44.346669Z  INFO rockstream_runtime::client: Received FenceAck for ShardId(13224250654272404656): valid=true
2026-08-23T16:23:44.347548Z  INFO rockstream_runtime::client: Received FenceAck for ShardId(13224250654272404656): valid=true
2026-08-23T16:23:44.648133Z  INFO rockstream_runtime::client: Received FenceAck for ShardId(13224250654272404656): valid=true
2026-08-23T16:23:44.648739Z  INFO rockstream_runtime::client: Received FenceAck for ShardId(13224250654272404656): valid=true
2026-08-23T16:23:44.951817Z  INFO rockstream_runtime::client: Received FenceAck for ShardId(13224250654272404656): valid=true
2026-08-23T16:23:44.952227Z  INFO rockstream_runtime::client: Received FenceAck for ShardId(13224250654272404656): valid=true
2026-08-23T16:23:45.256258Z  INFO rockstream_runtime::client: Received FenceAck for ShardId(13224250654272404656): valid=true
2026-08-23T16:23:45.256569Z  INFO rockstream_runtime::client: Received FenceAck for ShardId(13224250654272404656): valid=true
2026-08-23T16:23:45.561268Z  INFO rockstream_runtime::client: Received FenceAck for ShardId(13224250654272404656): valid=true
2026-08-23T16:23:45.561592Z  INFO rockstream_runtime::client: Received FenceAck for ShardId(13224250654272404656): valid=true
2026-08-23T16:23:45.866032Z  INFO rockstream_runtime::client: Received FenceAck for ShardId(13224250654272404656): valid=true
2026-08-23T16:23:45.866404Z  INFO rockstream_runtime::client: Received FenceAck for ShardId(13224250654272404656): valid=true
2026-08-23T16:23:46.172277Z  INFO rockstream_runtime::client: Received FenceAck for ShardId(13224250654272404656): valid=true
2026-08-23T16:23:46.172602Z  INFO rockstream_runtime::client: Received FenceAck for ShardId(13224250654272404656): valid=true
2026-08-23T16:23:46.478886Z  INFO rockstream_runtime::client: Received FenceAck for ShardId(13224250654272404656): valid=true
2026-08-23T16:23:46.479278Z  INFO rockstream_runtime::client: Received FenceAck for ShardId(13224250654272404656): valid=true
2026-08-23T16:23:46.783947Z  INFO rockstream_runtime::client: Received FenceAck for ShardId(13224250654272404656): valid=true
2026-08-23T16:23:46.784272Z  INFO rockstream_runtime::client: Received FenceAck for ShardId(13224250654272404656): valid=true
2026-08-23T16:23:47.090447Z  INFO rockstream_runtime::client: Received FenceAck for ShardId(13224250654272404656): valid=true
2026-08-23T16:23:47.090772Z  INFO rockstream_runtime::client: Received FenceAck for ShardId(13224250654272404656): valid=true
2026-08-23T16:23:47.395580Z  INFO rockstream_runtime::client: Received FenceAck for ShardId(13224250654272404656): valid=true
2026-08-23T16:23:47.395907Z  INFO rockstream_runtime::client: Received FenceAck for ShardId(13224250654272404656): valid=true
2026-08-23T16:23:47.700080Z  INFO rockstream_runtime::client: Received FenceAck for ShardId(13224250654272404656): valid=true
2026-08-23T16:23:47.700450Z  INFO rockstream_runtime::client: Received FenceAck for ShardId(13224250654272404656): valid=true
2026-08-23T16:23:48.005461Z  INFO rockstream_runtime::client: Received FenceAck for ShardId(13224250654272404656): valid=true
2026-08-23T16:23:48.005909Z  INFO rockstream_runtime::client: Received FenceAck for ShardId(13224250654272404656): valid=true
2026-08-23T16:23:48.311398Z  INFO rockstream_runtime::client: Received FenceAck for ShardId(13224250654272404656): valid=true
2026-08-23T16:23:48.311804Z  INFO rockstream_runtime::client: Received FenceAck for ShardId(13224250654272404656): valid=true
2026-08-23T16:23:48.617765Z  INFO rockstream_runtime::client: Received FenceAck for ShardId(13224250654272404656): valid=true
2026-08-23T16:23:48.618385Z  INFO rockstream_runtime::client: Received FenceAck for ShardId(13224250654272404656): valid=true
2026-08-23T16:23:48.927100Z  INFO rockstream_runtime::client: Received FenceAck for ShardId(13224250654272404656): valid=true
2026-08-23T16:23:48.927921Z  INFO rockstream_runtime::client: Received FenceAck for ShardId(13224250654272404656): valid=true
2026-08-23T16:23:49.227836Z  INFO rockstream_runtime::client: Received FenceAck for ShardId(13224250654272404656): valid=true
2026-08-23T16:23:49.228266Z  INFO rockstream_runtime::client: Received FenceAck for ShardId(13224250654272404656): valid=true
2026-08-23T16:23:49.533992Z  INFO rockstream_runtime::client: Received FenceAck for ShardId(13224250654272404656): valid=true
2026-08-23T16:23:49.534514Z  INFO rockstream_runtime::client: Received FenceAck for ShardId(13224250654272404656): valid=true
2026-08-23T16:23:49.838920Z  INFO rockstream_runtime::client: Received FenceAck for ShardId(13224250654272404656): valid=true
2026-08-23T16:23:49.839243Z  INFO rockstream_runtime::client: Received FenceAck for ShardId(13224250654272404656): valid=true
2026-08-23T16:23:50.146638Z  INFO rockstream_runtime::client: Received FenceAck for ShardId(13224250654272404656): valid=true
2026-08-23T16:23:50.147132Z  INFO rockstream_runtime::client: Received FenceAck for ShardId(13224250654272404656): valid=true
2026-08-23T16:23:50.450964Z  INFO rockstream_runtime::client: Received FenceAck for ShardId(13224250654272404656): valid=true
2026-08-23T16:23:50.451327Z  INFO rockstream_runtime::client: Received FenceAck for ShardId(13224250654272404656): valid=true
2026-08-23T16:23:50.757459Z  INFO rockstream_runtime::client: Received FenceAck for ShardId(13224250654272404656): valid=true
2026-08-23T16:23:50.758269Z  INFO rockstream_runtime::client: Received FenceAck for ShardId(13224250654272404656): valid=true
2026-08-23T16:23:51.060309Z  INFO rockstream_runtime::client: Received FenceAck for ShardId(13224250654272404656): valid=true
2026-08-23T16:23:51.060779Z  INFO rockstream_runtime::client: Received FenceAck for ShardId(13224250654272404656): valid=true
2026-08-23T16:23:51.366864Z  INFO rockstream_runtime::client: Received FenceAck for ShardId(13224250654272404656): valid=true
2026-08-23T16:23:51.367467Z  INFO rockstream_runtime::client: Received FenceAck for ShardId(13224250654272404656): valid=true
2026-08-23T16:23:51.672330Z  INFO rockstream_runtime::client: Received FenceAck for ShardId(13224250654272404656): valid=true
2026-08-23T16:23:51.672874Z  INFO rockstream_runtime::client: Received FenceAck for ShardId(13224250654272404656): valid=true
2026-08-23T16:23:51.978134Z  INFO rockstream_runtime::client: Received FenceAck for ShardId(13224250654272404656): valid=true
2026-08-23T16:23:51.978883Z  INFO rockstream_runtime::client: Received FenceAck for ShardId(13224250654272404656): valid=true
2026-08-23T16:23:52.281741Z  INFO rockstream_runtime::client: Received FenceAck for ShardId(13224250654272404656): valid=true
2026-08-23T16:23:52.282427Z  INFO rockstream_runtime::client: Received FenceAck for ShardId(13224250654272404656): valid=true
2026-08-23T16:23:52.586601Z  INFO rockstream_runtime::client: Received FenceAck for ShardId(13224250654272404656): valid=true
2026-08-23T16:23:52.586946Z  INFO rockstream_runtime::client: Received FenceAck for ShardId(13224250654272404656): valid=true
2026-08-23T16:23:52.892287Z  INFO rockstream_runtime::client: Received FenceAck for ShardId(13224250654272404656): valid=true
2026-08-23T16:23:52.892616Z  INFO rockstream_runtime::client: Received FenceAck for ShardId(13224250654272404656): valid=true
2026-08-23T16:23:53.199975Z  INFO rockstream_runtime::client: Received FenceAck for ShardId(13224250654272404656): valid=true
2026-08-23T16:23:53.200355Z  INFO rockstream_runtime::client: Received FenceAck for ShardId(13224250654272404656): valid=true
2026-08-23T16:23:53.505261Z  INFO rockstream_runtime::client: Received FenceAck for ShardId(13224250654272404656): valid=true
2026-08-23T16:23:53.505626Z  INFO rockstream_runtime::client: Received FenceAck for ShardId(13224250654272404656): valid=true
2026-08-23T16:23:53.812044Z  INFO rockstream_runtime::client: Received FenceAck for ShardId(13224250654272404656): valid=true
2026-08-23T16:23:53.812420Z  INFO rockstream_runtime::client: Received FenceAck for ShardId(13224250654272404656): valid=true
2026-08-23T16:23:54.118586Z  INFO rockstream_runtime::client: Received FenceAck for ShardId(13224250654272404656): valid=true
2026-08-23T16:23:54.118961Z  INFO rockstream_runtime::client: Received FenceAck for ShardId(13224250654272404656): valid=true
2026-08-23T16:23:54.424807Z  INFO rockstream_runtime::client: Received FenceAck for ShardId(13224250654272404656): valid=true
2026-08-23T16:23:54.425205Z  INFO rockstream_runtime::client: Received FenceAck for ShardId(13224250654272404656): valid=true
2026-08-23T16:23:54.729072Z  INFO rockstream_runtime::client: Received FenceAck for ShardId(13224250654272404656): valid=true
2026-08-23T16:23:54.729446Z  INFO rockstream_runtime::client: Received FenceAck for ShardId(13224250654272404656): valid=true
2026-08-23T16:23:55.034912Z  INFO rockstream_runtime::client: Received FenceAck for ShardId(13224250654272404656): valid=true
2026-08-23T16:23:55.035240Z  INFO rockstream_runtime::client: Received FenceAck for ShardId(13224250654272404656): valid=true
2026-08-23T16:23:55.341161Z  INFO rockstream_runtime::client: Received FenceAck for ShardId(13224250654272404656): valid=true
2026-08-23T16:23:55.341470Z  INFO rockstream_runtime::client: Received FenceAck for ShardId(13224250654272404656): valid=true
2026-08-23T16:23:55.645821Z  INFO rockstream_runtime::client: Received FenceAck for ShardId(13224250654272404656): valid=true
2026-08-23T16:23:55.646161Z  INFO rockstream_runtime::client: Received FenceAck for ShardId(13224250654272404656): valid=true
2026-08-23T16:23:55.950379Z  INFO rockstream_runtime::client: Received FenceAck for ShardId(13224250654272404656): valid=true
2026-08-23T16:23:55.950710Z  INFO rockstream_runtime::client: Received FenceAck for ShardId(13224250654272404656): valid=true
2026-08-23T16:23:56.256304Z  INFO rockstream_runtime::client: Received FenceAck for ShardId(13224250654272404656): valid=true
2026-08-23T16:23:56.256655Z  INFO rockstream_runtime::client: Received FenceAck for ShardId(13224250654272404656): valid=true
2026-08-23T16:23:56.560494Z  INFO rockstream_runtime::client: Received FenceAck for ShardId(13224250654272404656): valid=true
2026-08-23T16:23:56.560849Z  INFO rockstream_runtime::client: Received FenceAck for ShardId(13224250654272404656): valid=true
2026-08-23T16:23:56.865342Z  INFO rockstream_runtime::client: Received FenceAck for ShardId(13224250654272404656): valid=true
2026-08-23T16:23:56.865658Z  INFO rockstream_runtime::client: Received FenceAck for ShardId(13224250654272404656): valid=true
2026-08-23T16:23:57.171408Z  INFO rockstream_runtime::client: Received FenceAck for ShardId(13224250654272404656): valid=true
2026-08-23T16:23:57.171782Z  INFO rockstream_runtime::client: Received FenceAck for ShardId(13224250654272404656): valid=true
2026-08-23T16:23:57.476390Z  INFO rockstream_runtime::client: Received FenceAck for ShardId(13224250654272404656): valid=true
2026-08-23T16:23:57.476745Z  INFO rockstream_runtime::client: Received FenceAck for ShardId(13224250654272404656): valid=true
2026-08-23T16:23:57.782568Z  INFO rockstream_runtime::client: Received FenceAck for ShardId(13224250654272404656): valid=true
2026-08-23T16:23:57.782913Z  INFO rockstream_runtime::client: Received FenceAck for ShardId(13224250654272404656): valid=true
2026-08-23T16:23:58.088771Z  INFO rockstream_runtime::client: Received FenceAck for ShardId(13224250654272404656): valid=true
2026-08-23T16:23:58.089140Z  INFO rockstream_runtime::client: Received FenceAck for ShardId(13224250654272404656): valid=true
2026-08-23T16:23:58.394226Z  INFO rockstream_runtime::client: Received FenceAck for ShardId(13224250654272404656): valid=true
2026-08-23T16:23:58.394617Z  INFO rockstream_runtime::client: Received FenceAck for ShardId(13224250654272404656): valid=true
2026-08-23T16:23:58.700388Z  INFO rockstream_runtime::client: Received FenceAck for ShardId(13224250654272404656): valid=true
2026-08-23T16:23:58.700769Z  INFO rockstream_runtime::client: Received FenceAck for ShardId(13224250654272404656): valid=true
2026-08-23T16:23:59.005823Z  INFO rockstream_runtime::client: Received FenceAck for ShardId(13224250654272404656): valid=true
2026-08-23T16:23:59.006148Z  INFO rockstream_runtime::client: Received FenceAck for ShardId(13224250654272404656): valid=true
2026-08-23T16:23:59.310847Z  INFO rockstream_runtime::client: Received FenceAck for ShardId(13224250654272404656): valid=true
2026-08-23T16:23:59.311179Z  INFO rockstream_runtime::client: Received FenceAck for ShardId(13224250654272404656): valid=true
2026-08-23T16:23:59.616969Z  INFO rockstream_runtime::client: Received FenceAck for ShardId(13224250654272404656): valid=true
2026-08-23T16:23:59.617383Z  INFO rockstream_runtime::client: Received FenceAck for ShardId(13224250654272404656): valid=true
2026-08-23T16:23:59.922986Z  INFO rockstream_runtime::client: Received FenceAck for ShardId(13224250654272404656): valid=true
2026-08-23T16:23:59.923364Z  INFO rockstream_runtime::client: Received FenceAck for ShardId(13224250654272404656): valid=true
2026-08-23T16:24:00.228597Z  INFO rockstream_runtime::client: Received FenceAck for ShardId(13224250654272404656): valid=true
2026-08-23T16:24:00.228930Z  INFO rockstream_runtime::client: Received FenceAck for ShardId(13224250654272404656): valid=true
2026-08-23T16:24:00.533280Z  INFO rockstream_runtime::client: Received FenceAck for ShardId(13224250654272404656): valid=true
2026-08-23T16:24:00.533711Z  INFO rockstream_runtime::client: Received FenceAck for ShardId(13224250654272404656): valid=true
2026-08-23T16:24:00.839810Z  INFO rockstream_runtime::client: Received FenceAck for ShardId(13224250654272404656): valid=true
2026-08-23T16:24:00.840136Z  INFO rockstream_runtime::client: Received FenceAck for ShardId(13224250654272404656): valid=true
2026-08-23T16:24:01.144584Z  INFO rockstream_runtime::client: Received FenceAck for ShardId(13224250654272404656): valid=true
2026-08-23T16:24:01.145013Z  INFO rockstream_runtime::client: Received FenceAck for ShardId(13224250654272404656): valid=true
2026-08-23T16:24:01.452010Z  INFO rockstream_runtime::client: Received FenceAck for ShardId(13224250654272404656): valid=true
2026-08-23T16:24:01.452735Z  INFO rockstream_runtime::client: Received FenceAck for ShardId(13224250654272404656): valid=true
2026-08-23T16:24:01.759675Z  INFO rockstream_runtime::client: Received FenceAck for ShardId(13224250654272404656): valid=true
2026-08-23T16:24:01.760339Z  INFO rockstream_runtime::client: Received FenceAck for ShardId(13224250654272404656): valid=true
2026-08-23T16:24:02.062200Z  INFO rockstream_runtime::client: Received FenceAck for ShardId(13224250654272404656): valid=true
2026-08-23T16:24:02.062647Z  INFO rockstream_runtime::client: Received FenceAck for ShardId(13224250654272404656): valid=true
2026-08-23T16:24:02.266380Z  INFO rockstream_runtime::client: Received FenceAck for ShardId(13224250654272404656): valid=true
2026-08-23T16:24:02.266905Z  INFO rockstream_runtime::client: Received FenceAck for ShardId(13224250654272404656): valid=true
2026-08-23T16:24:02.571102Z  INFO rockstream_runtime::client: Received FenceAck for ShardId(13224250654272404656): valid=true
2026-08-23T16:24:02.571724Z  INFO rockstream_runtime::client: Received FenceAck for ShardId(13224250654272404656): valid=true
2026-08-23T16:24:02.877900Z  INFO rockstream_runtime::client: Received FenceAck for ShardId(13224250654272404656): valid=true
2026-08-23T16:24:02.878359Z  INFO rockstream_runtime::client: Received FenceAck for ShardId(13224250654272404656): valid=true
2026-08-23T16:24:03.183627Z  INFO rockstream_runtime::client: Received FenceAck for ShardId(13224250654272404656): valid=true
2026-08-23T16:24:03.184313Z  INFO rockstream_runtime::client: Received FenceAck for ShardId(13224250654272404656): valid=true
2026-08-23T16:24:03.488663Z  INFO rockstream_runtime::client: Received FenceAck for ShardId(13224250654272404656): valid=true
2026-08-23T16:24:03.489150Z  INFO rockstream_runtime::client: Received FenceAck for ShardId(13224250654272404656): valid=true
2026-08-23T16:24:03.795742Z  INFO rockstream_runtime::client: Received FenceAck for ShardId(13224250654272404656): valid=true
2026-08-23T16:24:03.800206Z  INFO rockstream_runtime::client: Received FenceAck for ShardId(13224250654272404656): valid=true
2026-08-23T16:24:04.109402Z  INFO rockstream_runtime::client: Received FenceAck for ShardId(13224250654272404656): valid=true
2026-08-23T16:24:04.113584Z  INFO rockstream_runtime::client: Received FenceAck for ShardId(13224250654272404656): valid=true
2026-08-23T16:24:04.416125Z  INFO rockstream_runtime::client: Received FenceAck for ShardId(13224250654272404656): valid=true
2026-08-23T16:24:04.417661Z  INFO rockstream_runtime::client: Received FenceAck for ShardId(13224250654272404656): valid=true
2026-08-23T16:24:04.718166Z  INFO rockstream_runtime::client: Received FenceAck for ShardId(13224250654272404656): valid=true
2026-08-23T16:24:04.719019Z  INFO rockstream_runtime::client: Received FenceAck for ShardId(13224250654272404656): valid=true
2026-08-23T16:24:04.923906Z  INFO rockstream_runtime::client: Received FenceAck for ShardId(13224250654272404656): valid=true
2026-08-23T16:24:04.924226Z  INFO rockstream_runtime::client: Received FenceAck for ShardId(13224250654272404656): valid=true
2026-08-23T16:24:05.129385Z  INFO rockstream_runtime::client: Received FenceAck for ShardId(13224250654272404656): valid=true
2026-08-23T16:24:05.130765Z  INFO rockstream_runtime::client: Received FenceAck for ShardId(13224250654272404656): valid=true
2026-08-23T16:24:05.330375Z  INFO rockstream_runtime::client: Received FenceAck for ShardId(13224250654272404656): valid=true
2026-08-23T16:24:05.331135Z  INFO rockstream_runtime::client: Received FenceAck for ShardId(13224250654272404656): valid=true
2026-08-23T16:24:05.538712Z  INFO rockstream_runtime::client: Received FenceAck for ShardId(13224250654272404656): valid=true
2026-08-23T16:24:05.539455Z  INFO rockstream_runtime::client: Received FenceAck for ShardId(13224250654272404656): valid=true
2026-08-23T16:24:05.743201Z  INFO rockstream_runtime::client: Received FenceAck for ShardId(13224250654272404656): valid=true
2026-08-23T16:24:05.743520Z  INFO rockstream_runtime::client: Received FenceAck for ShardId(13224250654272404656): valid=true
2026-08-23T16:24:05.948608Z  INFO rockstream_runtime::client: Received FenceAck for ShardId(13224250654272404656): valid=true
2026-08-23T16:24:05.951311Z  INFO rockstream_runtime::client: Received FenceAck for ShardId(13224250654272404656): valid=true
2026-08-23T16:24:06.152588Z  INFO rockstream_runtime::client: Received FenceAck for ShardId(13224250654272404656): valid=true
2026-08-23T16:24:06.153343Z  INFO rockstream_runtime::client: Received FenceAck for ShardId(13224250654272404656): valid=true
2026-08-23T16:24:06.355867Z  INFO rockstream_runtime::client: Received FenceAck for ShardId(13224250654272404656): valid=true
2026-08-23T16:24:06.356950Z  INFO rockstream_runtime::client: Received FenceAck for ShardId(13224250654272404656): valid=true
2026-08-23T16:24:06.558682Z  INFO rockstream_runtime::client: Received FenceAck for ShardId(13224250654272404656): valid=true
2026-08-23T16:24:06.559023Z  INFO rockstream_runtime::client: Received FenceAck for ShardId(13224250654272404656): valid=true
2026-08-23T16:24:06.761744Z  INFO rockstream_runtime::client: Received FenceAck for ShardId(13224250654272404656): valid=true
2026-08-23T16:24:06.762076Z  INFO rockstream_runtime::client: Received FenceAck for ShardId(13224250654272404656): valid=true
2026-08-23T16:24:06.964367Z  INFO rockstream_runtime::client: Received FenceAck for ShardId(13224250654272404656): valid=true
2026-08-23T16:24:06.964730Z  INFO rockstream_runtime::client: Received FenceAck for ShardId(13224250654272404656): valid=true
2026-08-23T16:24:07.166494Z  INFO rockstream_runtime::client: Received FenceAck for ShardId(13224250654272404656): valid=true
2026-08-23T16:24:07.166806Z  INFO rockstream_runtime::client: Received FenceAck for ShardId(13224250654272404656): valid=true
2026-08-23T16:24:07.369800Z  INFO rockstream_runtime::client: Received FenceAck for ShardId(13224250654272404656): valid=true
2026-08-23T16:24:07.370222Z  INFO rockstream_runtime::client: Received FenceAck for ShardId(13224250654272404656): valid=true
2026-08-23T16:24:07.573381Z  INFO rockstream_runtime::client: Received FenceAck for ShardId(13224250654272404656): valid=true
2026-08-23T16:24:07.573752Z  INFO rockstream_runtime::client: Received FenceAck for ShardId(13224250654272404656): valid=true
2026-08-23T16:24:07.776662Z  INFO rockstream_runtime::client: Received FenceAck for ShardId(13224250654272404656): valid=true
2026-08-23T16:24:07.776996Z  INFO rockstream_runtime::client: Received FenceAck for ShardId(13224250654272404656): valid=true
2026-08-23T16:24:07.980158Z  INFO rockstream_runtime::client: Received FenceAck for ShardId(13224250654272404656): valid=true
2026-08-23T16:24:07.980478Z  INFO rockstream_runtime::client: Received FenceAck for ShardId(13224250654272404656): valid=true
2026-08-23T16:24:08.184265Z  INFO rockstream_runtime::client: Received FenceAck for ShardId(13224250654272404656): valid=true
2026-08-23T16:24:08.184576Z  INFO rockstream_runtime::client: Received FenceAck for ShardId(13224250654272404656): valid=true
2026-08-23T16:24:08.388510Z  INFO rockstream_runtime::client: Received FenceAck for ShardId(13224250654272404656): valid=true
2026-08-23T16:24:08.388820Z  INFO rockstream_runtime::client: Received FenceAck for ShardId(13224250654272404656): valid=true
2026-08-23T16:24:08.592408Z  INFO rockstream_runtime::client: Received FenceAck for ShardId(13224250654272404656): valid=true
2026-08-23T16:24:08.592700Z  INFO rockstream_runtime::client: Received FenceAck for ShardId(13224250654272404656): valid=true
2026-08-23T16:24:08.900554Z  INFO rockstream_runtime::client: Received FenceAck for ShardId(13224250654272404656): valid=true
2026-08-23T16:24:08.901252Z  INFO rockstream_runtime::client: Received FenceAck for ShardId(13224250654272404656): valid=true
2026-08-23T16:24:09.202147Z  INFO rockstream_runtime::client: Received FenceAck for ShardId(13224250654272404656): valid=true
2026-08-23T16:24:09.202684Z  INFO rockstream_runtime::client: Received FenceAck for ShardId(13224250654272404656): valid=true
2026-08-23T16:24:09.508177Z  INFO rockstream_runtime::client: Received FenceAck for ShardId(13224250654272404656): valid=true
2026-08-23T16:24:09.508589Z  INFO rockstream_runtime::client: Received FenceAck for ShardId(13224250654272404656): valid=true
2026-08-23T16:24:09.816601Z  INFO rockstream_runtime::client: Received FenceAck for ShardId(13224250654272404656): valid=true
2026-08-23T16:24:09.817454Z  INFO rockstream_runtime::client: Received FenceAck for ShardId(13224250654272404656): valid=true
2026-08-23T16:24:10.123549Z  INFO rockstream_runtime::client: Received FenceAck for ShardId(13224250654272404656): valid=true
2026-08-23T16:24:10.124412Z  INFO rockstream_runtime::client: Received FenceAck for ShardId(13224250654272404656): valid=true
2026-08-23T16:24:10.425135Z  INFO rockstream_runtime::client: Received FenceAck for ShardId(13224250654272404656): valid=true
2026-08-23T16:24:10.425537Z  INFO rockstream_runtime::client: Received FenceAck for ShardId(13224250654272404656): valid=true
2026-08-23T16:24:10.731317Z  INFO rockstream_runtime::client: Received FenceAck for ShardId(13224250654272404656): valid=true
2026-08-23T16:24:10.731865Z  INFO rockstream_runtime::client: Received FenceAck for ShardId(13224250654272404656): valid=true
2026-08-23T16:24:11.036809Z  INFO rockstream_runtime::client: Received FenceAck for ShardId(13224250654272404656): valid=true
2026-08-23T16:24:11.037601Z  INFO rockstream_runtime::client: Received FenceAck for ShardId(13224250654272404656): valid=true
2026-08-23T16:24:11.344842Z  INFO rockstream_runtime::client: Received FenceAck for ShardId(13224250654272404656): valid=true
2026-08-23T16:24:11.345655Z  INFO rockstream_runtime::client: Received FenceAck for ShardId(13224250654272404656): valid=true
2026-08-23T16:24:11.548757Z  INFO rockstream_runtime::client: Received FenceAck for ShardId(13224250654272404656): valid=true
2026-08-23T16:24:11.549181Z  INFO rockstream_runtime::client: Received FenceAck for ShardId(13224250654272404656): valid=true
2026-08-23T16:24:11.855137Z  INFO rockstream_runtime::client: Received FenceAck for ShardId(13224250654272404656): valid=true
2026-08-23T16:24:11.858547Z  INFO rockstream_runtime::client: Received FenceAck for ShardId(13224250654272404656): valid=true
2026-08-23T16:24:12.163241Z  INFO rockstream_runtime::client: Received FenceAck for ShardId(13224250654272404656): valid=true
2026-08-23T16:24:12.163888Z  INFO rockstream_runtime::client: Received FenceAck for ShardId(13224250654272404656): valid=true
2026-08-23T16:24:12.464084Z  INFO rockstream_runtime::client: Received FenceAck for ShardId(13224250654272404656): valid=true
2026-08-23T16:24:12.464572Z  INFO rockstream_runtime::client: Received FenceAck for ShardId(13224250654272404656): valid=true
2026-08-23T16:24:12.772649Z  INFO rockstream_runtime::client: Received FenceAck for ShardId(13224250654272404656): valid=true
2026-08-23T16:24:12.773413Z  INFO rockstream_runtime::client: Received FenceAck for ShardId(13224250654272404656): valid=true
2026-08-23T16:24:13.079657Z  INFO rockstream_runtime::client: Received FenceAck for ShardId(13224250654272404656): valid=true
2026-08-23T16:24:13.080641Z  INFO rockstream_runtime::client: Received FenceAck for ShardId(13224250654272404656): valid=true
2026-08-23T16:24:13.381619Z  INFO rockstream_runtime::client: Received FenceAck for ShardId(13224250654272404656): valid=true
2026-08-23T16:24:13.382510Z  INFO rockstream_runtime::client: Received FenceAck for ShardId(13224250654272404656): valid=true
2026-08-23T16:24:13.684919Z  INFO rockstream_runtime::client: Received FenceAck for ShardId(13224250654272404656): valid=true
2026-08-23T16:24:13.685381Z  INFO rockstream_runtime::client: Received FenceAck for ShardId(13224250654272404656): valid=true
2026-08-23T16:24:13.992663Z  INFO rockstream_runtime::client: Received FenceAck for ShardId(13224250654272404656): valid=true
2026-08-23T16:24:13.993353Z  INFO rockstream_runtime::client: Received FenceAck for ShardId(13224250654272404656): valid=true
2026-08-23T16:24:14.301275Z  INFO rockstream_runtime::client: Received FenceAck for ShardId(13224250654272404656): valid=true
2026-08-23T16:24:14.302213Z  INFO rockstream_runtime::client: Received FenceAck for ShardId(13224250654272404656): valid=true
2026-08-23T16:24:14.602536Z  INFO rockstream_runtime::client: Received FenceAck for ShardId(13224250654272404656): valid=true
2026-08-23T16:24:14.603101Z  INFO rockstream_runtime::client: Received FenceAck for ShardId(13224250654272404656): valid=true
2026-08-23T16:24:14.910484Z  INFO rockstream_runtime::client: Received FenceAck for ShardId(13224250654272404656): valid=true
2026-08-23T16:24:14.910900Z  INFO rockstream_runtime::client: Received FenceAck for ShardId(13224250654272404656): valid=true
2026-08-23T16:24:15.214925Z  INFO rockstream_runtime::client: Received FenceAck for ShardId(13224250654272404656): valid=true
2026-08-23T16:24:15.215460Z  INFO rockstream_runtime::client: Received FenceAck for ShardId(13224250654272404656): valid=true
2026-08-23T16:24:15.519788Z  INFO rockstream_runtime::client: Received FenceAck for ShardId(13224250654272404656): valid=true
2026-08-23T16:24:15.520226Z  INFO rockstream_runtime::client: Received FenceAck for ShardId(13224250654272404656): valid=true
2026-08-23T16:24:15.828841Z  INFO rockstream_runtime::client: Received FenceAck for ShardId(13224250654272404656): valid=true
2026-08-23T16:24:15.829825Z  INFO rockstream_runtime::client: Received FenceAck for ShardId(13224250654272404656): valid=true
2026-08-23T16:24:16.131013Z  INFO rockstream_runtime::client: Received FenceAck for ShardId(13224250654272404656): valid=true
2026-08-23T16:24:16.131910Z  INFO rockstream_runtime::client: Received FenceAck for ShardId(13224250654272404656): valid=true
2026-08-23T16:24:16.434492Z  INFO rockstream_runtime::client: Received FenceAck for ShardId(13224250654272404656): valid=true
2026-08-23T16:24:16.435185Z  INFO rockstream_runtime::client: Received FenceAck for ShardId(13224250654272404656): valid=true
2026-08-23T16:24:16.742910Z  INFO rockstream_runtime::client: Received FenceAck for ShardId(13224250654272404656): valid=true
2026-08-23T16:24:16.743464Z  INFO rockstream_runtime::client: Received FenceAck for ShardId(13224250654272404656): valid=true
2026-08-23T16:24:17.047577Z  INFO rockstream_runtime::client: Received FenceAck for ShardId(13224250654272404656): valid=true
2026-08-23T16:24:17.048406Z  INFO rockstream_runtime::client: Received FenceAck for ShardId(13224250654272404656): valid=true
2026-08-23T16:24:17.354511Z  INFO rockstream_runtime::client: Received FenceAck for ShardId(13224250654272404656): valid=true
2026-08-23T16:24:17.355410Z  INFO rockstream_runtime::client: Received FenceAck for ShardId(13224250654272404656): valid=true
2026-08-23T16:24:17.657604Z  INFO rockstream_runtime::client: Received FenceAck for ShardId(13224250654272404656): valid=true
2026-08-23T16:24:17.658246Z  INFO rockstream_runtime::client: Received FenceAck for ShardId(13224250654272404656): valid=true
2026-08-23T16:24:17.966596Z  INFO rockstream_runtime::client: Received FenceAck for ShardId(13224250654272404656): valid=true
2026-08-23T16:24:17.967047Z  INFO rockstream_runtime::client: Received FenceAck for ShardId(13224250654272404656): valid=true
2026-08-23T16:24:18.273334Z  INFO rockstream_runtime::client: Received FenceAck for ShardId(13224250654272404656): valid=true
2026-08-23T16:24:18.274061Z  INFO rockstream_runtime::client: Received FenceAck for ShardId(13224250654272404656): valid=true
2026-08-23T16:24:18.473930Z  INFO rockstream_runtime::client: Received FenceAck for ShardId(13224250654272404656): valid=true
2026-08-23T16:24:18.474297Z  INFO rockstream_runtime::client: Received FenceAck for ShardId(13224250654272404656): valid=true
2026-08-23T16:24:18.682485Z  INFO rockstream_runtime::client: Received FenceAck for ShardId(13224250654272404656): valid=true
2026-08-23T16:24:18.683114Z  INFO rockstream_runtime::client: Received FenceAck for ShardId(13224250654272404656): valid=true
2026-08-23T16:24:18.890685Z  INFO rockstream_runtime::client: Received FenceAck for ShardId(13224250654272404656): valid=true
2026-08-23T16:24:18.891390Z  INFO rockstream_runtime::client: Received FenceAck for ShardId(13224250654272404656): valid=true
2026-08-23T16:24:19.093730Z  INFO rockstream_runtime::client: Received FenceAck for ShardId(13224250654272404656): valid=true
2026-08-23T16:24:19.094073Z  INFO rockstream_runtime::client: Received FenceAck for ShardId(13224250654272404656): valid=true
2026-08-23T16:24:19.297843Z  INFO rockstream_runtime::client: Received FenceAck for ShardId(13224250654272404656): valid=true
2026-08-23T16:24:19.298434Z  INFO rockstream_runtime::client: Received FenceAck for ShardId(13224250654272404656): valid=true
2026-08-23T16:24:19.501715Z  INFO rockstream_runtime::client: Received FenceAck for ShardId(13224250654272404656): valid=true
2026-08-23T16:24:19.502078Z  INFO rockstream_runtime::client: Received FenceAck for ShardId(13224250654272404656): valid=true
2026-08-23T16:24:19.705681Z  INFO rockstream_runtime::client: Received FenceAck for ShardId(13224250654272404656): valid=true
2026-08-23T16:24:19.706412Z  INFO rockstream_runtime::client: Received FenceAck for ShardId(13224250654272404656): valid=true
2026-08-23T16:24:19.907834Z  INFO rockstream_runtime::client: Received FenceAck for ShardId(13224250654272404656): valid=true
2026-08-23T16:24:19.908209Z  INFO rockstream_runtime::client: Received FenceAck for ShardId(13224250654272404656): valid=true
2026-08-23T16:24:20.112349Z  INFO rockstream_runtime::client: Received FenceAck for ShardId(13224250654272404656): valid=true
2026-08-23T16:24:20.113100Z  INFO rockstream_runtime::client: Received FenceAck for ShardId(13224250654272404656): valid=true
2026-08-23T16:24:20.318037Z  INFO rockstream_runtime::client: Received FenceAck for ShardId(13224250654272404656): valid=true
2026-08-23T16:24:20.318652Z  INFO rockstream_runtime::client: Received FenceAck for ShardId(13224250654272404656): valid=true
2026-08-23T16:24:20.520717Z  INFO rockstream_runtime::client: Received FenceAck for ShardId(13224250654272404656): valid=true
2026-08-23T16:24:20.521117Z  INFO rockstream_runtime::client: Received FenceAck for ShardId(13224250654272404656): valid=true
2026-08-23T16:24:20.724843Z  INFO rockstream_runtime::client: Received FenceAck for ShardId(13224250654272404656): valid=true
2026-08-23T16:24:20.725438Z  INFO rockstream_runtime::client: Received FenceAck for ShardId(13224250654272404656): valid=true
2026-08-23T16:24:20.925812Z  INFO rockstream_runtime::client: Received FenceAck for ShardId(13224250654272404656): valid=true
2026-08-23T16:24:20.926271Z  INFO rockstream_runtime::client: Received FenceAck for ShardId(13224250654272404656): valid=true
2026-08-23T16:24:21.133327Z  INFO rockstream_runtime::client: Received FenceAck for ShardId(13224250654272404656): valid=true
2026-08-23T16:24:21.134037Z  INFO rockstream_runtime::client: Received FenceAck for ShardId(13224250654272404656): valid=true
2026-08-23T16:24:21.335171Z  INFO rockstream_runtime::client: Received FenceAck for ShardId(13224250654272404656): valid=true
2026-08-23T16:24:21.335996Z  INFO rockstream_runtime::client: Received FenceAck for ShardId(13224250654272404656): valid=true
2026-08-23T16:24:21.537805Z  INFO rockstream_runtime::client: Received FenceAck for ShardId(13224250654272404656): valid=true
2026-08-23T16:24:21.538197Z  INFO rockstream_runtime::client: Received FenceAck for ShardId(13224250654272404656): valid=true
2026-08-23T16:24:21.740966Z  INFO rockstream_runtime::client: Received FenceAck for ShardId(13224250654272404656): valid=true
2026-08-23T16:24:21.741404Z  INFO rockstream_runtime::client: Received FenceAck for ShardId(13224250654272404656): valid=true
2026-08-23T16:24:21.951472Z  INFO rockstream_runtime::client: Received FenceAck for ShardId(13224250654272404656): valid=true
2026-08-23T16:24:21.952318Z  INFO rockstream_runtime::client: Received FenceAck for ShardId(13224250654272404656): valid=true
2026-08-23T16:24:22.154235Z  INFO rockstream_runtime::client: Received FenceAck for ShardId(13224250654272404656): valid=true
2026-08-23T16:24:22.155100Z  INFO rockstream_runtime::client: Received FenceAck for ShardId(13224250654272404656): valid=true
2026-08-23T16:24:22.357271Z  INFO rockstream_runtime::client: Received FenceAck for ShardId(13224250654272404656): valid=true
2026-08-23T16:24:22.358090Z  INFO rockstream_runtime::client: Received FenceAck for ShardId(13224250654272404656): valid=true
2026-08-23T16:24:22.559118Z  INFO rockstream_runtime::client: Received FenceAck for ShardId(13224250654272404656): valid=true
2026-08-23T16:24:22.559516Z  INFO rockstream_runtime::client: Received FenceAck for ShardId(13224250654272404656): valid=true
2026-08-23T16:24:22.764559Z  INFO rockstream_runtime::client: Received FenceAck for ShardId(13224250654272404656): valid=true
2026-08-23T16:24:22.765164Z  INFO rockstream_runtime::client: Received FenceAck for ShardId(13224250654272404656): valid=true
2026-08-23T16:24:22.969615Z  INFO rockstream_runtime::client: Received FenceAck for ShardId(13224250654272404656): valid=true
2026-08-23T16:24:22.970371Z  INFO rockstream_runtime::client: Received FenceAck for ShardId(13224250654272404656): valid=true
2026-08-23T16:24:23.170981Z  INFO rockstream_runtime::client: Received FenceAck for ShardId(13224250654272404656): valid=true
2026-08-23T16:24:23.171791Z  INFO rockstream_runtime::client: Received FenceAck for ShardId(13224250654272404656): valid=true
2026-08-23T16:24:23.374496Z  INFO rockstream_runtime::client: Received FenceAck for ShardId(13224250654272404656): valid=true
2026-08-23T16:24:23.375257Z  INFO rockstream_runtime::client: Received FenceAck for ShardId(13224250654272404656): valid=true
2026-08-23T16:24:23.576414Z  INFO rockstream_runtime::client: Received FenceAck for ShardId(13224250654272404656): valid=true
2026-08-23T16:24:23.576830Z  INFO rockstream_runtime::client: Received FenceAck for ShardId(13224250654272404656): valid=true
2026-08-23T16:24:23.780635Z  INFO rockstream_runtime::client: Received FenceAck for ShardId(13224250654272404656): valid=true
2026-08-23T16:24:23.781251Z  INFO rockstream_runtime::client: Received FenceAck for ShardId(13224250654272404656): valid=true
2026-08-23T16:24:23.983545Z  INFO rockstream_runtime::client: Received FenceAck for ShardId(13224250654272404656): valid=true
2026-08-23T16:24:23.984061Z  INFO rockstream_runtime::client: Received FenceAck for ShardId(13224250654272404656): valid=true
2026-08-23T16:24:24.188410Z  INFO rockstream_runtime::client: Received FenceAck for ShardId(13224250654272404656): valid=true
2026-08-23T16:24:24.189236Z  INFO rockstream_runtime::client: Received FenceAck for ShardId(13224250654272404656): valid=true
2026-08-23T16:24:24.392683Z  INFO rockstream_runtime::client: Received FenceAck for ShardId(13224250654272404656): valid=true
2026-08-23T16:24:24.393452Z  INFO rockstream_runtime::client: Received FenceAck for ShardId(13224250654272404656): valid=true
2026-08-23T16:24:24.595598Z  INFO rockstream_runtime::client: Received FenceAck for ShardId(13224250654272404656): valid=true
2026-08-23T16:24:24.596068Z  INFO rockstream_runtime::client: Received FenceAck for ShardId(13224250654272404656): valid=true
2026-08-23T16:24:24.799865Z  INFO rockstream_runtime::client: Received FenceAck for ShardId(13224250654272404656): valid=true
2026-08-23T16:24:24.800404Z  INFO rockstream_runtime::client: Received FenceAck for ShardId(13224250654272404656): valid=true
2026-08-23T16:24:25.001909Z  INFO rockstream_runtime::client: Received FenceAck for ShardId(13224250654272404656): valid=true
2026-08-23T16:24:25.002288Z  INFO rockstream_runtime::client: Received FenceAck for ShardId(13224250654272404656): valid=true
2026-08-23T16:24:25.205640Z  INFO rockstream_runtime::client: Received FenceAck for ShardId(13224250654272404656): valid=true
2026-08-23T16:24:25.205889Z  INFO rockstream_runtime::client: Received FenceAck for ShardId(13224250654272404656): valid=true
2026-08-23T16:24:55.569078Z  INFO rockstream_runtime::client: Received FenceAck for ShardId(13224250654272404656): valid=true
2026-08-23T16:24:55.569693Z  INFO rockstream_runtime::client: Received FenceAck for ShardId(13224250654272404656): valid=true
2026-08-23T16:24:55.849033Z  INFO rockstream_runtime::client: Received FenceAck for ShardId(13224250654272404656): valid=true
2026-08-23T16:24:55.849511Z  INFO rockstream_runtime::client: Received FenceAck for ShardId(13224250654272404656): valid=true
2026-08-23T16:24:56.063604Z  INFO rockstream_runtime::client: Received FenceAck for ShardId(13224250654272404656): valid=true
2026-08-23T16:24:56.064364Z  INFO rockstream_runtime::client: Received FenceAck for ShardId(13224250654272404656): valid=true
2026-08-23T16:24:56.355319Z  INFO rockstream_runtime::client: Received FenceAck for ShardId(13224250654272404656): valid=true
2026-08-23T16:24:56.355762Z  INFO rockstream_runtime::client: Received FenceAck for ShardId(13224250654272404656): valid=true
2026-08-23T16:24:56.661399Z  INFO rockstream_runtime::client: Received FenceAck for ShardId(13224250654272404656): valid=true
2026-08-23T16:24:56.661846Z  INFO rockstream_runtime::client: Received FenceAck for ShardId(13224250654272404656): valid=true
2026-08-23T16:24:56.966747Z  INFO rockstream_runtime::client: Received FenceAck for ShardId(13224250654272404656): valid=true
2026-08-23T16:24:56.967149Z  INFO rockstream_runtime::client: Received FenceAck for ShardId(13224250654272404656): valid=true
2026-08-23T16:24:57.271594Z  INFO rockstream_runtime::client: Received FenceAck for ShardId(13224250654272404656): valid=true
2026-08-23T16:24:57.271936Z  INFO rockstream_runtime::client: Received FenceAck for ShardId(13224250654272404656): valid=true
2026-08-23T16:24:57.577260Z  INFO rockstream_runtime::client: Received FenceAck for ShardId(13224250654272404656): valid=true
2026-08-23T16:24:57.577600Z  INFO rockstream_runtime::client: Received FenceAck for ShardId(13224250654272404656): valid=true
2026-08-23T16:24:57.781013Z  INFO rockstream_runtime::client: Received FenceAck for ShardId(13224250654272404656): valid=true
2026-08-23T16:24:57.781390Z  INFO rockstream_runtime::client: Received FenceAck for ShardId(13224250654272404656): valid=true
2026-08-23T16:24:58.087023Z  INFO rockstream_runtime::client: Received FenceAck for ShardId(13224250654272404656): valid=true
2026-08-23T16:24:58.087418Z  INFO rockstream_runtime::client: Received FenceAck for ShardId(13224250654272404656): valid=true
2026-08-23T16:24:58.411059Z  INFO rockstream_runtime::client: Received FenceAck for ShardId(13224250654272404656): valid=true
2026-08-23T16:24:58.411570Z  INFO rockstream_runtime::client: Received FenceAck for ShardId(13224250654272404656): valid=true
2026-08-23T16:24:58.609564Z  INFO rockstream_runtime::client: Received FenceAck for ShardId(13224250654272404656): valid=true
2026-08-23T16:24:58.610100Z  INFO rockstream_runtime::client: Received FenceAck for ShardId(13224250654272404656): valid=true
2026-08-23T16:24:58.813377Z  INFO rockstream_runtime::client: Received FenceAck for ShardId(13224250654272404656): valid=true
2026-08-23T16:24:58.814956Z  INFO rockstream_runtime::client: Received FenceAck for ShardId(13224250654272404656): valid=true
2026-08-23T16:24:59.022011Z  INFO rockstream_runtime::client: Received FenceAck for ShardId(13224250654272404656): valid=true
2026-08-23T16:24:59.022381Z  INFO rockstream_runtime::client: Received FenceAck for ShardId(13224250654272404656): valid=true
2026-08-23T16:24:59.232708Z  INFO rockstream_runtime::client: Received FenceAck for ShardId(13224250654272404656): valid=true
2026-08-23T16:24:59.233055Z  INFO rockstream_runtime::client: Received FenceAck for ShardId(13224250654272404656): valid=true
2026-08-23T16:24:59.427120Z  INFO rockstream_runtime::client: Received FenceAck for ShardId(13224250654272404656): valid=true
2026-08-23T16:24:59.429441Z  INFO rockstream_runtime::client: Received FenceAck for ShardId(13224250654272404656): valid=true
2026-08-23T16:24:59.628128Z  INFO rockstream_runtime::client: Received FenceAck for ShardId(13224250654272404656): valid=true
2026-08-23T16:24:59.632742Z  INFO rockstream_runtime::client: Received FenceAck for ShardId(13224250654272404656): valid=true
2026-08-23T16:24:59.928333Z  INFO rockstream_runtime::client: Received FenceAck for ShardId(13224250654272404656): valid=true
2026-08-23T16:24:59.929377Z  INFO rockstream_runtime::client: Received FenceAck for ShardId(13224250654272404656): valid=true
2026-08-23T16:25:00.436278Z  INFO rockstream_runtime::client: Received FenceAck for ShardId(13224250654272404656): valid=true
2026-08-23T16:25:00.436586Z  INFO rockstream_runtime::client: Received FenceAck for ShardId(13224250654272404656): valid=true
2026-08-23T16:25:00.646781Z  INFO rockstream_runtime::client: Received FenceAck for ShardId(13224250654272404656): valid=true
2026-08-23T16:25:00.650020Z  INFO rockstream_runtime::client: Received FenceAck for ShardId(13224250654272404656): valid=true
2026-08-23T16:25:58.032571Z  INFO rockstream_cli: shutdown signal received — stopping daemon
2026-08-23T16:25:58.039768Z  INFO slatedb::retrying_object_store: retrying object store operation [error=JoinError { source: JoinError::Cancelled(Id(2195)) }, duration=100ms]
2026-08-23T16:25:58.063136Z  INFO rockstream: rockstream: node stopped cleanly audit=/var/folders/vq/593qxcm57l90w1dlpywl_7nw0000gn/T/rockstream-r1-local-7DyRM4/worker-1/audit.jsonl bundle=/var/folders/vq/593qxcm57l90w1dlpywl_7nw0000gn/T/rockstream-r1-local-7DyRM4/worker-1/support-bundle-1787502358035.json events=5
