2026-08-23T16:26:02.767819Z  INFO rockstream_cli: metrics server started metrics_addr=127.0.0.1:59660
2026-08-23T16:26:02.768110Z  INFO rockstream_cli: node running in daemon mode — blocking until shutdown signal role=worker
2026-08-23T16:26:02.768762Z  INFO rockstream_runtime::client: Worker client registered successfully as WorkerId(1)
2026-08-23T16:26:02.810051Z  INFO rockstream_runtime::client: Received ShardAssigned lease for ShardId(13224250654272404656)
2026-08-23T16:26:02.810523Z  INFO slatedb::db::builder: opening SlateDB database [path=db, settings={"flush_interval":"100ms","manifest_poll_interval":"1s","manifest_update_timeout":"300s","min_filter_keys":1000,"l0_sst_size_bytes":67108864,"max_wal_flushes_before_l0_flush":4096,"l0_max_ssts":8,"l0_max_ssts_per_key":8,"l0_flush_parallelism":4,"max_unflushed_bytes":1073741824,"compactor_options":{"poll_interval":"5s","manifest_update_timeout":"300s","max_sst_size":268435456,"max_concurrent_compactions":4,"max_fetch_tasks":4,"scheduler_options":{}},"compression_codec":null,"object_store_cache_options":{"root_folder":null,"max_cache_size_bytes":17179869184,"part_size_bytes":4194304,"cache_puts":false,"preload_disk_cache_on_startup":null,"scan_interval":"3600s","max_open_file_handles":1000},"garbage_collector_options":{"manifest_options":{"interval":"60s","min_age":"300s"},"wal_options":{"interval":"60s","min_age":"300s"},"compacted_options":{"interval":"60s","min_age":"300s"},"compactions_options":{"interval":"60s","min_age":"300s"},"detach_options":{"interval":"60s"}},"default_ttl":null}]
2026-08-23T16:26:02.813250Z  INFO slatedb::compactor_state_protocols: creating new compactions file [compactor_epoch=0]
2026-08-23T16:26:02.817547Z  INFO slatedb::db::builder: opening SlateDB database [path=db, settings={"flush_interval":"100ms","manifest_poll_interval":"1s","manifest_update_timeout":"300s","min_filter_keys":1000,"l0_sst_size_bytes":67108864,"max_wal_flushes_before_l0_flush":4096,"l0_max_ssts":8,"l0_max_ssts_per_key":8,"l0_flush_parallelism":4,"max_unflushed_bytes":1073741824,"compactor_options":{"poll_interval":"5s","manifest_update_timeout":"300s","max_sst_size":268435456,"max_concurrent_compactions":4,"max_fetch_tasks":4,"scheduler_options":{}},"compression_codec":null,"object_store_cache_options":{"root_folder":null,"max_cache_size_bytes":17179869184,"part_size_bytes":4194304,"cache_puts":false,"preload_disk_cache_on_startup":null,"scan_interval":"3600s","max_open_file_handles":1000},"garbage_collector_options":{"manifest_options":{"interval":"60s","min_age":"300s"},"wal_options":{"interval":"60s","min_age":"300s"},"compacted_options":{"interval":"60s","min_age":"300s"},"compactions_options":{"interval":"60s","min_age":"300s"},"detach_options":{"interval":"60s"}},"default_ttl":null}]
2026-08-23T16:26:02.820075Z  INFO slatedb::compactor_state_protocols: creating new compactions file [compactor_epoch=0]
2026-08-23T16:26:02.825812Z  INFO slatedb::garbage_collector: garbage collector shutdown
2026-08-23T16:26:02.825846Z  INFO slatedb::db: db closed
2026-08-23T16:26:03.006056Z  INFO rockstream_runtime::client: Received FenceAck for ShardId(13224250654272404656): valid=true
2026-08-23T16:26:03.006664Z  INFO rockstream_runtime::client: Received FenceAck for ShardId(13224250654272404656): valid=true
2026-08-23T16:26:03.213886Z  INFO rockstream_runtime::client: Received FenceAck for ShardId(13224250654272404656): valid=true
2026-08-23T16:26:03.215039Z  INFO rockstream_runtime::client: Received FenceAck for ShardId(13224250654272404656): valid=true
2026-08-23T16:26:03.418143Z  INFO rockstream_runtime::client: Received FenceAck for ShardId(13224250654272404656): valid=true
2026-08-23T16:26:03.419517Z  INFO rockstream_runtime::client: Received FenceAck for ShardId(13224250654272404656): valid=true
2026-08-23T16:26:03.623719Z  INFO rockstream_runtime::client: Received FenceAck for ShardId(13224250654272404656): valid=true
2026-08-23T16:26:03.625520Z  INFO rockstream_runtime::client: Received FenceAck for ShardId(13224250654272404656): valid=true
2026-08-23T16:26:03.821526Z  INFO rockstream_runtime::client: Received FenceAck for ShardId(13224250654272404656): valid=true
2026-08-23T16:26:03.822012Z  INFO rockstream_runtime::client: Received FenceAck for ShardId(13224250654272404656): valid=true
2026-08-23T16:26:04.026780Z  INFO rockstream_runtime::client: Received FenceAck for ShardId(13224250654272404656): valid=true
2026-08-23T16:26:04.027448Z  INFO rockstream_runtime::client: Received FenceAck for ShardId(13224250654272404656): valid=true
2026-08-23T16:26:04.250378Z  INFO rockstream_runtime::client: Received FenceAck for ShardId(13224250654272404656): valid=true
2026-08-23T16:26:04.251984Z  INFO rockstream_runtime::client: Received FenceAck for ShardId(13224250654272404656): valid=true
2026-08-23T16:26:04.553553Z  INFO rockstream_runtime::client: Received FenceAck for ShardId(13224250654272404656): valid=true
2026-08-23T16:26:04.554093Z  INFO rockstream_runtime::client: Received FenceAck for ShardId(13224250654272404656): valid=true
2026-08-23T16:26:04.857799Z  INFO rockstream_runtime::client: Received FenceAck for ShardId(13224250654272404656): valid=true
2026-08-23T16:26:04.858143Z  INFO rockstream_runtime::client: Received FenceAck for ShardId(13224250654272404656): valid=true
2026-08-23T16:26:05.167223Z  INFO rockstream_runtime::client: Received FenceAck for ShardId(13224250654272404656): valid=true
2026-08-23T16:26:05.168150Z  INFO rockstream_runtime::client: Received FenceAck for ShardId(13224250654272404656): valid=true
2026-08-23T16:26:05.475028Z  INFO rockstream_runtime::client: Received FenceAck for ShardId(13224250654272404656): valid=true
2026-08-23T16:26:05.476779Z  INFO rockstream_runtime::client: Received FenceAck for ShardId(13224250654272404656): valid=true
2026-08-23T16:26:05.775727Z  INFO rockstream_runtime::client: Received FenceAck for ShardId(13224250654272404656): valid=true
2026-08-23T16:26:05.776168Z  INFO rockstream_runtime::client: Received FenceAck for ShardId(13224250654272404656): valid=true
2026-08-23T16:26:06.078266Z  INFO rockstream_runtime::client: Received FenceAck for ShardId(13224250654272404656): valid=true
2026-08-23T16:26:06.078617Z  INFO rockstream_runtime::client: Received FenceAck for ShardId(13224250654272404656): valid=true
2026-08-23T16:26:06.282370Z  INFO rockstream_runtime::client: Received FenceAck for ShardId(13224250654272404656): valid=true
2026-08-23T16:26:06.282659Z  INFO rockstream_runtime::client: Received FenceAck for ShardId(13224250654272404656): valid=true
2026-08-23T16:26:06.486023Z  INFO rockstream_runtime::client: Received FenceAck for ShardId(13224250654272404656): valid=true
2026-08-23T16:26:06.486762Z  INFO rockstream_runtime::client: Received FenceAck for ShardId(13224250654272404656): valid=true
2026-08-23T16:26:06.688897Z  INFO rockstream_runtime::client: Received FenceAck for ShardId(13224250654272404656): valid=true
2026-08-23T16:26:06.689254Z  INFO rockstream_runtime::client: Received FenceAck for ShardId(13224250654272404656): valid=true
2026-08-23T16:26:06.897485Z  INFO rockstream_runtime::client: Received FenceAck for ShardId(13224250654272404656): valid=true
2026-08-23T16:26:06.898302Z  INFO rockstream_runtime::client: Received FenceAck for ShardId(13224250654272404656): valid=true
2026-08-23T16:26:07.208022Z  INFO rockstream_runtime::client: Received FenceAck for ShardId(13224250654272404656): valid=true
2026-08-23T16:26:07.209542Z  INFO rockstream_runtime::client: Received FenceAck for ShardId(13224250654272404656): valid=true
2026-08-23T16:26:07.514804Z  INFO rockstream_runtime::client: Received FenceAck for ShardId(13224250654272404656): valid=true
2026-08-23T16:26:07.515894Z  INFO rockstream_runtime::client: Received FenceAck for ShardId(13224250654272404656): valid=true
2026-08-23T16:26:07.714367Z  INFO rockstream_runtime::client: Received FenceAck for ShardId(13224250654272404656): valid=true
2026-08-23T16:26:07.714659Z  INFO rockstream_runtime::client: Received FenceAck for ShardId(13224250654272404656): valid=true
2026-08-23T16:26:08.023336Z  INFO rockstream_runtime::client: Received FenceAck for ShardId(13224250654272404656): valid=true
2026-08-23T16:26:08.023997Z  INFO rockstream_runtime::client: Received FenceAck for ShardId(13224250654272404656): valid=true
2026-08-23T16:26:08.231501Z  INFO rockstream_runtime::client: Received FenceAck for ShardId(13224250654272404656): valid=true
2026-08-23T16:26:08.232175Z  INFO rockstream_runtime::client: Received FenceAck for ShardId(13224250654272404656): valid=true
2026-08-23T16:26:08.436027Z  INFO rockstream_runtime::client: Received FenceAck for ShardId(13224250654272404656): valid=true
2026-08-23T16:26:08.436825Z  INFO rockstream_runtime::client: Received FenceAck for ShardId(13224250654272404656): valid=true
2026-08-23T16:26:08.640817Z  INFO rockstream_runtime::client: Received FenceAck for ShardId(13224250654272404656): valid=true
2026-08-23T16:26:08.641447Z  INFO rockstream_runtime::client: Received FenceAck for ShardId(13224250654272404656): valid=true
2026-08-23T16:26:08.843770Z  INFO rockstream_runtime::client: Received FenceAck for ShardId(13224250654272404656): valid=true
2026-08-23T16:26:08.844693Z  INFO rockstream_runtime::client: Received FenceAck for ShardId(13224250654272404656): valid=true
2026-08-23T16:26:09.048118Z  INFO rockstream_runtime::client: Received FenceAck for ShardId(13224250654272404656): valid=true
2026-08-23T16:26:09.048784Z  INFO rockstream_runtime::client: Received FenceAck for ShardId(13224250654272404656): valid=true
2026-08-23T16:26:09.250583Z  INFO rockstream_runtime::client: Received FenceAck for ShardId(13224250654272404656): valid=true
2026-08-23T16:26:09.251882Z  INFO rockstream_runtime::client: Received FenceAck for ShardId(13224250654272404656): valid=true
2026-08-23T16:26:09.454403Z  INFO rockstream_runtime::client: Received FenceAck for ShardId(13224250654272404656): valid=true
2026-08-23T16:26:09.455085Z  INFO rockstream_runtime::client: Received FenceAck for ShardId(13224250654272404656): valid=true
2026-08-23T16:26:09.656358Z  INFO rockstream_runtime::client: Received FenceAck for ShardId(13224250654272404656): valid=true
2026-08-23T16:26:09.656779Z  INFO rockstream_runtime::client: Received FenceAck for ShardId(13224250654272404656): valid=true
2026-08-23T16:26:09.860605Z  INFO rockstream_runtime::client: Received FenceAck for ShardId(13224250654272404656): valid=true
2026-08-23T16:26:09.861881Z  INFO rockstream_runtime::client: Received FenceAck for ShardId(13224250654272404656): valid=true
2026-08-23T16:26:10.064688Z  INFO rockstream_runtime::client: Received FenceAck for ShardId(13224250654272404656): valid=true
2026-08-23T16:26:10.065363Z  INFO rockstream_runtime::client: Received FenceAck for ShardId(13224250654272404656): valid=true
2026-08-23T16:26:10.268701Z  INFO rockstream_runtime::client: Received FenceAck for ShardId(13224250654272404656): valid=true
2026-08-23T16:26:10.269387Z  INFO rockstream_runtime::client: Received FenceAck for ShardId(13224250654272404656): valid=true
2026-08-23T16:26:10.471697Z  INFO rockstream_runtime::client: Received FenceAck for ShardId(13224250654272404656): valid=true
2026-08-23T16:26:10.472387Z  INFO rockstream_runtime::client: Received FenceAck for ShardId(13224250654272404656): valid=true
2026-08-23T16:26:10.675297Z  INFO rockstream_runtime::client: Received FenceAck for ShardId(13224250654272404656): valid=true
2026-08-23T16:26:10.675946Z  INFO rockstream_runtime::client: Received FenceAck for ShardId(13224250654272404656): valid=true
2026-08-23T16:26:10.881329Z  INFO rockstream_runtime::client: Received FenceAck for ShardId(13224250654272404656): valid=true
2026-08-23T16:26:10.882068Z  INFO rockstream_runtime::client: Received FenceAck for ShardId(13224250654272404656): valid=true
2026-08-23T16:26:11.083914Z  INFO rockstream_runtime::client: Received FenceAck for ShardId(13224250654272404656): valid=true
2026-08-23T16:26:11.084750Z  INFO rockstream_runtime::client: Received FenceAck for ShardId(13224250654272404656): valid=true
2026-08-23T16:26:11.286138Z  INFO rockstream_runtime::client: Received FenceAck for ShardId(13224250654272404656): valid=true
2026-08-23T16:26:11.286862Z  INFO rockstream_runtime::client: Received FenceAck for ShardId(13224250654272404656): valid=true
2026-08-23T16:26:11.490002Z  INFO rockstream_runtime::client: Received FenceAck for ShardId(13224250654272404656): valid=true
2026-08-23T16:26:11.490664Z  INFO rockstream_runtime::client: Received FenceAck for ShardId(13224250654272404656): valid=true
2026-08-23T16:26:11.693392Z  INFO rockstream_runtime::client: Received FenceAck for ShardId(13224250654272404656): valid=true
2026-08-23T16:26:11.694079Z  INFO rockstream_runtime::client: Received FenceAck for ShardId(13224250654272404656): valid=true
2026-08-23T16:26:11.895340Z  INFO rockstream_runtime::client: Received FenceAck for ShardId(13224250654272404656): valid=true
2026-08-23T16:26:11.896123Z  INFO rockstream_runtime::client: Received FenceAck for ShardId(13224250654272404656): valid=true
2026-08-23T16:26:12.098782Z  INFO rockstream_runtime::client: Received FenceAck for ShardId(13224250654272404656): valid=true
2026-08-23T16:26:12.099409Z  INFO rockstream_runtime::client: Received FenceAck for ShardId(13224250654272404656): valid=true
2026-08-23T16:26:12.303969Z  INFO rockstream_runtime::client: Received FenceAck for ShardId(13224250654272404656): valid=true
2026-08-23T16:26:12.304645Z  INFO rockstream_runtime::client: Received FenceAck for ShardId(13224250654272404656): valid=true
2026-08-23T16:26:12.510097Z  INFO rockstream_runtime::client: Received FenceAck for ShardId(13224250654272404656): valid=true
2026-08-23T16:26:12.510738Z  INFO rockstream_runtime::client: Received FenceAck for ShardId(13224250654272404656): valid=true
2026-08-23T16:26:12.711042Z  INFO rockstream_runtime::client: Received FenceAck for ShardId(13224250654272404656): valid=true
2026-08-23T16:26:12.711698Z  INFO rockstream_runtime::client: Received FenceAck for ShardId(13224250654272404656): valid=true
2026-08-23T16:26:12.916862Z  INFO rockstream_runtime::client: Received FenceAck for ShardId(13224250654272404656): valid=true
2026-08-23T16:26:12.917468Z  INFO rockstream_runtime::client: Received FenceAck for ShardId(13224250654272404656): valid=true
2026-08-23T16:26:13.119787Z  INFO rockstream_runtime::client: Received FenceAck for ShardId(13224250654272404656): valid=true
2026-08-23T16:26:13.120407Z  INFO rockstream_runtime::client: Received FenceAck for ShardId(13224250654272404656): valid=true
2026-08-23T16:26:13.325524Z  INFO rockstream_runtime::client: Received FenceAck for ShardId(13224250654272404656): valid=true
2026-08-23T16:26:13.326255Z  INFO rockstream_runtime::client: Received FenceAck for ShardId(13224250654272404656): valid=true
2026-08-23T16:26:13.529952Z  INFO rockstream_runtime::client: Received FenceAck for ShardId(13224250654272404656): valid=true
2026-08-23T16:26:13.530368Z  INFO rockstream_runtime::client: Received FenceAck for ShardId(13224250654272404656): valid=true
2026-08-23T16:26:13.730617Z  INFO rockstream_runtime::client: Received FenceAck for ShardId(13224250654272404656): valid=true
2026-08-23T16:26:13.731314Z  INFO rockstream_runtime::client: Received FenceAck for ShardId(13224250654272404656): valid=true
2026-08-23T16:26:13.934184Z  INFO rockstream_runtime::client: Received FenceAck for ShardId(13224250654272404656): valid=true
2026-08-23T16:26:13.934835Z  INFO rockstream_runtime::client: Received FenceAck for ShardId(13224250654272404656): valid=true
2026-08-23T16:26:14.240786Z  INFO rockstream_runtime::client: Received FenceAck for ShardId(13224250654272404656): valid=true
2026-08-23T16:26:14.241454Z  INFO rockstream_runtime::client: Received FenceAck for ShardId(13224250654272404656): valid=true
2026-08-23T16:26:14.443227Z  INFO rockstream_runtime::client: Received FenceAck for ShardId(13224250654272404656): valid=true
2026-08-23T16:26:14.444310Z  INFO rockstream_runtime::client: Received FenceAck for ShardId(13224250654272404656): valid=true
2026-08-23T16:26:14.651361Z  INFO rockstream_runtime::client: Received FenceAck for ShardId(13224250654272404656): valid=true
2026-08-23T16:26:14.652037Z  INFO rockstream_runtime::client: Received FenceAck for ShardId(13224250654272404656): valid=true
2026-08-23T16:26:14.849188Z  INFO rockstream_runtime::client: Received FenceAck for ShardId(13224250654272404656): valid=true
2026-08-23T16:26:14.849865Z  INFO rockstream_runtime::client: Received FenceAck for ShardId(13224250654272404656): valid=true
2026-08-23T16:26:15.053117Z  INFO rockstream_runtime::client: Received FenceAck for ShardId(13224250654272404656): valid=true
2026-08-23T16:26:15.053781Z  INFO rockstream_runtime::client: Received FenceAck for ShardId(13224250654272404656): valid=true
2026-08-23T16:26:15.259721Z  INFO rockstream_runtime::client: Received FenceAck for ShardId(13224250654272404656): valid=true
2026-08-23T16:26:15.260418Z  INFO rockstream_runtime::client: Received FenceAck for ShardId(13224250654272404656): valid=true
2026-08-23T16:26:15.466826Z  INFO rockstream_runtime::client: Received FenceAck for ShardId(13224250654272404656): valid=true
2026-08-23T16:26:15.467523Z  INFO rockstream_runtime::client: Received FenceAck for ShardId(13224250654272404656): valid=true
2026-08-23T16:26:15.669107Z  INFO rockstream_runtime::client: Received FenceAck for ShardId(13224250654272404656): valid=true
2026-08-23T16:26:15.670200Z  INFO rockstream_runtime::client: Received FenceAck for ShardId(13224250654272404656): valid=true
2026-08-23T16:26:15.871685Z  INFO rockstream_runtime::client: Received FenceAck for ShardId(13224250654272404656): valid=true
2026-08-23T16:26:15.872006Z  INFO rockstream_runtime::client: Received FenceAck for ShardId(13224250654272404656): valid=true
2026-08-23T16:26:16.077282Z  INFO rockstream_runtime::client: Received FenceAck for ShardId(13224250654272404656): valid=true
2026-08-23T16:26:16.078000Z  INFO rockstream_runtime::client: Received FenceAck for ShardId(13224250654272404656): valid=true
2026-08-23T16:26:16.282003Z  INFO rockstream_runtime::client: Received FenceAck for ShardId(13224250654272404656): valid=true
2026-08-23T16:26:16.283369Z  INFO rockstream_runtime::client: Received FenceAck for ShardId(13224250654272404656): valid=true
2026-08-23T16:26:16.482138Z  INFO rockstream_runtime::client: Received FenceAck for ShardId(13224250654272404656): valid=true
2026-08-23T16:26:16.482937Z  INFO rockstream_runtime::client: Received FenceAck for ShardId(13224250654272404656): valid=true
2026-08-23T16:26:16.685429Z  INFO rockstream_runtime::client: Received FenceAck for ShardId(13224250654272404656): valid=true
2026-08-23T16:26:16.686565Z  INFO rockstream_runtime::client: Received FenceAck for ShardId(13224250654272404656): valid=true
2026-08-23T16:26:16.889581Z  INFO rockstream_runtime::client: Received FenceAck for ShardId(13224250654272404656): valid=true
2026-08-23T16:26:16.890243Z  INFO rockstream_runtime::client: Received FenceAck for ShardId(13224250654272404656): valid=true
2026-08-23T16:26:17.092626Z  INFO rockstream_runtime::client: Received FenceAck for ShardId(13224250654272404656): valid=true
2026-08-23T16:26:17.093328Z  INFO rockstream_runtime::client: Received FenceAck for ShardId(13224250654272404656): valid=true
2026-08-23T16:26:17.296274Z  INFO rockstream_runtime::client: Received FenceAck for ShardId(13224250654272404656): valid=true
2026-08-23T16:26:17.296983Z  INFO rockstream_runtime::client: Received FenceAck for ShardId(13224250654272404656): valid=true
2026-08-23T16:26:17.499311Z  INFO rockstream_runtime::client: Received FenceAck for ShardId(13224250654272404656): valid=true
2026-08-23T16:26:17.500254Z  INFO rockstream_runtime::client: Received FenceAck for ShardId(13224250654272404656): valid=true
2026-08-23T16:26:17.704490Z  INFO rockstream_runtime::client: Received FenceAck for ShardId(13224250654272404656): valid=true
2026-08-23T16:26:17.705310Z  INFO rockstream_runtime::client: Received FenceAck for ShardId(13224250654272404656): valid=true
2026-08-23T16:26:17.907175Z  INFO rockstream_runtime::client: Received FenceAck for ShardId(13224250654272404656): valid=true
2026-08-23T16:26:17.907897Z  INFO rockstream_runtime::client: Received FenceAck for ShardId(13224250654272404656): valid=true
2026-08-23T16:26:18.112232Z  INFO rockstream_runtime::client: Received FenceAck for ShardId(13224250654272404656): valid=true
2026-08-23T16:26:18.112933Z  INFO rockstream_runtime::client: Received FenceAck for ShardId(13224250654272404656): valid=true
2026-08-23T16:26:18.313995Z  INFO rockstream_runtime::client: Received FenceAck for ShardId(13224250654272404656): valid=true
2026-08-23T16:26:18.314690Z  INFO rockstream_runtime::client: Received FenceAck for ShardId(13224250654272404656): valid=true
2026-08-23T16:26:18.518575Z  INFO rockstream_runtime::client: Received FenceAck for ShardId(13224250654272404656): valid=true
2026-08-23T16:26:18.519269Z  INFO rockstream_runtime::client: Received FenceAck for ShardId(13224250654272404656): valid=true
2026-08-23T16:26:18.722720Z  INFO rockstream_runtime::client: Received FenceAck for ShardId(13224250654272404656): valid=true
2026-08-23T16:26:18.723378Z  INFO rockstream_runtime::client: Received FenceAck for ShardId(13224250654272404656): valid=true
2026-08-23T16:26:18.925904Z  INFO rockstream_runtime::client: Received FenceAck for ShardId(13224250654272404656): valid=true
2026-08-23T16:26:18.926589Z  INFO rockstream_runtime::client: Received FenceAck for ShardId(13224250654272404656): valid=true
2026-08-23T16:26:19.131784Z  INFO rockstream_runtime::client: Received FenceAck for ShardId(13224250654272404656): valid=true
2026-08-23T16:26:19.132452Z  INFO rockstream_runtime::client: Received FenceAck for ShardId(13224250654272404656): valid=true
2026-08-23T16:26:19.334768Z  INFO rockstream_runtime::client: Received FenceAck for ShardId(13224250654272404656): valid=true
2026-08-23T16:26:19.336320Z  INFO rockstream_runtime::client: Received FenceAck for ShardId(13224250654272404656): valid=true
2026-08-23T16:26:19.538928Z  INFO rockstream_runtime::client: Received FenceAck for ShardId(13224250654272404656): valid=true
2026-08-23T16:26:19.539582Z  INFO rockstream_runtime::client: Received FenceAck for ShardId(13224250654272404656): valid=true
2026-08-23T16:26:19.741640Z  INFO rockstream_runtime::client: Received FenceAck for ShardId(13224250654272404656): valid=true
2026-08-23T16:26:19.742324Z  INFO rockstream_runtime::client: Received FenceAck for ShardId(13224250654272404656): valid=true
2026-08-23T16:26:19.944854Z  INFO rockstream_runtime::client: Received FenceAck for ShardId(13224250654272404656): valid=true
2026-08-23T16:26:19.946131Z  INFO rockstream_runtime::client: Received FenceAck for ShardId(13224250654272404656): valid=true
2026-08-23T16:26:20.147943Z  INFO rockstream_runtime::client: Received FenceAck for ShardId(13224250654272404656): valid=true
2026-08-23T16:26:20.148676Z  INFO rockstream_runtime::client: Received FenceAck for ShardId(13224250654272404656): valid=true
2026-08-23T16:26:20.351630Z  INFO rockstream_runtime::client: Received FenceAck for ShardId(13224250654272404656): valid=true
2026-08-23T16:26:20.352322Z  INFO rockstream_runtime::client: Received FenceAck for ShardId(13224250654272404656): valid=true
2026-08-23T16:26:20.553297Z  INFO rockstream_runtime::client: Received FenceAck for ShardId(13224250654272404656): valid=true
2026-08-23T16:26:20.553639Z  INFO rockstream_runtime::client: Received FenceAck for ShardId(13224250654272404656): valid=true
2026-08-23T16:26:20.757935Z  INFO rockstream_runtime::client: Received FenceAck for ShardId(13224250654272404656): valid=true
2026-08-23T16:26:20.758268Z  INFO rockstream_runtime::client: Received FenceAck for ShardId(13224250654272404656): valid=true
2026-08-23T16:26:20.961038Z  INFO rockstream_runtime::client: Received FenceAck for ShardId(13224250654272404656): valid=true
2026-08-23T16:26:20.961387Z  INFO rockstream_runtime::client: Received FenceAck for ShardId(13224250654272404656): valid=true
2026-08-23T16:26:21.163565Z  INFO rockstream_runtime::client: Received FenceAck for ShardId(13224250654272404656): valid=true
2026-08-23T16:26:21.164202Z  INFO rockstream_runtime::client: Received FenceAck for ShardId(13224250654272404656): valid=true
2026-08-23T16:26:21.367964Z  INFO rockstream_runtime::client: Received FenceAck for ShardId(13224250654272404656): valid=true
2026-08-23T16:26:21.368332Z  INFO rockstream_runtime::client: Received FenceAck for ShardId(13224250654272404656): valid=true
2026-08-23T16:26:21.570745Z  INFO rockstream_runtime::client: Received FenceAck for ShardId(13224250654272404656): valid=true
2026-08-23T16:26:21.571062Z  INFO rockstream_runtime::client: Received FenceAck for ShardId(13224250654272404656): valid=true
2026-08-23T16:26:21.775511Z  INFO rockstream_runtime::client: Received FenceAck for ShardId(13224250654272404656): valid=true
2026-08-23T16:26:21.776256Z  INFO rockstream_runtime::client: Received FenceAck for ShardId(13224250654272404656): valid=true
2026-08-23T16:26:21.978138Z  INFO rockstream_runtime::client: Received FenceAck for ShardId(13224250654272404656): valid=true
2026-08-23T16:26:21.978529Z  INFO rockstream_runtime::client: Received FenceAck for ShardId(13224250654272404656): valid=true
2026-08-23T16:26:22.180200Z  INFO rockstream_runtime::client: Received FenceAck for ShardId(13224250654272404656): valid=true
2026-08-23T16:26:22.180504Z  INFO rockstream_runtime::client: Received FenceAck for ShardId(13224250654272404656): valid=true
2026-08-23T16:26:22.382607Z  INFO rockstream_runtime::client: Received FenceAck for ShardId(13224250654272404656): valid=true
2026-08-23T16:26:22.382921Z  INFO rockstream_runtime::client: Received FenceAck for ShardId(13224250654272404656): valid=true
2026-08-23T16:26:22.585701Z  INFO rockstream_runtime::client: Received FenceAck for ShardId(13224250654272404656): valid=true
2026-08-23T16:26:22.586064Z  INFO rockstream_runtime::client: Received FenceAck for ShardId(13224250654272404656): valid=true
2026-08-23T16:26:22.787953Z  INFO rockstream_runtime::client: Received FenceAck for ShardId(13224250654272404656): valid=true
2026-08-23T16:26:22.788299Z  INFO rockstream_runtime::client: Received FenceAck for ShardId(13224250654272404656): valid=true
2026-08-23T16:26:22.990494Z  INFO rockstream_runtime::client: Received FenceAck for ShardId(13224250654272404656): valid=true
2026-08-23T16:26:22.990797Z  INFO rockstream_runtime::client: Received FenceAck for ShardId(13224250654272404656): valid=true
2026-08-23T16:26:23.193693Z  INFO rockstream_runtime::client: Received FenceAck for ShardId(13224250654272404656): valid=true
2026-08-23T16:26:23.194025Z  INFO rockstream_runtime::client: Received FenceAck for ShardId(13224250654272404656): valid=true
2026-08-23T16:26:23.399632Z  INFO rockstream_runtime::client: Received FenceAck for ShardId(13224250654272404656): valid=true
2026-08-23T16:26:23.399946Z  INFO rockstream_runtime::client: Received FenceAck for ShardId(13224250654272404656): valid=true
2026-08-23T16:26:23.603314Z  INFO rockstream_runtime::client: Received FenceAck for ShardId(13224250654272404656): valid=true
2026-08-23T16:26:23.603706Z  INFO rockstream_runtime::client: Received FenceAck for ShardId(13224250654272404656): valid=true
2026-08-23T16:26:23.806929Z  INFO rockstream_runtime::client: Received FenceAck for ShardId(13224250654272404656): valid=true
2026-08-23T16:26:23.807310Z  INFO rockstream_runtime::client: Received FenceAck for ShardId(13224250654272404656): valid=true
2026-08-23T16:26:24.010467Z  INFO rockstream_runtime::client: Received FenceAck for ShardId(13224250654272404656): valid=true
2026-08-23T16:26:24.010856Z  INFO rockstream_runtime::client: Received FenceAck for ShardId(13224250654272404656): valid=true
2026-08-23T16:26:24.213089Z  INFO rockstream_runtime::client: Received FenceAck for ShardId(13224250654272404656): valid=true
2026-08-23T16:26:24.213384Z  INFO rockstream_runtime::client: Received FenceAck for ShardId(13224250654272404656): valid=true
2026-08-23T16:26:24.417335Z  INFO rockstream_runtime::client: Received FenceAck for ShardId(13224250654272404656): valid=true
2026-08-23T16:26:24.417686Z  INFO rockstream_runtime::client: Received FenceAck for ShardId(13224250654272404656): valid=true
2026-08-23T16:26:24.722013Z  INFO rockstream_runtime::client: Received FenceAck for ShardId(13224250654272404656): valid=true
2026-08-23T16:26:24.722439Z  INFO rockstream_runtime::client: Received FenceAck for ShardId(13224250654272404656): valid=true
2026-08-23T16:26:24.924674Z  INFO rockstream_runtime::client: Received FenceAck for ShardId(13224250654272404656): valid=true
2026-08-23T16:26:24.924996Z  INFO rockstream_runtime::client: Received FenceAck for ShardId(13224250654272404656): valid=true
2026-08-23T16:26:25.128187Z  INFO rockstream_runtime::client: Received FenceAck for ShardId(13224250654272404656): valid=true
2026-08-23T16:26:25.128492Z  INFO rockstream_runtime::client: Received FenceAck for ShardId(13224250654272404656): valid=true
2026-08-23T16:26:25.330150Z  INFO rockstream_runtime::client: Received FenceAck for ShardId(13224250654272404656): valid=true
2026-08-23T16:26:25.330440Z  INFO rockstream_runtime::client: Received FenceAck for ShardId(13224250654272404656): valid=true
2026-08-23T16:26:25.534897Z  INFO rockstream_runtime::client: Received FenceAck for ShardId(13224250654272404656): valid=true
2026-08-23T16:26:25.535176Z  INFO rockstream_runtime::client: Received FenceAck for ShardId(13224250654272404656): valid=true
2026-08-23T16:26:25.738466Z  INFO rockstream_runtime::client: Received FenceAck for ShardId(13224250654272404656): valid=true
2026-08-23T16:26:25.738805Z  INFO rockstream_runtime::client: Received FenceAck for ShardId(13224250654272404656): valid=true
2026-08-23T16:26:25.941047Z  INFO rockstream_runtime::client: Received FenceAck for ShardId(13224250654272404656): valid=true
2026-08-23T16:26:25.941367Z  INFO rockstream_runtime::client: Received FenceAck for ShardId(13224250654272404656): valid=true
2026-08-23T16:26:26.249311Z  INFO rockstream_runtime::client: Received FenceAck for ShardId(13224250654272404656): valid=true
2026-08-23T16:26:26.250015Z  INFO rockstream_runtime::client: Received FenceAck for ShardId(13224250654272404656): valid=true
2026-08-23T16:26:26.551316Z  INFO rockstream_runtime::client: Received FenceAck for ShardId(13224250654272404656): valid=true
2026-08-23T16:26:26.551641Z  INFO rockstream_runtime::client: Received FenceAck for ShardId(13224250654272404656): valid=true
2026-08-23T16:26:26.755363Z  INFO rockstream_runtime::client: Received FenceAck for ShardId(13224250654272404656): valid=true
2026-08-23T16:26:26.755718Z  INFO rockstream_runtime::client: Received FenceAck for ShardId(13224250654272404656): valid=true
2026-08-23T16:26:27.062869Z  INFO rockstream_runtime::client: Received FenceAck for ShardId(13224250654272404656): valid=true
2026-08-23T16:26:27.063193Z  INFO rockstream_runtime::client: Received FenceAck for ShardId(13224250654272404656): valid=true
2026-08-23T16:26:27.265454Z  INFO rockstream_runtime::client: Received FenceAck for ShardId(13224250654272404656): valid=true
2026-08-23T16:26:27.265761Z  INFO rockstream_runtime::client: Received FenceAck for ShardId(13224250654272404656): valid=true
2026-08-23T16:26:27.572984Z  INFO rockstream_runtime::client: Received FenceAck for ShardId(13224250654272404656): valid=true
2026-08-23T16:26:27.573330Z  INFO rockstream_runtime::client: Received FenceAck for ShardId(13224250654272404656): valid=true
2026-08-23T16:26:27.773687Z  INFO rockstream_runtime::client: Received FenceAck for ShardId(13224250654272404656): valid=true
2026-08-23T16:26:27.774071Z  INFO rockstream_runtime::client: Received FenceAck for ShardId(13224250654272404656): valid=true
2026-08-23T16:26:27.977661Z  INFO rockstream_runtime::client: Received FenceAck for ShardId(13224250654272404656): valid=true
2026-08-23T16:26:27.978039Z  INFO rockstream_runtime::client: Received FenceAck for ShardId(13224250654272404656): valid=true
2026-08-23T16:26:28.282499Z  INFO rockstream_runtime::client: Received FenceAck for ShardId(13224250654272404656): valid=true
2026-08-23T16:26:28.282826Z  INFO rockstream_runtime::client: Received FenceAck for ShardId(13224250654272404656): valid=true
2026-08-23T16:26:28.589356Z  INFO rockstream_runtime::client: Received FenceAck for ShardId(13224250654272404656): valid=true
2026-08-23T16:26:28.589694Z  INFO rockstream_runtime::client: Received FenceAck for ShardId(13224250654272404656): valid=true
2026-08-23T16:26:28.791565Z  INFO rockstream_runtime::client: Received FenceAck for ShardId(13224250654272404656): valid=true
2026-08-23T16:26:28.791878Z  INFO rockstream_runtime::client: Received FenceAck for ShardId(13224250654272404656): valid=true
2026-08-23T16:26:28.995034Z  INFO rockstream_runtime::client: Received FenceAck for ShardId(13224250654272404656): valid=true
2026-08-23T16:26:28.995382Z  INFO rockstream_runtime::client: Received FenceAck for ShardId(13224250654272404656): valid=true
2026-08-23T16:26:29.199070Z  INFO rockstream_runtime::client: Received FenceAck for ShardId(13224250654272404656): valid=true
2026-08-23T16:26:29.199387Z  INFO rockstream_runtime::client: Received FenceAck for ShardId(13224250654272404656): valid=true
2026-08-23T16:26:29.507740Z  INFO rockstream_runtime::client: Received FenceAck for ShardId(13224250654272404656): valid=true
2026-08-23T16:26:29.508353Z  INFO rockstream_runtime::client: Received FenceAck for ShardId(13224250654272404656): valid=true
2026-08-23T16:26:29.710218Z  INFO rockstream_runtime::client: Received FenceAck for ShardId(13224250654272404656): valid=true
2026-08-23T16:26:29.710557Z  INFO rockstream_runtime::client: Received FenceAck for ShardId(13224250654272404656): valid=true
2026-08-23T16:26:29.913963Z  INFO rockstream_runtime::client: Received FenceAck for ShardId(13224250654272404656): valid=true
2026-08-23T16:26:29.914272Z  INFO rockstream_runtime::client: Received FenceAck for ShardId(13224250654272404656): valid=true
2026-08-23T16:26:30.221467Z  INFO rockstream_runtime::client: Received FenceAck for ShardId(13224250654272404656): valid=true
2026-08-23T16:26:30.221842Z  INFO rockstream_runtime::client: Received FenceAck for ShardId(13224250654272404656): valid=true
2026-08-23T16:26:30.525671Z  INFO rockstream_runtime::client: Received FenceAck for ShardId(13224250654272404656): valid=true
2026-08-23T16:26:30.526043Z  INFO rockstream_runtime::client: Received FenceAck for ShardId(13224250654272404656): valid=true
2026-08-23T16:26:30.827880Z  INFO rockstream_runtime::client: Received FenceAck for ShardId(13224250654272404656): valid=true
2026-08-23T16:26:30.828218Z  INFO rockstream_runtime::client: Received FenceAck for ShardId(13224250654272404656): valid=true
2026-08-23T16:26:31.135955Z  INFO rockstream_runtime::client: Received FenceAck for ShardId(13224250654272404656): valid=true
2026-08-23T16:26:31.136340Z  INFO rockstream_runtime::client: Received FenceAck for ShardId(13224250654272404656): valid=true
2026-08-23T16:26:31.442612Z  INFO rockstream_runtime::client: Received FenceAck for ShardId(13224250654272404656): valid=true
2026-08-23T16:26:31.442955Z  INFO rockstream_runtime::client: Received FenceAck for ShardId(13224250654272404656): valid=true
2026-08-23T16:26:31.744465Z  INFO rockstream_runtime::client: Received FenceAck for ShardId(13224250654272404656): valid=true
2026-08-23T16:26:31.744788Z  INFO rockstream_runtime::client: Received FenceAck for ShardId(13224250654272404656): valid=true
2026-08-23T16:26:32.048661Z  INFO rockstream_runtime::client: Received FenceAck for ShardId(13224250654272404656): valid=true
2026-08-23T16:26:32.049003Z  INFO rockstream_runtime::client: Received FenceAck for ShardId(13224250654272404656): valid=true
2026-08-23T16:26:32.357730Z  INFO rockstream_runtime::client: Received FenceAck for ShardId(13224250654272404656): valid=true
2026-08-23T16:26:32.358062Z  INFO rockstream_runtime::client: Received FenceAck for ShardId(13224250654272404656): valid=true
2026-08-23T16:26:32.662554Z  INFO rockstream_runtime::client: Received FenceAck for ShardId(13224250654272404656): valid=true
2026-08-23T16:26:32.663556Z  INFO rockstream_runtime::client: Received FenceAck for ShardId(13224250654272404656): valid=true
2026-08-23T16:26:32.968022Z  INFO rockstream_runtime::client: Received FenceAck for ShardId(13224250654272404656): valid=true
2026-08-23T16:26:32.968347Z  INFO rockstream_runtime::client: Received FenceAck for ShardId(13224250654272404656): valid=true
2026-08-23T16:26:33.273532Z  INFO rockstream_runtime::client: Received FenceAck for ShardId(13224250654272404656): valid=true
2026-08-23T16:26:33.274516Z  INFO rockstream_runtime::client: Received FenceAck for ShardId(13224250654272404656): valid=true
2026-08-23T16:26:33.577638Z  INFO rockstream_runtime::client: Received FenceAck for ShardId(13224250654272404656): valid=true
2026-08-23T16:26:33.578010Z  INFO rockstream_runtime::client: Received FenceAck for ShardId(13224250654272404656): valid=true
2026-08-23T16:26:33.881418Z  INFO rockstream_runtime::client: Received FenceAck for ShardId(13224250654272404656): valid=true
2026-08-23T16:26:33.881761Z  INFO rockstream_runtime::client: Received FenceAck for ShardId(13224250654272404656): valid=true
2026-08-23T16:26:34.088593Z  INFO rockstream_runtime::client: Received FenceAck for ShardId(13224250654272404656): valid=true
2026-08-23T16:26:34.088966Z  INFO rockstream_runtime::client: Received FenceAck for ShardId(13224250654272404656): valid=true
2026-08-23T16:26:34.394148Z  INFO rockstream_runtime::client: Received FenceAck for ShardId(13224250654272404656): valid=true
2026-08-23T16:26:34.394525Z  INFO rockstream_runtime::client: Received FenceAck for ShardId(13224250654272404656): valid=true
2026-08-23T16:26:34.697401Z  INFO rockstream_runtime::client: Received FenceAck for ShardId(13224250654272404656): valid=true
2026-08-23T16:26:34.697799Z  INFO rockstream_runtime::client: Received FenceAck for ShardId(13224250654272404656): valid=true
2026-08-23T16:26:35.001843Z  INFO rockstream_runtime::client: Received FenceAck for ShardId(13224250654272404656): valid=true
2026-08-23T16:26:35.002228Z  INFO rockstream_runtime::client: Received FenceAck for ShardId(13224250654272404656): valid=true
2026-08-23T16:26:35.310114Z  INFO rockstream_runtime::client: Received FenceAck for ShardId(13224250654272404656): valid=true
2026-08-23T16:26:35.310491Z  INFO rockstream_runtime::client: Received FenceAck for ShardId(13224250654272404656): valid=true
2026-08-23T16:26:35.616563Z  INFO rockstream_runtime::client: Received FenceAck for ShardId(13224250654272404656): valid=true
2026-08-23T16:26:35.616948Z  INFO rockstream_runtime::client: Received FenceAck for ShardId(13224250654272404656): valid=true
2026-08-23T16:26:35.918551Z  INFO rockstream_runtime::client: Received FenceAck for ShardId(13224250654272404656): valid=true
2026-08-23T16:26:35.918929Z  INFO rockstream_runtime::client: Received FenceAck for ShardId(13224250654272404656): valid=true
2026-08-23T16:26:36.226699Z  INFO rockstream_runtime::client: Received FenceAck for ShardId(13224250654272404656): valid=true
2026-08-23T16:26:36.227087Z  INFO rockstream_runtime::client: Received FenceAck for ShardId(13224250654272404656): valid=true
2026-08-23T16:26:36.529202Z  INFO rockstream_runtime::client: Received FenceAck for ShardId(13224250654272404656): valid=true
2026-08-23T16:26:36.529543Z  INFO rockstream_runtime::client: Received FenceAck for ShardId(13224250654272404656): valid=true
2026-08-23T16:26:36.835326Z  INFO rockstream_runtime::client: Received FenceAck for ShardId(13224250654272404656): valid=true
2026-08-23T16:26:36.835667Z  INFO rockstream_runtime::client: Received FenceAck for ShardId(13224250654272404656): valid=true
2026-08-23T16:26:37.140114Z  INFO rockstream_runtime::client: Received FenceAck for ShardId(13224250654272404656): valid=true
2026-08-23T16:26:37.140492Z  INFO rockstream_runtime::client: Received FenceAck for ShardId(13224250654272404656): valid=true
2026-08-23T16:26:37.445780Z  INFO rockstream_runtime::client: Received FenceAck for ShardId(13224250654272404656): valid=true
2026-08-23T16:26:37.446203Z  INFO rockstream_runtime::client: Received FenceAck for ShardId(13224250654272404656): valid=true
2026-08-23T16:26:37.754719Z  INFO rockstream_runtime::client: Received FenceAck for ShardId(13224250654272404656): valid=true
2026-08-23T16:26:37.755093Z  INFO rockstream_runtime::client: Received FenceAck for ShardId(13224250654272404656): valid=true
2026-08-23T16:26:38.061050Z  INFO rockstream_runtime::client: Received FenceAck for ShardId(13224250654272404656): valid=true
2026-08-23T16:26:38.061378Z  INFO rockstream_runtime::client: Received FenceAck for ShardId(13224250654272404656): valid=true
2026-08-23T16:26:38.366230Z  INFO rockstream_runtime::client: Received FenceAck for ShardId(13224250654272404656): valid=true
2026-08-23T16:26:38.366597Z  INFO rockstream_runtime::client: Received FenceAck for ShardId(13224250654272404656): valid=true
2026-08-23T16:26:38.569656Z  INFO rockstream_runtime::client: Received FenceAck for ShardId(13224250654272404656): valid=true
2026-08-23T16:26:38.569992Z  INFO rockstream_runtime::client: Received FenceAck for ShardId(13224250654272404656): valid=true
2026-08-23T16:26:38.872969Z  INFO rockstream_runtime::client: Received FenceAck for ShardId(13224250654272404656): valid=true
2026-08-23T16:26:38.873314Z  INFO rockstream_runtime::client: Received FenceAck for ShardId(13224250654272404656): valid=true
2026-08-23T16:26:39.077038Z  INFO rockstream_runtime::client: Received FenceAck for ShardId(13224250654272404656): valid=true
2026-08-23T16:26:39.077422Z  INFO rockstream_runtime::client: Received FenceAck for ShardId(13224250654272404656): valid=true
2026-08-23T16:26:39.284691Z  INFO rockstream_runtime::client: Received FenceAck for ShardId(13224250654272404656): valid=true
2026-08-23T16:26:39.285044Z  INFO rockstream_runtime::client: Received FenceAck for ShardId(13224250654272404656): valid=true
2026-08-23T16:26:39.591729Z  INFO rockstream_runtime::client: Received FenceAck for ShardId(13224250654272404656): valid=true
2026-08-23T16:26:39.592083Z  INFO rockstream_runtime::client: Received FenceAck for ShardId(13224250654272404656): valid=true
2026-08-23T16:26:39.893360Z  INFO rockstream_runtime::client: Received FenceAck for ShardId(13224250654272404656): valid=true
2026-08-23T16:26:39.893726Z  INFO rockstream_runtime::client: Received FenceAck for ShardId(13224250654272404656): valid=true
2026-08-23T16:26:40.098065Z  INFO rockstream_runtime::client: Received FenceAck for ShardId(13224250654272404656): valid=true
2026-08-23T16:26:40.098404Z  INFO rockstream_runtime::client: Received FenceAck for ShardId(13224250654272404656): valid=true
2026-08-23T16:26:40.302329Z  INFO rockstream_runtime::client: Received FenceAck for ShardId(13224250654272404656): valid=true
2026-08-23T16:26:40.302676Z  INFO rockstream_runtime::client: Received FenceAck for ShardId(13224250654272404656): valid=true
2026-08-23T16:26:40.506837Z  INFO rockstream_runtime::client: Received FenceAck for ShardId(13224250654272404656): valid=true
2026-08-23T16:26:40.507175Z  INFO rockstream_runtime::client: Received FenceAck for ShardId(13224250654272404656): valid=true
2026-08-23T16:26:40.810833Z  INFO rockstream_runtime::client: Received FenceAck for ShardId(13224250654272404656): valid=true
2026-08-23T16:26:40.811198Z  INFO rockstream_runtime::client: Received FenceAck for ShardId(13224250654272404656): valid=true
2026-08-23T16:26:41.017234Z  INFO rockstream_runtime::client: Received FenceAck for ShardId(13224250654272404656): valid=true
2026-08-23T16:26:41.017615Z  INFO rockstream_runtime::client: Received FenceAck for ShardId(13224250654272404656): valid=true
2026-08-23T16:26:41.322893Z  INFO rockstream_runtime::client: Received FenceAck for ShardId(13224250654272404656): valid=true
2026-08-23T16:26:41.323270Z  INFO rockstream_runtime::client: Received FenceAck for ShardId(13224250654272404656): valid=true
2026-08-23T16:26:41.628194Z  INFO rockstream_runtime::client: Received FenceAck for ShardId(13224250654272404656): valid=true
2026-08-23T16:26:41.628946Z  INFO rockstream_runtime::client: Received FenceAck for ShardId(13224250654272404656): valid=true
2026-08-23T16:26:41.933935Z  INFO rockstream_runtime::client: Received FenceAck for ShardId(13224250654272404656): valid=true
2026-08-23T16:26:41.934546Z  INFO rockstream_runtime::client: Received FenceAck for ShardId(13224250654272404656): valid=true
2026-08-23T16:26:42.239777Z  INFO rockstream_runtime::client: Received FenceAck for ShardId(13224250654272404656): valid=true
2026-08-23T16:26:42.240149Z  INFO rockstream_runtime::client: Received FenceAck for ShardId(13224250654272404656): valid=true
2026-08-23T16:26:42.544601Z  INFO rockstream_runtime::client: Received FenceAck for ShardId(13224250654272404656): valid=true
2026-08-23T16:26:42.545343Z  INFO rockstream_runtime::client: Received FenceAck for ShardId(13224250654272404656): valid=true
2026-08-23T16:26:42.847327Z  INFO rockstream_runtime::client: Received FenceAck for ShardId(13224250654272404656): valid=true
2026-08-23T16:26:42.847685Z  INFO rockstream_runtime::client: Received FenceAck for ShardId(13224250654272404656): valid=true
2026-08-23T16:26:43.053539Z  INFO rockstream_runtime::client: Received FenceAck for ShardId(13224250654272404656): valid=true
2026-08-23T16:26:43.053921Z  INFO rockstream_runtime::client: Received FenceAck for ShardId(13224250654272404656): valid=true
2026-08-23T16:26:43.357320Z  INFO rockstream_runtime::client: Received FenceAck for ShardId(13224250654272404656): valid=true
2026-08-23T16:26:43.357658Z  INFO rockstream_runtime::client: Received FenceAck for ShardId(13224250654272404656): valid=true
2026-08-23T16:26:43.664084Z  INFO rockstream_runtime::client: Received FenceAck for ShardId(13224250654272404656): valid=true
2026-08-23T16:26:43.664449Z  INFO rockstream_runtime::client: Received FenceAck for ShardId(13224250654272404656): valid=true
2026-08-23T16:26:43.968933Z  INFO rockstream_runtime::client: Received FenceAck for ShardId(13224250654272404656): valid=true
2026-08-23T16:26:43.969248Z  INFO rockstream_runtime::client: Received FenceAck for ShardId(13224250654272404656): valid=true
2026-08-23T16:26:44.274682Z  INFO rockstream_runtime::client: Received FenceAck for ShardId(13224250654272404656): valid=true
2026-08-23T16:26:44.275063Z  INFO rockstream_runtime::client: Received FenceAck for ShardId(13224250654272404656): valid=true
2026-08-23T16:26:44.579813Z  INFO rockstream_runtime::client: Received FenceAck for ShardId(13224250654272404656): valid=true
2026-08-23T16:26:44.580181Z  INFO rockstream_runtime::client: Received FenceAck for ShardId(13224250654272404656): valid=true
2026-08-23T16:26:44.882131Z  INFO rockstream_runtime::client: Received FenceAck for ShardId(13224250654272404656): valid=true
2026-08-23T16:26:44.882446Z  INFO rockstream_runtime::client: Received FenceAck for ShardId(13224250654272404656): valid=true
2026-08-23T16:26:45.086606Z  INFO rockstream_runtime::client: Received FenceAck for ShardId(13224250654272404656): valid=true
2026-08-23T16:26:45.086978Z  INFO rockstream_runtime::client: Received FenceAck for ShardId(13224250654272404656): valid=true
2026-08-23T16:26:45.395206Z  INFO rockstream_runtime::client: Received FenceAck for ShardId(13224250654272404656): valid=true
2026-08-23T16:26:45.395531Z  INFO rockstream_runtime::client: Received FenceAck for ShardId(13224250654272404656): valid=true
2026-08-23T16:26:45.699926Z  INFO rockstream_runtime::client: Received FenceAck for ShardId(13224250654272404656): valid=true
2026-08-23T16:26:45.700301Z  INFO rockstream_runtime::client: Received FenceAck for ShardId(13224250654272404656): valid=true
2026-08-23T16:26:46.008303Z  INFO rockstream_runtime::client: Received FenceAck for ShardId(13224250654272404656): valid=true
2026-08-23T16:26:46.009011Z  INFO rockstream_runtime::client: Received FenceAck for ShardId(13224250654272404656): valid=true
2026-08-23T16:26:46.311663Z  INFO rockstream_runtime::client: Received FenceAck for ShardId(13224250654272404656): valid=true
2026-08-23T16:26:46.312041Z  INFO rockstream_runtime::client: Received FenceAck for ShardId(13224250654272404656): valid=true
2026-08-23T16:26:46.619720Z  INFO rockstream_runtime::client: Received FenceAck for ShardId(13224250654272404656): valid=true
2026-08-23T16:26:46.620122Z  INFO rockstream_runtime::client: Received FenceAck for ShardId(13224250654272404656): valid=true
2026-08-23T16:26:46.924963Z  INFO rockstream_runtime::client: Received FenceAck for ShardId(13224250654272404656): valid=true
2026-08-23T16:26:46.925308Z  INFO rockstream_runtime::client: Received FenceAck for ShardId(13224250654272404656): valid=true
2026-08-23T16:26:47.230697Z  INFO rockstream_runtime::client: Received FenceAck for ShardId(13224250654272404656): valid=true
2026-08-23T16:26:47.231021Z  INFO rockstream_runtime::client: Received FenceAck for ShardId(13224250654272404656): valid=true
2026-08-23T16:26:47.536306Z  INFO rockstream_runtime::client: Received FenceAck for ShardId(13224250654272404656): valid=true
2026-08-23T16:26:47.536784Z  INFO rockstream_runtime::client: Received FenceAck for ShardId(13224250654272404656): valid=true
2026-08-23T16:26:47.838303Z  INFO rockstream_runtime::client: Received FenceAck for ShardId(13224250654272404656): valid=true
2026-08-23T16:26:47.838620Z  INFO rockstream_runtime::client: Received FenceAck for ShardId(13224250654272404656): valid=true
2026-08-23T16:26:48.146752Z  INFO rockstream_runtime::client: Received FenceAck for ShardId(13224250654272404656): valid=true
2026-08-23T16:26:48.147080Z  INFO rockstream_runtime::client: Received FenceAck for ShardId(13224250654272404656): valid=true
2026-08-23T16:26:48.454364Z  INFO rockstream_runtime::client: Received FenceAck for ShardId(13224250654272404656): valid=true
2026-08-23T16:26:48.454828Z  INFO rockstream_runtime::client: Received FenceAck for ShardId(13224250654272404656): valid=true
2026-08-23T16:26:48.754212Z  INFO rockstream_runtime::client: Received FenceAck for ShardId(13224250654272404656): valid=true
2026-08-23T16:26:48.754588Z  INFO rockstream_runtime::client: Received FenceAck for ShardId(13224250654272404656): valid=true
2026-08-23T16:26:49.061606Z  INFO rockstream_runtime::client: Received FenceAck for ShardId(13224250654272404656): valid=true
2026-08-23T16:26:49.061964Z  INFO rockstream_runtime::client: Received FenceAck for ShardId(13224250654272404656): valid=true
2026-08-23T16:26:49.365259Z  INFO rockstream_runtime::client: Received FenceAck for ShardId(13224250654272404656): valid=true
2026-08-23T16:26:49.365899Z  INFO rockstream_runtime::client: Received FenceAck for ShardId(13224250654272404656): valid=true
2026-08-23T16:26:49.669968Z  INFO rockstream_runtime::client: Received FenceAck for ShardId(13224250654272404656): valid=true
2026-08-23T16:26:49.670644Z  INFO rockstream_runtime::client: Received FenceAck for ShardId(13224250654272404656): valid=true
2026-08-23T16:26:49.974724Z  INFO rockstream_runtime::client: Received FenceAck for ShardId(13224250654272404656): valid=true
2026-08-23T16:26:49.975024Z  INFO rockstream_runtime::client: Received FenceAck for ShardId(13224250654272404656): valid=true
2026-08-23T16:26:50.283993Z  INFO rockstream_runtime::client: Received FenceAck for ShardId(13224250654272404656): valid=true
2026-08-23T16:26:50.284369Z  INFO rockstream_runtime::client: Received FenceAck for ShardId(13224250654272404656): valid=true
2026-08-23T16:26:50.588737Z  INFO rockstream_runtime::client: Received FenceAck for ShardId(13224250654272404656): valid=true
2026-08-23T16:26:50.589505Z  INFO rockstream_runtime::client: Received FenceAck for ShardId(13224250654272404656): valid=true
2026-08-23T16:26:50.891297Z  INFO rockstream_runtime::client: Received FenceAck for ShardId(13224250654272404656): valid=true
2026-08-23T16:26:50.891633Z  INFO rockstream_runtime::client: Received FenceAck for ShardId(13224250654272404656): valid=true
2026-08-23T16:26:51.198769Z  INFO rockstream_runtime::client: Received FenceAck for ShardId(13224250654272404656): valid=true
2026-08-23T16:26:51.199624Z  INFO rockstream_runtime::client: Received FenceAck for ShardId(13224250654272404656): valid=true
2026-08-23T16:26:51.502742Z  INFO rockstream_runtime::client: Received FenceAck for ShardId(13224250654272404656): valid=true
2026-08-23T16:26:51.503175Z  INFO rockstream_runtime::client: Received FenceAck for ShardId(13224250654272404656): valid=true
2026-08-23T16:26:51.806144Z  INFO rockstream_runtime::client: Received FenceAck for ShardId(13224250654272404656): valid=true
2026-08-23T16:26:51.806466Z  INFO rockstream_runtime::client: Received FenceAck for ShardId(13224250654272404656): valid=true
2026-08-23T16:26:52.115771Z  INFO rockstream_runtime::client: Received FenceAck for ShardId(13224250654272404656): valid=true
2026-08-23T16:26:52.116473Z  INFO rockstream_runtime::client: Received FenceAck for ShardId(13224250654272404656): valid=true
2026-08-23T16:26:52.420600Z  INFO rockstream_runtime::client: Received FenceAck for ShardId(13224250654272404656): valid=true
2026-08-23T16:26:52.420977Z  INFO rockstream_runtime::client: Received FenceAck for ShardId(13224250654272404656): valid=true
2026-08-23T16:26:52.722030Z  INFO rockstream_runtime::client: Received FenceAck for ShardId(13224250654272404656): valid=true
2026-08-23T16:26:52.722408Z  INFO rockstream_runtime::client: Received FenceAck for ShardId(13224250654272404656): valid=true
2026-08-23T16:26:53.028992Z  INFO rockstream_runtime::client: Received FenceAck for ShardId(13224250654272404656): valid=true
2026-08-23T16:26:53.029682Z  INFO rockstream_runtime::client: Received FenceAck for ShardId(13224250654272404656): valid=true
2026-08-23T16:26:53.333712Z  INFO rockstream_runtime::client: Received FenceAck for ShardId(13224250654272404656): valid=true
2026-08-23T16:26:53.334098Z  INFO rockstream_runtime::client: Received FenceAck for ShardId(13224250654272404656): valid=true
2026-08-23T16:26:53.639198Z  INFO rockstream_runtime::client: Received FenceAck for ShardId(13224250654272404656): valid=true
2026-08-23T16:26:53.639947Z  INFO rockstream_runtime::client: Received FenceAck for ShardId(13224250654272404656): valid=true
2026-08-23T16:26:53.945496Z  INFO rockstream_runtime::client: Received FenceAck for ShardId(13224250654272404656): valid=true
2026-08-23T16:26:53.945896Z  INFO rockstream_runtime::client: Received FenceAck for ShardId(13224250654272404656): valid=true
2026-08-23T16:26:54.252115Z  INFO rockstream_runtime::client: Received FenceAck for ShardId(13224250654272404656): valid=true
2026-08-23T16:26:54.252477Z  INFO rockstream_runtime::client: Received FenceAck for ShardId(13224250654272404656): valid=true
2026-08-23T16:26:54.555446Z  INFO rockstream_runtime::client: Received FenceAck for ShardId(13224250654272404656): valid=true
2026-08-23T16:26:54.555841Z  INFO rockstream_runtime::client: Received FenceAck for ShardId(13224250654272404656): valid=true
2026-08-23T16:26:54.857993Z  INFO rockstream_runtime::client: Received FenceAck for ShardId(13224250654272404656): valid=true
2026-08-23T16:26:54.858326Z  INFO rockstream_runtime::client: Received FenceAck for ShardId(13224250654272404656): valid=true
2026-08-23T16:26:55.165394Z  INFO rockstream_runtime::client: Received FenceAck for ShardId(13224250654272404656): valid=true
2026-08-23T16:26:55.165781Z  INFO rockstream_runtime::client: Received FenceAck for ShardId(13224250654272404656): valid=true
2026-08-23T16:26:55.471332Z  INFO rockstream_runtime::client: Received FenceAck for ShardId(13224250654272404656): valid=true
2026-08-23T16:26:55.471707Z  INFO rockstream_runtime::client: Received FenceAck for ShardId(13224250654272404656): valid=true
2026-08-23T16:26:55.775422Z  INFO rockstream_runtime::client: Received FenceAck for ShardId(13224250654272404656): valid=true
2026-08-23T16:26:55.775792Z  INFO rockstream_runtime::client: Received FenceAck for ShardId(13224250654272404656): valid=true
2026-08-23T16:26:56.085341Z  INFO rockstream_runtime::client: Received FenceAck for ShardId(13224250654272404656): valid=true
2026-08-23T16:26:56.086113Z  INFO rockstream_runtime::client: Received FenceAck for ShardId(13224250654272404656): valid=true
2026-08-23T16:26:56.286797Z  INFO rockstream_runtime::client: Received FenceAck for ShardId(13224250654272404656): valid=true
2026-08-23T16:26:56.287152Z  INFO rockstream_runtime::client: Received FenceAck for ShardId(13224250654272404656): valid=true
2026-08-23T16:26:56.597942Z  INFO rockstream_runtime::client: Received FenceAck for ShardId(13224250654272404656): valid=true
2026-08-23T16:26:56.598339Z  INFO rockstream_runtime::client: Received FenceAck for ShardId(13224250654272404656): valid=true
2026-08-23T16:26:56.797854Z  INFO rockstream_runtime::client: Received FenceAck for ShardId(13224250654272404656): valid=true
2026-08-23T16:26:56.798240Z  INFO rockstream_runtime::client: Received FenceAck for ShardId(13224250654272404656): valid=true
2026-08-23T16:26:57.002453Z  INFO rockstream_runtime::client: Received FenceAck for ShardId(13224250654272404656): valid=true
2026-08-23T16:26:57.002773Z  INFO rockstream_runtime::client: Received FenceAck for ShardId(13224250654272404656): valid=true
2026-08-23T16:26:57.212828Z  INFO rockstream_runtime::client: Received FenceAck for ShardId(13224250654272404656): valid=true
2026-08-23T16:26:57.213710Z  INFO rockstream_runtime::client: Received FenceAck for ShardId(13224250654272404656): valid=true
2026-08-23T16:26:57.418332Z  INFO rockstream_runtime::client: Received FenceAck for ShardId(13224250654272404656): valid=true
2026-08-23T16:26:57.419005Z  INFO rockstream_runtime::client: Received FenceAck for ShardId(13224250654272404656): valid=true
2026-08-23T16:26:57.618964Z  INFO rockstream_runtime::client: Received FenceAck for ShardId(13224250654272404656): valid=true
2026-08-23T16:26:57.619350Z  INFO rockstream_runtime::client: Received FenceAck for ShardId(13224250654272404656): valid=true
2026-08-23T16:26:57.822496Z  INFO rockstream_runtime::client: Received FenceAck for ShardId(13224250654272404656): valid=true
2026-08-23T16:26:57.822870Z  INFO rockstream_runtime::client: Received FenceAck for ShardId(13224250654272404656): valid=true
2026-08-23T16:26:58.025878Z  INFO rockstream_runtime::client: Received FenceAck for ShardId(13224250654272404656): valid=true
2026-08-23T16:26:58.026248Z  INFO rockstream_runtime::client: Received FenceAck for ShardId(13224250654272404656): valid=true
2026-08-23T16:26:58.228773Z  INFO rockstream_runtime::client: Received FenceAck for ShardId(13224250654272404656): valid=true
2026-08-23T16:26:58.229114Z  INFO rockstream_runtime::client: Received FenceAck for ShardId(13224250654272404656): valid=true
2026-08-23T16:26:58.431740Z  INFO rockstream_runtime::client: Received FenceAck for ShardId(13224250654272404656): valid=true
2026-08-23T16:26:58.432026Z  INFO rockstream_runtime::client: Received FenceAck for ShardId(13224250654272404656): valid=true
2026-08-23T16:26:58.634633Z  INFO rockstream_runtime::client: Received FenceAck for ShardId(13224250654272404656): valid=true
2026-08-23T16:26:58.635010Z  INFO rockstream_runtime::client: Received FenceAck for ShardId(13224250654272404656): valid=true
2026-08-23T16:26:58.838307Z  INFO rockstream_runtime::client: Received FenceAck for ShardId(13224250654272404656): valid=true
2026-08-23T16:26:58.838656Z  INFO rockstream_runtime::client: Received FenceAck for ShardId(13224250654272404656): valid=true
2026-08-23T16:26:59.042285Z  INFO rockstream_runtime::client: Received FenceAck for ShardId(13224250654272404656): valid=true
2026-08-23T16:26:59.042675Z  INFO rockstream_runtime::client: Received FenceAck for ShardId(13224250654272404656): valid=true
2026-08-23T16:26:59.244189Z  INFO rockstream_runtime::client: Received FenceAck for ShardId(13224250654272404656): valid=true
2026-08-23T16:26:59.244566Z  INFO rockstream_runtime::client: Received FenceAck for ShardId(13224250654272404656): valid=true
2026-08-23T16:26:59.446341Z  INFO rockstream_runtime::client: Received FenceAck for ShardId(13224250654272404656): valid=true
2026-08-23T16:26:59.446729Z  INFO rockstream_runtime::client: Received FenceAck for ShardId(13224250654272404656): valid=true
2026-08-23T16:26:59.650092Z  INFO rockstream_runtime::client: Received FenceAck for ShardId(13224250654272404656): valid=true
2026-08-23T16:26:59.650463Z  INFO rockstream_runtime::client: Received FenceAck for ShardId(13224250654272404656): valid=true
2026-08-23T16:26:59.853028Z  INFO rockstream_runtime::client: Received FenceAck for ShardId(13224250654272404656): valid=true
2026-08-23T16:26:59.853349Z  INFO rockstream_runtime::client: Received FenceAck for ShardId(13224250654272404656): valid=true
2026-08-23T16:27:00.056209Z  INFO rockstream_runtime::client: Received FenceAck for ShardId(13224250654272404656): valid=true
2026-08-23T16:27:00.056574Z  INFO rockstream_runtime::client: Received FenceAck for ShardId(13224250654272404656): valid=true
2026-08-23T16:27:00.362059Z  INFO rockstream_runtime::client: Received FenceAck for ShardId(13224250654272404656): valid=true
2026-08-23T16:27:00.362433Z  INFO rockstream_runtime::client: Received FenceAck for ShardId(13224250654272404656): valid=true
2026-08-23T16:27:00.669137Z  INFO rockstream_runtime::client: Received FenceAck for ShardId(13224250654272404656): valid=true
2026-08-23T16:27:00.669511Z  INFO rockstream_runtime::client: Received FenceAck for ShardId(13224250654272404656): valid=true
2026-08-23T16:27:00.973396Z  INFO rockstream_runtime::client: Received FenceAck for ShardId(13224250654272404656): valid=true
2026-08-23T16:27:00.973788Z  INFO rockstream_runtime::client: Received FenceAck for ShardId(13224250654272404656): valid=true
2026-08-23T16:27:01.277549Z  INFO rockstream_runtime::client: Received FenceAck for ShardId(13224250654272404656): valid=true
2026-08-23T16:27:01.278271Z  INFO rockstream_runtime::client: Received FenceAck for ShardId(13224250654272404656): valid=true
2026-08-23T16:27:01.584140Z  INFO rockstream_runtime::client: Received FenceAck for ShardId(13224250654272404656): valid=true
2026-08-23T16:27:01.584916Z  INFO rockstream_runtime::client: Received FenceAck for ShardId(13224250654272404656): valid=true
2026-08-23T16:27:01.887045Z  INFO rockstream_runtime::client: Received FenceAck for ShardId(13224250654272404656): valid=true
2026-08-23T16:27:01.887415Z  INFO rockstream_runtime::client: Received FenceAck for ShardId(13224250654272404656): valid=true
2026-08-23T16:27:02.192716Z  INFO rockstream_runtime::client: Received FenceAck for ShardId(13224250654272404656): valid=true
2026-08-23T16:27:02.193095Z  INFO rockstream_runtime::client: Received FenceAck for ShardId(13224250654272404656): valid=true
2026-08-23T16:27:02.499577Z  INFO rockstream_runtime::client: Received FenceAck for ShardId(13224250654272404656): valid=true
2026-08-23T16:27:02.499963Z  INFO rockstream_runtime::client: Received FenceAck for ShardId(13224250654272404656): valid=true
2026-08-23T16:27:02.801870Z  INFO rockstream_runtime::client: Received FenceAck for ShardId(13224250654272404656): valid=true
2026-08-23T16:27:02.802266Z  INFO rockstream_runtime::client: Received FenceAck for ShardId(13224250654272404656): valid=true
2026-08-23T16:27:03.109370Z  INFO rockstream_runtime::client: Received FenceAck for ShardId(13224250654272404656): valid=true
2026-08-23T16:27:03.110127Z  INFO rockstream_runtime::client: Received FenceAck for ShardId(13224250654272404656): valid=true
2026-08-23T16:27:03.415838Z  INFO rockstream_runtime::client: Received FenceAck for ShardId(13224250654272404656): valid=true
2026-08-23T16:27:03.416237Z  INFO rockstream_runtime::client: Received FenceAck for ShardId(13224250654272404656): valid=true
2026-08-23T16:27:03.718922Z  INFO rockstream_runtime::client: Received FenceAck for ShardId(13224250654272404656): valid=true
2026-08-23T16:27:03.719300Z  INFO rockstream_runtime::client: Received FenceAck for ShardId(13224250654272404656): valid=true
2026-08-23T16:27:04.029320Z  INFO rockstream_runtime::client: Received FenceAck for ShardId(13224250654272404656): valid=true
2026-08-23T16:27:04.029768Z  INFO rockstream_runtime::client: Received FenceAck for ShardId(13224250654272404656): valid=true
2026-08-23T16:27:04.333493Z  INFO rockstream_runtime::client: Received FenceAck for ShardId(13224250654272404656): valid=true
2026-08-23T16:27:04.334193Z  INFO rockstream_runtime::client: Received FenceAck for ShardId(13224250654272404656): valid=true
2026-08-23T16:27:04.645180Z  INFO rockstream_runtime::client: Received FenceAck for ShardId(13224250654272404656): valid=true
2026-08-23T16:27:04.647683Z  INFO rockstream_runtime::client: Received FenceAck for ShardId(13224250654272404656): valid=true
2026-08-23T16:27:04.842484Z  INFO rockstream_runtime::client: Received FenceAck for ShardId(13224250654272404656): valid=true
2026-08-23T16:27:04.842845Z  INFO rockstream_runtime::client: Received FenceAck for ShardId(13224250654272404656): valid=true
2026-08-23T16:27:05.149548Z  INFO rockstream_runtime::client: Received FenceAck for ShardId(13224250654272404656): valid=true
2026-08-23T16:27:05.149949Z  INFO rockstream_runtime::client: Received FenceAck for ShardId(13224250654272404656): valid=true
2026-08-23T16:27:05.456353Z  INFO rockstream_runtime::client: Received FenceAck for ShardId(13224250654272404656): valid=true
2026-08-23T16:27:05.457027Z  INFO rockstream_runtime::client: Received FenceAck for ShardId(13224250654272404656): valid=true
2026-08-23T16:27:05.759514Z  INFO rockstream_runtime::client: Received FenceAck for ShardId(13224250654272404656): valid=true
2026-08-23T16:27:05.759900Z  INFO rockstream_runtime::client: Received FenceAck for ShardId(13224250654272404656): valid=true
2026-08-23T16:27:06.067042Z  INFO rockstream_runtime::client: Received FenceAck for ShardId(13224250654272404656): valid=true
2026-08-23T16:27:06.067380Z  INFO rockstream_runtime::client: Received FenceAck for ShardId(13224250654272404656): valid=true
2026-08-23T16:27:06.372511Z  INFO rockstream_runtime::client: Received FenceAck for ShardId(13224250654272404656): valid=true
2026-08-23T16:27:06.372888Z  INFO rockstream_runtime::client: Received FenceAck for ShardId(13224250654272404656): valid=true
2026-08-23T16:27:06.573931Z  INFO rockstream_runtime::client: Received FenceAck for ShardId(13224250654272404656): valid=true
2026-08-23T16:27:06.574311Z  INFO rockstream_runtime::client: Received FenceAck for ShardId(13224250654272404656): valid=true
2026-08-23T16:27:06.776494Z  INFO rockstream_runtime::client: Received FenceAck for ShardId(13224250654272404656): valid=true
2026-08-23T16:27:06.776889Z  INFO rockstream_runtime::client: Received FenceAck for ShardId(13224250654272404656): valid=true
2026-08-23T16:27:07.086750Z  INFO rockstream_runtime::client: Received FenceAck for ShardId(13224250654272404656): valid=true
2026-08-23T16:27:07.087476Z  INFO rockstream_runtime::client: Received FenceAck for ShardId(13224250654272404656): valid=true
2026-08-23T16:27:07.285862Z  INFO rockstream_runtime::client: Received FenceAck for ShardId(13224250654272404656): valid=true
2026-08-23T16:27:07.286170Z  INFO rockstream_runtime::client: Received FenceAck for ShardId(13224250654272404656): valid=true
2026-08-23T16:27:07.594655Z  INFO rockstream_runtime::client: Received FenceAck for ShardId(13224250654272404656): valid=true
2026-08-23T16:27:07.595346Z  INFO rockstream_runtime::client: Received FenceAck for ShardId(13224250654272404656): valid=true
2026-08-23T16:27:07.794736Z  INFO rockstream_runtime::client: Received FenceAck for ShardId(13224250654272404656): valid=true
2026-08-23T16:27:07.795117Z  INFO rockstream_runtime::client: Received FenceAck for ShardId(13224250654272404656): valid=true
2026-08-23T16:27:08.102125Z  INFO rockstream_runtime::client: Received FenceAck for ShardId(13224250654272404656): valid=true
2026-08-23T16:27:08.102507Z  INFO rockstream_runtime::client: Received FenceAck for ShardId(13224250654272404656): valid=true
2026-08-23T16:27:08.409491Z  INFO rockstream_runtime::client: Received FenceAck for ShardId(13224250654272404656): valid=true
2026-08-23T16:27:08.410239Z  INFO rockstream_runtime::client: Received FenceAck for ShardId(13224250654272404656): valid=true
2026-08-23T16:27:08.711504Z  INFO rockstream_runtime::client: Received FenceAck for ShardId(13224250654272404656): valid=true
2026-08-23T16:27:08.711886Z  INFO rockstream_runtime::client: Received FenceAck for ShardId(13224250654272404656): valid=true
2026-08-23T16:27:09.017205Z  INFO rockstream_runtime::client: Received FenceAck for ShardId(13224250654272404656): valid=true
2026-08-23T16:27:09.017615Z  INFO rockstream_runtime::client: Received FenceAck for ShardId(13224250654272404656): valid=true
2026-08-23T16:27:09.321006Z  INFO rockstream_runtime::client: Received FenceAck for ShardId(13224250654272404656): valid=true
2026-08-23T16:27:09.321450Z  INFO rockstream_runtime::client: Received FenceAck for ShardId(13224250654272404656): valid=true
2026-08-23T16:27:09.628477Z  INFO rockstream_runtime::client: Received FenceAck for ShardId(13224250654272404656): valid=true
2026-08-23T16:27:09.629268Z  INFO rockstream_runtime::client: Received FenceAck for ShardId(13224250654272404656): valid=true
2026-08-23T16:27:09.930520Z  INFO rockstream_runtime::client: Received FenceAck for ShardId(13224250654272404656): valid=true
2026-08-23T16:27:09.930917Z  INFO rockstream_runtime::client: Received FenceAck for ShardId(13224250654272404656): valid=true
2026-08-23T16:27:10.236872Z  INFO rockstream_runtime::client: Received FenceAck for ShardId(13224250654272404656): valid=true
2026-08-23T16:27:10.237597Z  INFO rockstream_runtime::client: Received FenceAck for ShardId(13224250654272404656): valid=true
2026-08-23T16:27:10.543794Z  INFO rockstream_runtime::client: Received FenceAck for ShardId(13224250654272404656): valid=true
2026-08-23T16:27:10.544640Z  INFO rockstream_runtime::client: Received FenceAck for ShardId(13224250654272404656): valid=true
2026-08-23T16:27:10.847655Z  INFO rockstream_runtime::client: Received FenceAck for ShardId(13224250654272404656): valid=true
2026-08-23T16:27:10.848004Z  INFO rockstream_runtime::client: Received FenceAck for ShardId(13224250654272404656): valid=true
2026-08-23T16:27:11.173875Z  INFO rockstream_runtime::client: Received FenceAck for ShardId(13224250654272404656): valid=true
2026-08-23T16:27:11.174219Z  INFO rockstream_runtime::client: Received FenceAck for ShardId(13224250654272404656): valid=true
2026-08-23T16:27:11.474154Z  INFO rockstream_runtime::client: Received FenceAck for ShardId(13224250654272404656): valid=true
2026-08-23T16:27:11.474884Z  INFO rockstream_runtime::client: Received FenceAck for ShardId(13224250654272404656): valid=true
2026-08-23T16:27:11.775588Z  INFO rockstream_runtime::client: Received FenceAck for ShardId(13224250654272404656): valid=true
2026-08-23T16:27:11.775982Z  INFO rockstream_runtime::client: Received FenceAck for ShardId(13224250654272404656): valid=true
2026-08-23T16:27:12.081235Z  INFO rockstream_runtime::client: Received FenceAck for ShardId(13224250654272404656): valid=true
2026-08-23T16:27:12.081691Z  INFO rockstream_runtime::client: Received FenceAck for ShardId(13224250654272404656): valid=true
2026-08-23T16:27:12.388852Z  INFO rockstream_runtime::client: Received FenceAck for ShardId(13224250654272404656): valid=true
2026-08-23T16:27:12.389572Z  INFO rockstream_runtime::client: Received FenceAck for ShardId(13224250654272404656): valid=true
2026-08-23T16:27:12.692720Z  INFO rockstream_runtime::client: Received FenceAck for ShardId(13224250654272404656): valid=true
2026-08-23T16:27:12.693492Z  INFO rockstream_runtime::client: Received FenceAck for ShardId(13224250654272404656): valid=true
2026-08-23T16:27:12.998866Z  INFO rockstream_runtime::client: Received FenceAck for ShardId(13224250654272404656): valid=true
2026-08-23T16:27:12.999272Z  INFO rockstream_runtime::client: Received FenceAck for ShardId(13224250654272404656): valid=true
2026-08-23T16:27:13.310279Z  INFO rockstream_runtime::client: Received FenceAck for ShardId(13224250654272404656): valid=true
2026-08-23T16:27:13.310614Z  INFO rockstream_runtime::client: Received FenceAck for ShardId(13224250654272404656): valid=true
2026-08-23T16:27:13.608735Z  INFO rockstream_runtime::client: Received FenceAck for ShardId(13224250654272404656): valid=true
2026-08-23T16:27:13.609495Z  INFO rockstream_runtime::client: Received FenceAck for ShardId(13224250654272404656): valid=true
2026-08-23T16:27:13.809751Z  INFO rockstream_runtime::client: Received FenceAck for ShardId(13224250654272404656): valid=true
2026-08-23T16:27:13.810128Z  INFO rockstream_runtime::client: Received FenceAck for ShardId(13224250654272404656): valid=true
2026-08-23T16:27:14.016881Z  INFO rockstream_runtime::client: Received FenceAck for ShardId(13224250654272404656): valid=true
2026-08-23T16:27:14.017606Z  INFO rockstream_runtime::client: Received FenceAck for ShardId(13224250654272404656): valid=true
2026-08-23T16:27:14.219297Z  INFO rockstream_runtime::client: Received FenceAck for ShardId(13224250654272404656): valid=true
2026-08-23T16:27:14.219899Z  INFO rockstream_runtime::client: Received FenceAck for ShardId(13224250654272404656): valid=true
2026-08-23T16:27:14.423647Z  INFO rockstream_runtime::client: Received FenceAck for ShardId(13224250654272404656): valid=true
2026-08-23T16:27:14.424035Z  INFO rockstream_runtime::client: Received FenceAck for ShardId(13224250654272404656): valid=true
2026-08-23T16:27:14.627858Z  INFO rockstream_runtime::client: Received FenceAck for ShardId(13224250654272404656): valid=true
2026-08-23T16:27:14.628538Z  INFO rockstream_runtime::client: Received FenceAck for ShardId(13224250654272404656): valid=true
2026-08-23T16:27:14.930796Z  INFO rockstream_runtime::client: Received FenceAck for ShardId(13224250654272404656): valid=true
2026-08-23T16:27:14.931211Z  INFO rockstream_runtime::client: Received FenceAck for ShardId(13224250654272404656): valid=true
2026-08-23T16:27:15.238703Z  INFO rockstream_runtime::client: Received FenceAck for ShardId(13224250654272404656): valid=true
2026-08-23T16:27:15.239448Z  INFO rockstream_runtime::client: Received FenceAck for ShardId(13224250654272404656): valid=true
2026-08-23T16:27:15.541501Z  INFO rockstream_runtime::client: Received FenceAck for ShardId(13224250654272404656): valid=true
2026-08-23T16:27:15.542131Z  INFO rockstream_runtime::client: Received FenceAck for ShardId(13224250654272404656): valid=true
2026-08-23T16:27:15.845220Z  INFO rockstream_runtime::client: Received FenceAck for ShardId(13224250654272404656): valid=true
2026-08-23T16:27:15.845535Z  INFO rockstream_runtime::client: Received FenceAck for ShardId(13224250654272404656): valid=true
2026-08-23T16:27:16.051309Z  INFO rockstream_runtime::client: Received FenceAck for ShardId(13224250654272404656): valid=true
2026-08-23T16:27:16.051699Z  INFO rockstream_runtime::client: Received FenceAck for ShardId(13224250654272404656): valid=true
2026-08-23T16:27:16.355646Z  INFO rockstream_runtime::client: Received FenceAck for ShardId(13224250654272404656): valid=true
2026-08-23T16:27:16.356418Z  INFO rockstream_runtime::client: Received FenceAck for ShardId(13224250654272404656): valid=true
2026-08-23T16:27:16.662231Z  INFO rockstream_runtime::client: Received FenceAck for ShardId(13224250654272404656): valid=true
2026-08-23T16:27:16.662646Z  INFO rockstream_runtime::client: Received FenceAck for ShardId(13224250654272404656): valid=true
2026-08-23T16:27:16.967014Z  INFO rockstream_runtime::client: Received FenceAck for ShardId(13224250654272404656): valid=true
2026-08-23T16:27:16.967708Z  INFO rockstream_runtime::client: Received FenceAck for ShardId(13224250654272404656): valid=true
2026-08-23T16:27:17.274858Z  INFO rockstream_runtime::client: Received FenceAck for ShardId(13224250654272404656): valid=true
2026-08-23T16:27:17.275256Z  INFO rockstream_runtime::client: Received FenceAck for ShardId(13224250654272404656): valid=true
2026-08-23T16:27:17.580203Z  INFO rockstream_runtime::client: Received FenceAck for ShardId(13224250654272404656): valid=true
2026-08-23T16:27:17.580600Z  INFO rockstream_runtime::client: Received FenceAck for ShardId(13224250654272404656): valid=true
2026-08-23T16:27:17.881176Z  INFO rockstream_runtime::client: Received FenceAck for ShardId(13224250654272404656): valid=true
2026-08-23T16:27:17.881545Z  INFO rockstream_runtime::client: Received FenceAck for ShardId(13224250654272404656): valid=true
2026-08-23T16:27:18.087603Z  INFO rockstream_runtime::client: Received FenceAck for ShardId(13224250654272404656): valid=true
2026-08-23T16:27:18.087984Z  INFO rockstream_runtime::client: Received FenceAck for ShardId(13224250654272404656): valid=true
2026-08-23T16:27:18.394311Z  INFO rockstream_runtime::client: Received FenceAck for ShardId(13224250654272404656): valid=true
2026-08-23T16:27:18.395153Z  INFO rockstream_runtime::client: Received FenceAck for ShardId(13224250654272404656): valid=true
2026-08-23T16:27:18.699307Z  INFO rockstream_runtime::client: Received FenceAck for ShardId(13224250654272404656): valid=true
2026-08-23T16:27:18.700013Z  INFO rockstream_runtime::client: Received FenceAck for ShardId(13224250654272404656): valid=true
2026-08-23T16:27:19.005330Z  INFO rockstream_runtime::client: Received FenceAck for ShardId(13224250654272404656): valid=true
2026-08-23T16:27:19.006043Z  INFO rockstream_runtime::client: Received FenceAck for ShardId(13224250654272404656): valid=true
2026-08-23T16:27:19.312092Z  INFO rockstream_runtime::client: Received FenceAck for ShardId(13224250654272404656): valid=true
2026-08-23T16:27:19.312478Z  INFO rockstream_runtime::client: Received FenceAck for ShardId(13224250654272404656): valid=true
2026-08-23T16:27:19.616662Z  INFO rockstream_runtime::client: Received FenceAck for ShardId(13224250654272404656): valid=true
2026-08-23T16:27:19.617390Z  INFO rockstream_runtime::client: Received FenceAck for ShardId(13224250654272404656): valid=true
2026-08-23T16:27:19.920805Z  INFO rockstream_runtime::client: Received FenceAck for ShardId(13224250654272404656): valid=true
2026-08-23T16:27:19.921180Z  INFO rockstream_runtime::client: Received FenceAck for ShardId(13224250654272404656): valid=true
2026-08-23T16:27:20.230762Z  INFO rockstream_runtime::client: Received FenceAck for ShardId(13224250654272404656): valid=true
2026-08-23T16:27:20.231150Z  INFO rockstream_runtime::client: Received FenceAck for ShardId(13224250654272404656): valid=true
2026-08-23T16:27:20.533430Z  INFO rockstream_runtime::client: Received FenceAck for ShardId(13224250654272404656): valid=true
2026-08-23T16:27:20.533822Z  INFO rockstream_runtime::client: Received FenceAck for ShardId(13224250654272404656): valid=true
2026-08-23T16:27:20.836173Z  INFO rockstream_runtime::client: Received FenceAck for ShardId(13224250654272404656): valid=true
2026-08-23T16:27:20.836514Z  INFO rockstream_runtime::client: Received FenceAck for ShardId(13224250654272404656): valid=true
2026-08-23T16:27:21.144987Z  INFO rockstream_runtime::client: Received FenceAck for ShardId(13224250654272404656): valid=true
2026-08-23T16:27:21.145399Z  INFO rockstream_runtime::client: Received FenceAck for ShardId(13224250654272404656): valid=true
2026-08-23T16:27:21.450319Z  INFO rockstream_runtime::client: Received FenceAck for ShardId(13224250654272404656): valid=true
2026-08-23T16:27:21.450757Z  INFO rockstream_runtime::client: Received FenceAck for ShardId(13224250654272404656): valid=true
2026-08-23T16:27:21.755087Z  INFO rockstream_runtime::client: Received FenceAck for ShardId(13224250654272404656): valid=true
2026-08-23T16:27:21.755811Z  INFO rockstream_runtime::client: Received FenceAck for ShardId(13224250654272404656): valid=true
2026-08-23T16:27:22.058863Z  INFO rockstream_runtime::client: Received FenceAck for ShardId(13224250654272404656): valid=true
2026-08-23T16:27:22.059436Z  INFO rockstream_runtime::client: Received FenceAck for ShardId(13224250654272404656): valid=true
2026-08-23T16:27:22.362909Z  INFO rockstream_runtime::client: Received FenceAck for ShardId(13224250654272404656): valid=true
2026-08-23T16:27:22.363308Z  INFO rockstream_runtime::client: Received FenceAck for ShardId(13224250654272404656): valid=true
2026-08-23T16:27:22.668865Z  INFO rockstream_runtime::client: Received FenceAck for ShardId(13224250654272404656): valid=true
2026-08-23T16:27:22.669283Z  INFO rockstream_runtime::client: Received FenceAck for ShardId(13224250654272404656): valid=true
2026-08-23T16:27:22.971189Z  INFO rockstream_runtime::client: Received FenceAck for ShardId(13224250654272404656): valid=true
2026-08-23T16:27:22.971550Z  INFO rockstream_runtime::client: Received FenceAck for ShardId(13224250654272404656): valid=true
2026-08-23T16:27:23.176762Z  INFO rockstream_runtime::client: Received FenceAck for ShardId(13224250654272404656): valid=true
2026-08-23T16:27:23.177304Z  INFO rockstream_runtime::client: Received FenceAck for ShardId(13224250654272404656): valid=true
2026-08-23T16:27:23.480988Z  INFO rockstream_runtime::client: Received FenceAck for ShardId(13224250654272404656): valid=true
2026-08-23T16:27:23.481755Z  INFO rockstream_runtime::client: Received FenceAck for ShardId(13224250654272404656): valid=true
2026-08-23T16:27:23.784648Z  INFO rockstream_runtime::client: Received FenceAck for ShardId(13224250654272404656): valid=true
2026-08-23T16:27:23.785062Z  INFO rockstream_runtime::client: Received FenceAck for ShardId(13224250654272404656): valid=true
2026-08-23T16:27:24.092211Z  INFO rockstream_runtime::client: Received FenceAck for ShardId(13224250654272404656): valid=true
2026-08-23T16:27:24.092591Z  INFO rockstream_runtime::client: Received FenceAck for ShardId(13224250654272404656): valid=true
2026-08-23T16:27:24.395733Z  INFO rockstream_runtime::client: Received FenceAck for ShardId(13224250654272404656): valid=true
2026-08-23T16:27:24.396485Z  INFO rockstream_runtime::client: Received FenceAck for ShardId(13224250654272404656): valid=true
2026-08-23T16:27:24.702925Z  INFO rockstream_runtime::client: Received FenceAck for ShardId(13224250654272404656): valid=true
2026-08-23T16:27:24.703681Z  INFO rockstream_runtime::client: Received FenceAck for ShardId(13224250654272404656): valid=true
2026-08-23T16:27:25.004955Z  INFO rockstream_runtime::client: Received FenceAck for ShardId(13224250654272404656): valid=true
2026-08-23T16:27:25.005343Z  INFO rockstream_runtime::client: Received FenceAck for ShardId(13224250654272404656): valid=true
2026-08-23T16:27:25.208797Z  INFO rockstream_runtime::client: Received FenceAck for ShardId(13224250654272404656): valid=true
2026-08-23T16:27:25.209171Z  INFO rockstream_runtime::client: Received FenceAck for ShardId(13224250654272404656): valid=true
2026-08-23T16:27:25.517484Z  INFO rockstream_runtime::client: Received FenceAck for ShardId(13224250654272404656): valid=true
2026-08-23T16:27:25.517868Z  INFO rockstream_runtime::client: Received FenceAck for ShardId(13224250654272404656): valid=true
2026-08-23T16:27:25.820038Z  INFO rockstream_runtime::client: Received FenceAck for ShardId(13224250654272404656): valid=true
2026-08-23T16:27:25.820419Z  INFO rockstream_runtime::client: Received FenceAck for ShardId(13224250654272404656): valid=true
2026-08-23T16:27:26.023117Z  INFO rockstream_runtime::client: Received FenceAck for ShardId(13224250654272404656): valid=true
2026-08-23T16:27:26.023447Z  INFO rockstream_runtime::client: Received FenceAck for ShardId(13224250654272404656): valid=true
2026-08-23T16:27:26.226569Z  INFO rockstream_runtime::client: Received FenceAck for ShardId(13224250654272404656): valid=true
2026-08-23T16:27:26.226974Z  INFO rockstream_runtime::client: Received FenceAck for ShardId(13224250654272404656): valid=true
2026-08-23T16:27:26.433910Z  INFO rockstream_runtime::client: Received FenceAck for ShardId(13224250654272404656): valid=true
2026-08-23T16:27:26.434257Z  INFO rockstream_runtime::client: Received FenceAck for ShardId(13224250654272404656): valid=true
2026-08-23T16:27:26.740321Z  INFO rockstream_runtime::client: Received FenceAck for ShardId(13224250654272404656): valid=true
2026-08-23T16:27:26.741137Z  INFO rockstream_runtime::client: Received FenceAck for ShardId(13224250654272404656): valid=true
2026-08-23T16:27:27.046427Z  INFO rockstream_runtime::client: Received FenceAck for ShardId(13224250654272404656): valid=true
2026-08-23T16:27:27.046838Z  INFO rockstream_runtime::client: Received FenceAck for ShardId(13224250654272404656): valid=true
2026-08-23T16:27:27.353625Z  INFO rockstream_runtime::client: Received FenceAck for ShardId(13224250654272404656): valid=true
2026-08-23T16:27:27.354023Z  INFO rockstream_runtime::client: Received FenceAck for ShardId(13224250654272404656): valid=true
2026-08-23T16:27:27.658549Z  INFO rockstream_runtime::client: Received FenceAck for ShardId(13224250654272404656): valid=true
2026-08-23T16:27:27.659336Z  INFO rockstream_runtime::client: Received FenceAck for ShardId(13224250654272404656): valid=true
2026-08-23T16:27:27.960281Z  INFO rockstream_runtime::client: Received FenceAck for ShardId(13224250654272404656): valid=true
2026-08-23T16:27:27.960665Z  INFO rockstream_runtime::client: Received FenceAck for ShardId(13224250654272404656): valid=true
2026-08-23T16:27:28.267760Z  INFO rockstream_runtime::client: Received FenceAck for ShardId(13224250654272404656): valid=true
2026-08-23T16:27:28.268136Z  INFO rockstream_runtime::client: Received FenceAck for ShardId(13224250654272404656): valid=true
2026-08-23T16:27:28.577123Z  INFO rockstream_runtime::client: Received FenceAck for ShardId(13224250654272404656): valid=true
2026-08-23T16:27:28.577493Z  INFO rockstream_runtime::client: Received FenceAck for ShardId(13224250654272404656): valid=true
2026-08-23T16:27:28.877358Z  INFO rockstream_runtime::client: Received FenceAck for ShardId(13224250654272404656): valid=true
2026-08-23T16:27:28.877737Z  INFO rockstream_runtime::client: Received FenceAck for ShardId(13224250654272404656): valid=true
2026-08-23T16:27:29.081190Z  INFO rockstream_runtime::client: Received FenceAck for ShardId(13224250654272404656): valid=true
2026-08-23T16:27:29.081527Z  INFO rockstream_runtime::client: Received FenceAck for ShardId(13224250654272404656): valid=true
2026-08-23T16:27:29.385891Z  INFO rockstream_runtime::client: Received FenceAck for ShardId(13224250654272404656): valid=true
2026-08-23T16:27:29.386291Z  INFO rockstream_runtime::client: Received FenceAck for ShardId(13224250654272404656): valid=true
2026-08-23T16:27:29.691618Z  INFO rockstream_runtime::client: Received FenceAck for ShardId(13224250654272404656): valid=true
2026-08-23T16:27:29.692013Z  INFO rockstream_runtime::client: Received FenceAck for ShardId(13224250654272404656): valid=true
2026-08-23T16:27:29.997924Z  INFO rockstream_runtime::client: Received FenceAck for ShardId(13224250654272404656): valid=true
2026-08-23T16:27:29.999330Z  INFO rockstream_runtime::client: Received FenceAck for ShardId(13224250654272404656): valid=true
2026-08-23T16:27:30.304337Z  INFO rockstream_runtime::client: Received FenceAck for ShardId(13224250654272404656): valid=true
2026-08-23T16:27:30.304797Z  INFO rockstream_runtime::client: Received FenceAck for ShardId(13224250654272404656): valid=true
2026-08-23T16:27:30.610810Z  INFO rockstream_runtime::client: Received FenceAck for ShardId(13224250654272404656): valid=true
2026-08-23T16:27:30.611540Z  INFO rockstream_runtime::client: Received FenceAck for ShardId(13224250654272404656): valid=true
2026-08-23T16:27:30.914323Z  INFO rockstream_runtime::client: Received FenceAck for ShardId(13224250654272404656): valid=true
2026-08-23T16:27:30.914676Z  INFO rockstream_runtime::client: Received FenceAck for ShardId(13224250654272404656): valid=true
2026-08-23T16:27:31.218288Z  INFO rockstream_runtime::client: Received FenceAck for ShardId(13224250654272404656): valid=true
2026-08-23T16:27:31.218704Z  INFO rockstream_runtime::client: Received FenceAck for ShardId(13224250654272404656): valid=true
2026-08-23T16:27:31.524386Z  INFO rockstream_runtime::client: Received FenceAck for ShardId(13224250654272404656): valid=true
2026-08-23T16:27:31.524786Z  INFO rockstream_runtime::client: Received FenceAck for ShardId(13224250654272404656): valid=true
2026-08-23T16:27:31.829539Z  INFO rockstream_runtime::client: Received FenceAck for ShardId(13224250654272404656): valid=true
2026-08-23T16:27:31.829968Z  INFO rockstream_runtime::client: Received FenceAck for ShardId(13224250654272404656): valid=true
2026-08-23T16:27:32.136819Z  INFO rockstream_runtime::client: Received FenceAck for ShardId(13224250654272404656): valid=true
2026-08-23T16:27:32.137576Z  INFO rockstream_runtime::client: Received FenceAck for ShardId(13224250654272404656): valid=true
2026-08-23T16:27:32.440885Z  INFO rockstream_runtime::client: Received FenceAck for ShardId(13224250654272404656): valid=true
2026-08-23T16:27:32.441320Z  INFO rockstream_runtime::client: Received FenceAck for ShardId(13224250654272404656): valid=true
2026-08-23T16:27:32.745643Z  INFO rockstream_runtime::client: Received FenceAck for ShardId(13224250654272404656): valid=true
2026-08-23T16:27:32.745994Z  INFO rockstream_runtime::client: Received FenceAck for ShardId(13224250654272404656): valid=true
2026-08-23T16:27:33.050998Z  INFO rockstream_runtime::client: Received FenceAck for ShardId(13224250654272404656): valid=true
2026-08-23T16:27:33.051343Z  INFO rockstream_runtime::client: Received FenceAck for ShardId(13224250654272404656): valid=true
2026-08-23T16:27:33.360012Z  INFO rockstream_runtime::client: Received FenceAck for ShardId(13224250654272404656): valid=true
2026-08-23T16:27:33.360366Z  INFO rockstream_runtime::client: Received FenceAck for ShardId(13224250654272404656): valid=true
2026-08-23T16:27:33.663954Z  INFO rockstream_runtime::client: Received FenceAck for ShardId(13224250654272404656): valid=true
2026-08-23T16:27:33.664363Z  INFO rockstream_runtime::client: Received FenceAck for ShardId(13224250654272404656): valid=true
2026-08-23T16:27:33.968222Z  INFO rockstream_runtime::client: Received FenceAck for ShardId(13224250654272404656): valid=true
2026-08-23T16:27:33.968563Z  INFO rockstream_runtime::client: Received FenceAck for ShardId(13224250654272404656): valid=true
2026-08-23T16:27:34.277504Z  INFO rockstream_runtime::client: Received FenceAck for ShardId(13224250654272404656): valid=true
2026-08-23T16:27:34.277902Z  INFO rockstream_runtime::client: Received FenceAck for ShardId(13224250654272404656): valid=true
2026-08-23T16:27:34.479035Z  INFO rockstream_runtime::client: Received FenceAck for ShardId(13224250654272404656): valid=true
2026-08-23T16:27:34.479357Z  INFO rockstream_runtime::client: Received FenceAck for ShardId(13224250654272404656): valid=true
2026-08-23T16:27:34.682739Z  INFO rockstream_runtime::client: Received FenceAck for ShardId(13224250654272404656): valid=true
2026-08-23T16:27:34.683131Z  INFO rockstream_runtime::client: Received FenceAck for ShardId(13224250654272404656): valid=true
2026-08-23T16:27:34.886533Z  INFO rockstream_runtime::client: Received FenceAck for ShardId(13224250654272404656): valid=true
2026-08-23T16:27:34.886924Z  INFO rockstream_runtime::client: Received FenceAck for ShardId(13224250654272404656): valid=true
2026-08-23T16:27:35.089880Z  INFO rockstream_runtime::client: Received FenceAck for ShardId(13224250654272404656): valid=true
2026-08-23T16:27:35.090234Z  INFO rockstream_runtime::client: Received FenceAck for ShardId(13224250654272404656): valid=true
2026-08-23T16:27:35.293275Z  INFO rockstream_runtime::client: Received FenceAck for ShardId(13224250654272404656): valid=true
2026-08-23T16:27:35.293651Z  INFO rockstream_runtime::client: Received FenceAck for ShardId(13224250654272404656): valid=true
2026-08-23T16:27:35.495917Z  INFO rockstream_runtime::client: Received FenceAck for ShardId(13224250654272404656): valid=true
2026-08-23T16:27:35.496255Z  INFO rockstream_runtime::client: Received FenceAck for ShardId(13224250654272404656): valid=true
2026-08-23T16:27:35.804936Z  INFO rockstream_runtime::client: Received FenceAck for ShardId(13224250654272404656): valid=true
2026-08-23T16:27:35.806616Z  INFO rockstream_runtime::client: Received FenceAck for ShardId(13224250654272404656): valid=true
2026-08-23T16:27:36.106806Z  INFO rockstream_runtime::client: Received FenceAck for ShardId(13224250654272404656): valid=true
2026-08-23T16:27:36.107708Z  INFO rockstream_runtime::client: Received FenceAck for ShardId(13224250654272404656): valid=true
2026-08-23T16:27:36.413672Z  INFO rockstream_runtime::client: Received FenceAck for ShardId(13224250654272404656): valid=true
2026-08-23T16:27:36.414383Z  INFO rockstream_runtime::client: Received FenceAck for ShardId(13224250654272404656): valid=true
2026-08-23T16:27:36.716819Z  INFO rockstream_runtime::client: Received FenceAck for ShardId(13224250654272404656): valid=true
2026-08-23T16:27:36.717187Z  INFO rockstream_runtime::client: Received FenceAck for ShardId(13224250654272404656): valid=true
2026-08-23T16:27:37.022159Z  INFO rockstream_runtime::client: Received FenceAck for ShardId(13224250654272404656): valid=true
2026-08-23T16:27:37.022556Z  INFO rockstream_runtime::client: Received FenceAck for ShardId(13224250654272404656): valid=true
2026-08-23T16:27:37.327590Z  INFO rockstream_runtime::client: Received FenceAck for ShardId(13224250654272404656): valid=true
2026-08-23T16:27:37.327970Z  INFO rockstream_runtime::client: Received FenceAck for ShardId(13224250654272404656): valid=true
2026-08-23T16:27:37.637610Z  INFO rockstream_runtime::client: Received FenceAck for ShardId(13224250654272404656): valid=true
2026-08-23T16:27:37.638780Z  INFO rockstream_runtime::client: Received FenceAck for ShardId(13224250654272404656): valid=true
2026-08-23T16:27:37.936823Z  INFO rockstream_runtime::client: Received FenceAck for ShardId(13224250654272404656): valid=true
2026-08-23T16:27:37.937203Z  INFO rockstream_runtime::client: Received FenceAck for ShardId(13224250654272404656): valid=true
2026-08-23T16:27:38.246705Z  INFO rockstream_runtime::client: Received FenceAck for ShardId(13224250654272404656): valid=true
2026-08-23T16:27:38.247546Z  INFO rockstream_runtime::client: Received FenceAck for ShardId(13224250654272404656): valid=true
2026-08-23T16:27:38.550956Z  INFO rockstream_runtime::client: Received FenceAck for ShardId(13224250654272404656): valid=true
2026-08-23T16:27:38.552317Z  INFO rockstream_runtime::client: Received FenceAck for ShardId(13224250654272404656): valid=true
2026-08-23T16:27:38.852601Z  INFO rockstream_runtime::client: Received FenceAck for ShardId(13224250654272404656): valid=true
2026-08-23T16:27:38.852946Z  INFO rockstream_runtime::client: Received FenceAck for ShardId(13224250654272404656): valid=true
2026-08-23T16:27:39.158704Z  INFO rockstream_runtime::client: Received FenceAck for ShardId(13224250654272404656): valid=true
2026-08-23T16:27:39.159125Z  INFO rockstream_runtime::client: Received FenceAck for ShardId(13224250654272404656): valid=true
2026-08-23T16:27:39.470229Z  INFO rockstream_runtime::client: Received FenceAck for ShardId(13224250654272404656): valid=true
2026-08-23T16:27:39.471277Z  INFO rockstream_runtime::client: Received FenceAck for ShardId(13224250654272404656): valid=true
2026-08-23T16:27:39.777453Z  INFO rockstream_runtime::client: Received FenceAck for ShardId(13224250654272404656): valid=true
2026-08-23T16:27:39.778091Z  INFO rockstream_runtime::client: Received FenceAck for ShardId(13224250654272404656): valid=true
2026-08-23T16:27:40.078716Z  INFO rockstream_runtime::client: Received FenceAck for ShardId(13224250654272404656): valid=true
2026-08-23T16:27:40.079481Z  INFO rockstream_runtime::client: Received FenceAck for ShardId(13224250654272404656): valid=true
2026-08-23T16:27:40.389257Z  INFO rockstream_runtime::client: Received FenceAck for ShardId(13224250654272404656): valid=true
2026-08-23T16:27:40.390854Z  INFO rockstream_runtime::client: Received FenceAck for ShardId(13224250654272404656): valid=true
2026-08-23T16:27:40.693894Z  INFO rockstream_runtime::client: Received FenceAck for ShardId(13224250654272404656): valid=true
2026-08-23T16:27:40.695254Z  INFO rockstream_runtime::client: Received FenceAck for ShardId(13224250654272404656): valid=true
2026-08-23T16:27:40.997216Z  INFO rockstream_runtime::client: Received FenceAck for ShardId(13224250654272404656): valid=true
2026-08-23T16:27:40.997899Z  INFO rockstream_runtime::client: Received FenceAck for ShardId(13224250654272404656): valid=true
2026-08-23T16:27:41.302102Z  INFO rockstream_runtime::client: Received FenceAck for ShardId(13224250654272404656): valid=true
2026-08-23T16:27:41.303068Z  INFO rockstream_runtime::client: Received FenceAck for ShardId(13224250654272404656): valid=true
2026-08-23T16:27:41.605305Z  INFO rockstream_runtime::client: Received FenceAck for ShardId(13224250654272404656): valid=true
2026-08-23T16:27:41.606133Z  INFO rockstream_runtime::client: Received FenceAck for ShardId(13224250654272404656): valid=true
2026-08-23T16:27:41.914018Z  INFO rockstream_runtime::client: Received FenceAck for ShardId(13224250654272404656): valid=true
2026-08-23T16:27:41.914524Z  INFO rockstream_runtime::client: Received FenceAck for ShardId(13224250654272404656): valid=true
2026-08-23T16:27:42.228887Z  INFO rockstream_runtime::client: Received FenceAck for ShardId(13224250654272404656): valid=true
2026-08-23T16:27:42.229688Z  INFO rockstream_runtime::client: Received FenceAck for ShardId(13224250654272404656): valid=true
2026-08-23T16:27:42.526390Z  INFO rockstream_runtime::client: Received FenceAck for ShardId(13224250654272404656): valid=true
2026-08-23T16:27:42.527039Z  INFO rockstream_runtime::client: Received FenceAck for ShardId(13224250654272404656): valid=true
2026-08-23T16:27:42.831528Z  INFO rockstream_runtime::client: Received FenceAck for ShardId(13224250654272404656): valid=true
2026-08-23T16:27:42.831920Z  INFO rockstream_runtime::client: Received FenceAck for ShardId(13224250654272404656): valid=true
2026-08-23T16:27:43.137322Z  INFO rockstream_runtime::client: Received FenceAck for ShardId(13224250654272404656): valid=true
2026-08-23T16:27:43.137979Z  INFO rockstream_runtime::client: Received FenceAck for ShardId(13224250654272404656): valid=true
2026-08-23T16:27:43.445847Z  INFO rockstream_runtime::client: Received FenceAck for ShardId(13224250654272404656): valid=true
2026-08-23T16:27:43.447071Z  INFO rockstream_runtime::client: Received FenceAck for ShardId(13224250654272404656): valid=true
2026-08-23T16:27:43.752023Z  INFO rockstream_runtime::client: Received FenceAck for ShardId(13224250654272404656): valid=true
2026-08-23T16:27:43.753770Z  INFO rockstream_runtime::client: Received FenceAck for ShardId(13224250654272404656): valid=true
2026-08-23T16:27:44.055178Z  INFO rockstream_runtime::client: Received FenceAck for ShardId(13224250654272404656): valid=true
2026-08-23T16:27:44.056339Z  INFO rockstream_runtime::client: Received FenceAck for ShardId(13224250654272404656): valid=true
2026-08-23T16:27:44.362581Z  INFO rockstream_runtime::client: Received FenceAck for ShardId(13224250654272404656): valid=true
2026-08-23T16:27:44.364232Z  INFO rockstream_runtime::client: Received FenceAck for ShardId(13224250654272404656): valid=true
2026-08-23T16:27:44.670080Z  INFO rockstream_runtime::client: Received FenceAck for ShardId(13224250654272404656): valid=true
2026-08-23T16:27:44.672743Z  INFO rockstream_runtime::client: Received FenceAck for ShardId(13224250654272404656): valid=true
2026-08-23T16:27:44.969373Z  INFO rockstream_runtime::client: Received FenceAck for ShardId(13224250654272404656): valid=true
2026-08-23T16:27:44.969769Z  INFO rockstream_runtime::client: Received FenceAck for ShardId(13224250654272404656): valid=true
2026-08-23T16:27:45.275691Z  INFO rockstream_runtime::client: Received FenceAck for ShardId(13224250654272404656): valid=true
2026-08-23T16:27:45.276346Z  INFO rockstream_runtime::client: Received FenceAck for ShardId(13224250654272404656): valid=true
2026-08-23T16:27:45.582701Z  INFO rockstream_runtime::client: Received FenceAck for ShardId(13224250654272404656): valid=true
2026-08-23T16:27:45.583896Z  INFO rockstream_runtime::client: Received FenceAck for ShardId(13224250654272404656): valid=true
2026-08-23T16:27:45.886087Z  INFO rockstream_runtime::client: Received FenceAck for ShardId(13224250654272404656): valid=true
2026-08-23T16:27:45.886491Z  INFO rockstream_runtime::client: Received FenceAck for ShardId(13224250654272404656): valid=true
2026-08-23T16:27:46.195664Z  INFO rockstream_runtime::client: Received FenceAck for ShardId(13224250654272404656): valid=true
2026-08-23T16:27:46.196393Z  INFO rockstream_runtime::client: Received FenceAck for ShardId(13224250654272404656): valid=true
2026-08-23T16:28:16.554914Z  INFO rockstream_runtime::client: Received FenceAck for ShardId(13224250654272404656): valid=true
2026-08-23T16:28:16.555820Z  INFO rockstream_runtime::client: Received FenceAck for ShardId(13224250654272404656): valid=true
2026-08-23T16:28:16.758085Z  INFO rockstream_runtime::client: Received FenceAck for ShardId(13224250654272404656): valid=true
2026-08-23T16:28:16.758471Z  INFO rockstream_runtime::client: Received FenceAck for ShardId(13224250654272404656): valid=true
2026-08-23T16:28:16.960730Z  INFO rockstream_runtime::client: Received FenceAck for ShardId(13224250654272404656): valid=true
2026-08-23T16:28:16.961134Z  INFO rockstream_runtime::client: Received FenceAck for ShardId(13224250654272404656): valid=true
2026-08-23T16:28:17.164885Z  INFO rockstream_runtime::client: Received FenceAck for ShardId(13224250654272404656): valid=true
2026-08-23T16:28:17.165450Z  INFO rockstream_runtime::client: Received FenceAck for ShardId(13224250654272404656): valid=true
2026-08-23T16:28:17.366929Z  INFO rockstream_runtime::client: Received FenceAck for ShardId(13224250654272404656): valid=true
2026-08-23T16:28:17.367293Z  INFO rockstream_runtime::client: Received FenceAck for ShardId(13224250654272404656): valid=true
2026-08-23T16:28:17.651304Z  INFO rockstream_runtime::client: Received FenceAck for ShardId(13224250654272404656): valid=true
2026-08-23T16:28:17.651665Z  INFO rockstream_runtime::client: Received FenceAck for ShardId(13224250654272404656): valid=true
2026-08-23T16:28:17.875834Z  INFO rockstream_runtime::client: Received FenceAck for ShardId(13224250654272404656): valid=true
2026-08-23T16:28:17.876833Z  INFO rockstream_runtime::client: Received FenceAck for ShardId(13224250654272404656): valid=true
2026-08-23T16:28:18.080410Z  INFO rockstream_runtime::client: Received FenceAck for ShardId(13224250654272404656): valid=true
2026-08-23T16:28:18.080770Z  INFO rockstream_runtime::client: Received FenceAck for ShardId(13224250654272404656): valid=true
2026-08-23T16:28:18.282013Z  INFO rockstream_runtime::client: Received FenceAck for ShardId(13224250654272404656): valid=true
2026-08-23T16:28:18.282591Z  INFO rockstream_runtime::client: Received FenceAck for ShardId(13224250654272404656): valid=true
2026-08-23T16:28:18.485971Z  INFO rockstream_runtime::client: Received FenceAck for ShardId(13224250654272404656): valid=true
2026-08-23T16:28:18.486357Z  INFO rockstream_runtime::client: Received FenceAck for ShardId(13224250654272404656): valid=true
2026-08-23T16:28:18.691147Z  INFO rockstream_runtime::client: Received FenceAck for ShardId(13224250654272404656): valid=true
2026-08-23T16:28:18.691947Z  INFO rockstream_runtime::client: Received FenceAck for ShardId(13224250654272404656): valid=true
2026-08-23T16:28:18.892239Z  INFO rockstream_runtime::client: Received FenceAck for ShardId(13224250654272404656): valid=true
2026-08-23T16:28:18.894029Z  INFO rockstream_runtime::client: Received FenceAck for ShardId(13224250654272404656): valid=true
2026-08-23T16:28:19.095250Z  INFO rockstream_runtime::client: Received FenceAck for ShardId(13224250654272404656): valid=true
2026-08-23T16:28:19.095586Z  INFO rockstream_runtime::client: Received FenceAck for ShardId(13224250654272404656): valid=true
2026-08-23T16:28:19.299099Z  INFO rockstream_runtime::client: Received FenceAck for ShardId(13224250654272404656): valid=true
2026-08-23T16:28:19.299472Z  INFO rockstream_runtime::client: Received FenceAck for ShardId(13224250654272404656): valid=true
2026-08-23T16:28:19.501131Z  INFO rockstream_runtime::client: Received FenceAck for ShardId(13224250654272404656): valid=true
2026-08-23T16:28:19.501893Z  INFO rockstream_runtime::client: Received FenceAck for ShardId(13224250654272404656): valid=true
2026-08-23T16:28:19.718358Z  INFO rockstream_runtime::client: Received FenceAck for ShardId(13224250654272404656): valid=true
2026-08-23T16:28:19.719464Z  INFO rockstream_runtime::client: Received FenceAck for ShardId(13224250654272404656): valid=true
2026-08-23T16:28:20.011367Z  INFO rockstream_runtime::client: Received FenceAck for ShardId(13224250654272404656): valid=true
2026-08-23T16:28:20.011805Z  INFO rockstream_runtime::client: Received FenceAck for ShardId(13224250654272404656): valid=true
2026-08-23T16:28:20.323463Z  INFO rockstream_runtime::client: Received FenceAck for ShardId(13224250654272404656): valid=true
2026-08-23T16:28:20.338012Z  INFO rockstream_runtime::client: Received FenceAck for ShardId(13224250654272404656): valid=true
2026-08-23T16:28:20.526155Z  INFO rockstream_runtime::client: Received FenceAck for ShardId(13224250654272404656): valid=true
2026-08-23T16:28:20.526516Z  INFO rockstream_runtime::client: Received FenceAck for ShardId(13224250654272404656): valid=true
2026-08-23T16:28:20.728600Z  INFO rockstream_runtime::client: Received FenceAck for ShardId(13224250654272404656): valid=true
2026-08-23T16:28:20.728824Z  INFO rockstream_runtime::client: Received FenceAck for ShardId(13224250654272404656): valid=true
2026-08-23T16:29:19.931448Z  INFO rockstream_cli: shutdown signal received — stopping daemon
2026-08-23T16:29:19.999469Z  INFO rockstream: rockstream: node stopped cleanly audit=/var/folders/vq/593qxcm57l90w1dlpywl_7nw0000gn/T/rockstream-r1-local-J9htDK/worker-1/audit.jsonl bundle=/var/folders/vq/593qxcm57l90w1dlpywl_7nw0000gn/T/rockstream-r1-local-J9htDK/worker-1/support-bundle-1787502559932.json events=5
